uid,kind,status,source_url,fact_checked,verified_at,checked_by,changes,fragment,in_deck
aws-s3-sse-kms-audit-revoke-mcq-36,mcq,new,https://docs.aws.amazon.com/AmazonS3/latest/userguide/UsingKMSEncryption.html,SSE-KMS: customer managed key lets you create/rotate/disable and define access controls; CloudTrail logs GenerateDataKey and Decrypt for SSE-KMS; default encryption context is the object ARN (bucket ARN when Bucket Keys on); S3 Bucket Keys reduce KMS request cost by up to 99 percent; objects under the aws/s3 AWS managed key cannot be shared cross-account; SSE-S3 is the default for new objects since 2023-01-05,2026-09-21,check-B1,"verified, no change",B1.md,yes
aws-s3-sse-kms-audit-revoke-mcq-36,mcq,new,https://docs.aws.amazon.com/kms/latest/developerguide/concepts.html,"AWS managed keys (alias aws/<service>): you can view key policy and audit use in CloudTrail but cannot change properties, rotate, change key policy or schedule deletion; cannot be used cross-account; customer managed keys: full control of key policy, enable/disable, rotation, deletion, CloudTrail audit",2026-09-21,check-B1,"verified, no change",B1.md,yes
aws-s3-sse-kms-audit-revoke-mcq-36,mcq,new,https://docs.aws.amazon.com/AmazonS3/latest/userguide/ServerSideEncryptionCustomerKeys.html,"SSE-C: S3 never stores the key, you must supply it on every download, key rotation is client-side, AWS managed services cannot decrypt SSE-C objects, HTTPS required; SSE-C disabled by default for new general purpose buckets starting April 2026 (PutBucketEncryption BlockedEncryptionTypes=NONE to enable)",2026-09-21,check-B1,"verified, no change",B1.md,yes
aws-s3-sse-kms-audit-revoke-mcq-36,mcq,new,https://docs.aws.amazon.com/AmazonS3/latest/userguide/bucket-key.html,"With Bucket Keys: KMS CloudTrail events log bucket ARN instead of object ARN, fewer KMS events, subsequent requests using the bucket-level key do not call KMS or validate against the key policy; bucket-level key fetched at least once per requester; up to 99 percent KMS request cost reduction",2026-09-21,check-B1,"verified, no change",B1.md,yes
aws-s3-sse-kms-audit-revoke-mcq-36,mcq,new,https://docs.aws.amazon.com/AmazonS3/latest/userguide/UsingServerSideEncryption.html,SSE-S3: S3 encrypts each object with a unique key and encrypts that key with a key S3 rotates regularly (AES-256 GCM); default for all new uploads since 2023-01-05; no additional charge; no KMS key policy or KMS CloudTrail event involved (supports the SSE-S3 WHY),2026-09-21,check-B1,row added by check-B1 (source for the SSE-S3 distractor WHY),B1.md,yes
aws-45-minute-job-not-lambda-mcq-15,mcq,new,https://docs.aws.amazon.com/lambda/latest/dg/configuration-timeout.html,"Lambda timeout default 3 s, adjustable in 1 s increments up to 900 seconds (15 minutes); Lambda Managed Instances allow 5,400 seconds (90 minutes) for asynchronous and event source mapping invocations",2026-09-21,check-B1,"A: 'Lambda is the trap: its hard limit is 900 seconds' -> 'A standard Lambda function is the trap: ...' (Managed Instances allow 5,400 s for async/ESM, so the blanket claim was overstated)",B1.md,yes
aws-45-minute-job-not-lambda-mcq-15,mcq,new,https://docs.aws.amazon.com/AmazonECS/latest/developerguide/scheduled_tasks.html,"EventBridge Scheduler schedules ECS tasks via the RunTask target with rate, cron (any time zone) or one-time schedules; Fargate launch type selectable; retry up to 185 times, 24 h max retention, optional SQS DLQ",2026-09-21,check-B1,"A: 'Lambda is the trap: its hard limit is 900 seconds' -> 'A standard Lambda function is the trap: ...' (Managed Instances allow 5,400 s for async/ESM, so the blanket claim was overstated)",B1.md,yes
aws-45-minute-job-not-lambda-mcq-15,mcq,new,https://docs.aws.amazon.com/AmazonECS/latest/developerguide/AWS_Fargate.html,"Fargate runs containers without provisioning, configuring or scaling clusters of EC2 instances; new tasks always start on the latest patched platform version revision",2026-09-21,check-B1,"A: 'Lambda is the trap: its hard limit is 900 seconds' -> 'A standard Lambda function is the trap: ...' (Managed Instances allow 5,400 s for async/ESM, so the blanket claim was overstated)",B1.md,yes
aws-45-minute-job-not-lambda-mcq-15,mcq,new,https://aws.amazon.com/fargate/pricing/,"Fargate billed per second with a 1-minute minimum (5-minute minimum for Windows), from image download start until the task terminates; us-east-1 Linux/x86 about $0.0404 per vCPU-hour and $0.00444 per GB-hour",2026-09-21,check-B1,"ledger fact corrected: $0.0044 -> $0.00444 per GB-hour (card text unaffected). A: 'Lambda is the trap: its hard limit is 900 seconds' -> 'A standard Lambda function is the trap: ...' (Managed Instances allow 5,400 s for async/ESM, so the blanket claim was overstated)",B1.md,yes
aws-45-minute-job-not-lambda-mcq-15,mcq,new,https://docs.aws.amazon.com/batch/latest/userguide/fargate.html,"AWS Batch supports Fargate compute environments (ECS orchestrator only): no EC2 instances to provision, configure or scale",2026-09-21,check-B1,"A: 'Lambda is the trap: its hard limit is 900 seconds' -> 'A standard Lambda function is the trap: ...' (Managed Instances allow 5,400 s for async/ESM, so the blanket claim was overstated)",B1.md,yes
aws-45-minute-job-not-lambda-mcq-15,mcq,new,https://docs.aws.amazon.com/lambda/latest/dg/lambda-managed-instances.html,"Lambda Managed Instances run on EC2 managed instances in your account, billable, EC2-based pricing plus a 15 percent management fee, scale to a configured minimum rather than to zero (supports 'runs on EC2 capacity you pay for' in the Lambda WHY)",2026-09-21,check-B1,row added by check-B1 (source for the Managed Instances clause),B1.md,yes
aws-single-az-three-tier-to-ha-mcq-04,mcq,new,https://docs.aws.amazon.com/elasticloadbalancing/latest/application/application-load-balancers.html,"ALB: you must select at least two Availability Zone subnets, each from a different AZ; ELB creates a load balancer node in each enabled zone; targets in a zone that is not enabled receive no traffic; cross-zone load balancing on by default",2026-09-21,check-B1,WHY (second Region): removed unsourced 'roughly doubles the bill'; now 'paying for a second copy of every tier',B1.md,yes
aws-single-az-three-tier-to-ha-mcq-04,mcq,new,https://docs.aws.amazon.com/autoscaling/ec2/userguide/as-add-availability-zone.html,"When one AZ becomes unhealthy or unavailable, EC2 Auto Scaling launches new instances in an unaffected AZ and rebalances when it recovers; add an AZ by adding its subnet to the group and enabling the zone on the load balancer; ALB requires at least two enabled AZs",2026-09-21,check-B1,WHY (second Region): removed unsourced 'roughly doubles the bill'; now 'paying for a second copy of every tier',B1.md,yes
aws-single-az-three-tier-to-ha-mcq-04,mcq,new,https://docs.aws.amazon.com/AmazonRDS/latest/UserGuide/Concepts.MultiAZSingleStandby.html,Multi-AZ DB instance: synchronous standby replica in a different AZ; standby cannot serve read traffic; existing instance converted by modifying it (ModifyDBInstance) and choosing Multi-AZ,2026-09-21,check-B1,WHY (second Region): removed unsourced 'roughly doubles the bill'; now 'paying for a second copy of every tier',B1.md,yes
aws-single-az-three-tier-to-ha-mcq-04,mcq,new,https://docs.aws.amazon.com/AmazonRDS/latest/UserGuide/Concepts.MultiAZ.Failover.html,RDS automatically switches to the standby on infrastructure failure without administrative intervention; failover typically 60-120 seconds; the DNS record of the DB instance is changed automatically to point to the standby,2026-09-21,check-B1,WHY (second Region): removed unsourced 'roughly doubles the bill'; now 'paying for a second copy of every tier',B1.md,yes
aws-single-az-three-tier-to-ha-mcq-04,mcq,new,https://docs.aws.amazon.com/AmazonRDS/latest/UserGuide/USER_ReadRepl.html,"Read replicas replicate asynchronously and are for read scaling; you must create them manually; DR use is via promotion to a standalone instance (a manual step), not automatic failover",2026-09-21,check-B1,WHY (second Region): removed unsourced 'roughly doubles the bill'; now 'paying for a second copy of every tier',B1.md,yes
aws-rds-cross-region-read-replica-dr,mcq,partial,https://docs.aws.amazon.com/AmazonRDS/latest/UserGuide/USER_ReadRepl.XRgn.html,"Cross-Region read replicas supported for Db2, MariaDB, SQL Server, MySQL, Oracle and PostgreSQL; stated use cases include scaling reads into a Region closer to users and DR; higher replication lag than same-Region replicas; data transferred out of the source Region is charged (initial snapshot and every modification); for PostgreSQL a replica is not auto-promoted when the source is deleted",2026-09-21,check-B1,"verified, no change",B1.md,yes
aws-rds-cross-region-read-replica-dr,mcq,partial,https://docs.aws.amazon.com/AmazonRDS/latest/UserGuide/USER_ReadRepl.html,"Updates are copied asynchronously to read replicas; read replica in a Multi-AZ deployment: standby replication is synchronous and the standby cannot serve reads, unlike a read replica",2026-09-21,check-B1,"verified, no change",B1.md,yes
aws-rds-cross-region-read-replica-dr,mcq,partial,https://docs.aws.amazon.com/AmazonRDS/latest/UserGuide/USER_ReadRepl.Promote.html,"Promotion stops replication and reboots the read replica; it becomes a standalone DB instance that can no longer be a replication target; DR pattern = promote, redirect traffic, create a replacement replica",2026-09-21,check-B1,"verified, no change",B1.md,yes
aws-rds-cross-region-read-replica-dr,mcq,partial,https://docs.aws.amazon.com/AmazonRDS/latest/UserGuide/Concepts.MultiAZSingleStandby.html,"Multi-AZ DB instance standby is synchronous, in a different AZ of the same Region, and cannot serve read traffic",2026-09-21,check-B1,"verified, no change",B1.md,yes
aws-rds-cross-region-read-replica-dr,mcq,partial,https://docs.aws.amazon.com/AmazonRDS/latest/AuroraUserGuide/aurora-global-database.html,"Aurora Global Database: one primary plus up to 10 secondary Regions, replication latency typically under a second; available only for specific Aurora MySQL and Aurora PostgreSQL versions (Aurora feature, not RDS for PostgreSQL)",2026-09-21,check-B1,"verified, no change",B1.md,yes
aws-d4-compute-service-choice-mcq-13,mcq,new,https://aws.amazon.com/lambda/pricing/,"$0.20 per 1 million requests; x86 $0.0000166667 per GB-second; duration rounded up to the nearest 1 ms; free tier 1 million requests and 400,000 GB-seconds per month; charged only for what you use. Card arithmetic: 2,000 runs x 3 s x 1 GB x 30 days = 180,000 GB-s and 60,000 requests per month",2026-09-21,check-B1,WHY (t3.small): 'billed every hour of the day' -> 'billed for all 24 hours' (On-Demand Linux is per-second billed); '100 minutes of work in 24 hours' -> 'a day',B1.md,yes
aws-d4-compute-service-choice-mcq-13,mcq,new,https://aws.amazon.com/fargate/pricing/,"Fargate billed per second with a 1-minute minimum from image download until task termination, i.e. a continuously running service task is billed for its whole lifetime",2026-09-21,check-B1,WHY (t3.small): 'billed every hour of the day' -> 'billed for all 24 hours' (On-Demand Linux is per-second billed); '100 minutes of work in 24 hours' -> 'a day',B1.md,yes
aws-d4-compute-service-choice-mcq-13,mcq,new,https://docs.aws.amazon.com/AWSEC2/latest/UserGuide/using-spot-instances.html,"Spot uses spare capacity below the On-Demand price; EC2 gives a two-minute interruption notice before reclaiming; suited to flexible, interruptible workloads; you pay the Spot price while the instance runs",2026-09-21,check-B1,WHY (t3.small): 'billed every hour of the day' -> 'billed for all 24 hours' (On-Demand Linux is per-second billed); '100 minutes of work in 24 hours' -> 'a day',B1.md,yes
aws-d4-compute-service-choice-mcq-13,mcq,new,https://docs.aws.amazon.com/lambda/latest/dg/configuration-timeout.html,"Lambda maximum timeout 900 seconds (15 minutes), used for the when-not-Lambda boundary in the explanation",2026-09-21,check-B1,WHY (t3.small): 'billed every hour of the day' -> 'billed for all 24 hours' (On-Demand Linux is per-second billed); '100 minutes of work in 24 hours' -> 'a day',B1.md,yes
aws-abac-tag-based-access-mcq-05,mcq,new,https://docs.aws.amazon.com/IAM/latest/UserGuide/introduction_attribute-based-access-control.html; https://docs.aws.amazon.com/IAM/latest/UserGuide/reference_iam-quotas.html; https://docs.aws.amazon.com/singlesignon/latest/userguide/abac.html; https://docs.aws.amazon.com/IAM/latest/UserGuide/access_policies_boundaries.html,"ABAC: 'It's not necessary to change the policy to support a new project'; aws:PrincipalTag/aws:ResourceTag matching; Identity Center passes user attributes as session tags into permission sets; managed policy size limit 6,144 characters; permissions boundary 'limits the user's permissions but does not provide permissions on its own'",2026-09-21,check-B2.1,no change: every number and behavioural claim verified on the ledger source pages,B2.1.md,yes
aws-cross-account-s3-two-policies-mcq-13,mcq,new,https://docs.aws.amazon.com/IAM/latest/UserGuide/reference_policies_evaluation-logic-cross-account.html; https://docs.aws.amazon.com/AmazonS3/latest/userguide/about-object-ownership.html; https://docs.aws.amazon.com/AmazonS3/latest/userguide/access-control-block-public-access.html,"'The request is allowed only if both evaluations return a decision of Allow' (identity policy in trusted account + resource policy in trusting account); Object Ownership default = Bucket owner enforced, ACLs disabled, bucket owner owns every object; Block Public Access on by default for new buckets",2026-09-21,check-B2.1,"stem: added ""and must stay private"" so the public-bucket distractor cannot be argued as fewer changes under LEAST amount of change; all facts verified on source pages",B2.1.md,yes
aws-iam-groups-shared-permissions-mcq-04,mcq,new,https://docs.aws.amazon.com/IAM/latest/UserGuide/id_groups.html; https://docs.aws.amazon.com/IAM/latest/UserGuide/reference_iam-quotas.html; https://docs.aws.amazon.com/singlesignon/latest/userguide/permissionsetsconcept.html,"'User groups can't be nested; they can contain only users'; 'You cannot identify a user group as a Principal in a policy'; inline user policy aggregate size 2,048 characters; groups per account default 300; permission set = template of IAM policies, Identity Center creates a role per account (temporary credentials)",2026-09-21,check-B2.1,no change: every number and behavioural claim verified on the ledger source pages,B2.1.md,yes
aws-iam-mfa-for-destructive-api-mcq-02,mcq,new,https://docs.aws.amazon.com/IAM/latest/UserGuide/id_credentials_mfa_configure-api-require.html; https://docs.aws.amazon.com/IAM/latest/UserGuide/reference_policies_condition-keys.html; https://docs.aws.amazon.com/organizations/latest/userguide/orgs_manage_policies_scps.html,"aws:MultiFactorAuthPresent present only with temporary credentials, absent for long-term access keys; Deny+Bool false NOT recommended, use BoolIfExists; ec2:TerminateInstances example with GetSessionToken; SCPs 'affect all users and roles in attached accounts' (roles used by services have no MFA context)",2026-09-21,check-B2.1,"option a + A: reworded to the documented pattern Deny + BoolIfExists aws:MultiFactorAuthPresent false (was ""unless ... true, using BoolIfExists""); verified on reference_policies_condition-keys.html and id_credentials_mfa_configure-api-require.html",B2.1.md,yes
aws-root-user-hardening-mcq-01,mcq,new,https://docs.aws.amazon.com/IAM/latest/UserGuide/root-user-best-practices.html; https://docs.aws.amazon.com/IAM/latest/UserGuide/intro-structure.html; https://docs.aws.amazon.com/organizations/latest/userguide/orgs_manage_policies_scps.html; https://docs.aws.amazon.com/IAM/latest/UserGuide/id_root-user.html,'Don't create access keys for the root user'; up to eight MFA devices on root; 'requests made using the AWS account root user credentials for resources in the account are always allowed' (IAM policies do not limit root); SCPs restrict member-account root user; SCPs don't affect management account; recommend Identity Center/roles for daily work,2026-09-21,check-B2.1,"option a: script goes to an IAM role (removed ""or Identity Center identity"", a workforce sign-in cannot run a nightly script); A: added that daily human work belongs in Identity Center or roles (must_teach); eight MFA devices and root-always-allowed verified",B2.1.md,yes
aws-scp-restrict-regions-mcq-10,mcq,new,https://github.com/aws-samples/service-control-policy-examples/blob/main/Region-controls/Deny-access-to-AWS-based-on-the-requested-AWS-region.json (linked from https://docs.aws.amazon.com/organizations/latest/userguide/orgs_manage_policies_scps_examples.html); https://docs.aws.amazon.com/controltower/latest/userguide/region-deny.html; https://docs.aws.amazon.com/accounts/latest/reference/manage-acct-regions.html; https://docs.aws.amazon.com/organizations/latest/userguide/orgs_manage_policies_scps.html,"Official SCP: Deny + NotAction (iam, organizations, route53, cloudfront, sts, support, kms, ...) + StringNotEquals aws:RequestedRegion + ArnNotLike aws:PrincipalARN exemption; Control Tower Region deny control is an SCP 'similar to the SCP for AWS Organizations, but not identical'; 17 default Regions 'cannot be disabled', only opt-in Regions can; SCP binds member-account root, never grants, no effect on management account",2026-09-21,check-B2.1,no change: every number and behavioural claim verified on the ledger source pages,B2.1.md,yes
aws-third-party-cross-account-role-mcq-07,mcq,new,https://docs.aws.amazon.com/IAM/latest/UserGuide/id_roles_common-scenarios_third-party.html; https://docs.aws.amazon.com/IAM/latest/UserGuide/reference_iam-quotas.html,"'Do not give Example Corp access to an IAM user and its long-term credentials'; external ID prevents confused deputy; 'AWS does not treat the external ID as a secret'; external ID generated by the third party, one per customer; AssumeRole returns temporary credentials; ExternalId 2-1,224 chars; role session 15 min to 12 h",2026-09-21,check-B2.1,no change: every number and behavioural claim verified on the ledger source pages,B2.1.md,yes
aws-block-single-ip-nacl-mcq-18,mcq,new,https://docs.aws.amazon.com/vpc/latest/userguide/vpc-network-acls.html; https://docs.aws.amazon.com/vpc/latest/userguide/security-group-rules.html; https://docs.aws.amazon.com/waf/latest/developerguide/what-is-aws-waf.html; https://docs.aws.amazon.com/vpc/latest/userguide/VPC_Route_Tables.html,"NACL rules numbered 1-32766, 'evaluate the rules in order, starting with the lowest numbered rule', first match wins, stateless, no charge; 'You can specify allow rules, but not deny rules' (security groups); WAF protects CloudFront, API Gateway REST, ALB, AppSync, Cognito, App Runner, AgentCore Gateway, Verified Access, Amplify (not EC2 directly); 'Traffic is routed to targets based on its destination IP address'; Shield Advanced = DDoS for EC2/ELB/CloudFront/Route 53/Global Accelerator",2026-09-21,check-B2.1,no change: every number and behavioural claim verified on the ledger source pages,B2.1.md,yes
aws-nat-gateway-per-az-mcq-20,mcq,new,https://docs.aws.amazon.com/vpc/latest/userguide/nat-gateway-basics.html; https://docs.aws.amazon.com/vpc/latest/userguide/nat-gateway-pricing.html; https://docs.aws.amazon.com/vpc/latest/userguide/nat-gateways-regional.html; https://docs.aws.amazon.com/vpc/latest/userguide/amazon-vpc-limits.html,"'Each NAT gateway is created in a specific Availability Zone and implemented with redundancy in that zone'; 'if the NAT gateway's Availability Zone is down, resources in the other Availability Zones lose internet access... create a NAT gateway in each Availability Zone, and configure your routing'; cross-AZ traffic to a NAT incurs data transfer charges, mitigated by one NAT per AZ; regional NAT gateway mode auto-expands across AZs; NAT gateways per AZ quota 5",2026-09-21,check-B2.1,no change: every number and behavioural claim verified on the ledger source pages,B2.1.md,yes
aws-private-egress-to-s3-dynamodb-mcq-22,mcq,new,"https://docs.aws.amazon.com/vpc/latest/privatelink/gateway-endpoints.html; https://docs.aws.amazon.com/vpc/latest/privatelink/vpc-endpoints-s3.html; https://pricing.us-east-1.amazonaws.com/offers/v1.0/aws/AmazonEC2/current/us-east-1/index.json (NatGateway-Hours, NatGateway-Bytes); https://pricing.us-east-1.amazonaws.com/offers/v1.0/aws/AmazonVPC/current/us-east-1/index.json (USE1-VpcEndpoint-Hours, USE1-VpcEndpoint-Bytes); https://aws.amazon.com/privatelink/pricing/","'There is no additional charge for using gateway endpoints'; gateway endpoints only for S3 and DynamoDB, prefix-list route in route table, no IGW/NAT needed; 'gateway endpoints do not allow access from on-premises networks, from peered VPCs in other AWS Regions, or through a transit gateway'; aws:sourceVpce bucket policy; NAT gateway us-east-1 $0.045/hour + $0.045/GB; interface endpoint us-east-1 $0.01/hour per endpoint per AZ + $0.01/GB first 1 PB",2026-09-21,check-B2.1,no change: every number and behavioural claim verified on the ledger source pages,B2.1.md,yes
aws-rds-publicly-accessible-fix-mcq-23,mcq,new,https://docs.aws.amazon.com/AmazonRDS/latest/UserGuide/USER_VPC.WorkingWithRDSInstanceinaVPC.html; https://docs.aws.amazon.com/waf/latest/developerguide/what-is-aws-waf.html,"Publicly accessible: DNS resolves to private IP inside VPC / public IP outside; 'Access to the DB instance is ultimately controlled by the security group it uses'; 'for a DB instance to be publicly accessible, the subnets in its DB subnet group must have an internet gateway'; 'You can modify a DB instance to turn on or off public accessibility'; DB subnet group needs subnets in at least two AZs; modifying DB subnet group can cause downtime; RDS not in WAF's protected resource list",2026-09-21,check-B2.1,"option a: ""Place the instance in private subnets"" (a DB subnet group cannot be swapped inside the same VPC by ModifyDBInstance); A: corrected downtime claim - PubliclyAccessible change is immediate with no downtime, DB subnet group change causes an outage (https://docs.aws.amazon.com/AmazonRDS/latest/UserGuide/USER_ModifyInstance.Settings.html; https://docs.aws.amazon.com/AmazonRDS/latest/APIReference/API_ModifyDBInstance.html)",B2.1.md,yes
aws-three-tier-security-group-chain-mcq-19,mcq,new,https://docs.aws.amazon.com/vpc/latest/userguide/security-group-rules.html; https://docs.aws.amazon.com/vpc/latest/userguide/amazon-vpc-limits.html; https://docs.aws.amazon.com/vpc/latest/userguide/vpc-network-acls.html,"Security group referencing matches 'the private IP addresses from the network interfaces' of the referenced group; 'No rules from the referenced security group are added'; official three-tier example (ALB 0.0.0.0/0 -> web from ALB SG -> DB from web SG); 'A rule that references another security group counts as one rule'; inbound/outbound rules per SG default 60; NACLs stateless, cannot reference security groups",2026-09-21,check-B2.1,no change: every number and behavioural claim verified on the ledger source pages,B2.1.md,yes
aws-db-password-rotation-no-code-mcq-28,mcq,new,https://docs.aws.amazon.com/secretsmanager/latest/userguide/rotate-secrets_managed.html | https://docs.aws.amazon.com/AmazonRDS/latest/UserGuide/rds-secrets-manager.html | https://docs.aws.amazon.com/systems-manager/latest/userguide/systems-manager-parameter-store.html | https://docs.aws.amazon.com/secretsmanager/latest/userguide/intro.html | https://docs.aws.amazon.com/secretsmanager/latest/userguide/rotate-secrets_lambda.html,"Managed rotation: 'you don't use an AWS Lambda function'; RDS/Aurora/DocumentDB/Redshift offer managed rotation; RDS 'rotates the secret every seven days by default', schedule modifiable as rate()/cron(), as often as every four hours; Parameter Store comparison table 'Credential rotation: None'; Secrets Manager intro recommends KMS for encryption keys (not secrets)",2026-09-21,check-B2.2,stem now says the app uses the master user credentials (managed rotation covers only the master user); A adds 'as often as every four hours' and the master-user-only limit with the Lambda-template route for app users,B2.2.md,yes
aws-waf-rate-based-http-flood-mcq-26,mcq,new,https://docs.aws.amazon.com/waf/latest/developerguide/waf-rule-statement-type-rate-based-high-level-settings.html | https://docs.aws.amazon.com/waf/latest/developerguide/waf-rule-statement-type-rate-based.html | https://docs.aws.amazon.com/waf/latest/developerguide/ddos-standard-summary.html | https://docs.aws.amazon.com/vpc/latest/userguide/amazon-vpc-limits.html | https://docs.aws.amazon.com/vpc/latest/userguide/security-group-rules.html,"Evaluation window valid values 60/120/300/600 s, default 300; lowest rate limit 10; aggregation by source IP / forwarded IP / custom keys; scope-down statement; Bot Control managed rule group can also rate limit (extra fee); Shield Standard automatic, no additional charge, 'network and transport layer DDoS attacks'; NACL rules per ACL default 20, max 40 inbound + 40 outbound; security groups 'allow rules, but not deny rules'",2026-09-21,check-B2.2,"NACL quota made precise: 20 inbound rules default, 40 max after quota increase (WHY b and A)",B2.2.md,yes
aws-acm-cert-region-for-cloudfront-mcq-39,mcq,new,https://docs.aws.amazon.com/AmazonCloudFront/latest/DeveloperGuide/cnames-and-https-requirements.html | https://docs.aws.amazon.com/acm/latest/userguide/export-public-certificate.html | https://docs.aws.amazon.com/acm/latest/userguide/acm-public-certificates.html,'request (or import) the certificate in the US East (N. Virginia) Region (us-east-1)' for viewer HTTPS; ELB origin cert may be in any Region; CloudFront trusts CAs on Mozilla Included CA list; ACM does not release private keys; export: public certs created before 2025-06-17 cannot be exported (export is opt-in at request),2026-09-21,check-B2.2,WHY d reworded to the documented rule: viewer cert from ACM or a CA on the Mozilla Included CA list; exportable-at-request claim confirmed on acm-public-certificates page,B2.2.md,yes
aws-kms-cross-account-decrypt-mcq-42,mcq,new,https://docs.aws.amazon.com/kms/latest/developerguide/key-policy-modifying-external-accounts.html | https://docs.aws.amazon.com/AmazonS3/latest/userguide/UsingKMSEncryption.html | https://docs.aws.amazon.com/ram/latest/userguide/shareable.html,'Neither the key policy nor the IAM policy alone is sufficient—you must change both'; key policy names external account root or specific role; IAM policy in external account with key ARN as Resource; cross-account effective for cryptographic ops + DescribeKey; S3: download of SSE-KMS object needs kms:Decrypt; 'Objects encrypted using SSE-KMS with AWS managed keys can't be shared cross-account'; RAM shareable resources list contains no AWS KMS resource type,2026-09-21,check-B2.2,none (all numbers and claims verified on source_url),B2.2.md,yes
aws-object-lock-compliance-vs-governance-mcq-47,mcq,new,https://docs.aws.amazon.com/AmazonS3/latest/userguide/object-lock.html | https://docs.aws.amazon.com/AmazonS3/latest/userguide/MultiFactorAuthenticationDelete.html,"Compliance mode: cannot be overwritten or deleted by any user including root; retention mode can't be changed, period can't be shortened; only way out is deleting the AWS account; governance mode overridable with the S3 governance-retention override permission + the matching x-amz- governance-retention request header; 'Object Lock works only in buckets that have S3 Versioning enabled'; retention in days or years; MFA delete: only bucket owner (root account) can enable, protects permanent version deletes and versioning state changes, enable/disable via same PutBucketVersioning API",2026-09-21,check-B2.2,none (all numbers and claims verified on source_url),B2.2.md,yes
aws-rds-encrypt-existing-instance-mcq-37,mcq,new,https://docs.aws.amazon.com/AmazonRDS/latest/UserGuide/Overview.Encryption.html | https://docs.aws.amazon.com/ebs/latest/userguide/encryption-by-default.html,"'You can only encrypt an Amazon RDS DB instance when you create it, not after'; snapshot -> encrypted copy -> restore procedure; 'You can't have an encrypted read replica of an unencrypted DB instance'; 'You can't create an encrypted snapshot of an unencrypted DB instance'; TDE for Oracle/SQL Server is separate from RDS encryption at rest; EBS encryption by default applies to new EBS volumes and snapshot copies, 'has no effect on existing EBS volumes', Region-specific EC2 setting",2026-09-21,check-B2.2,none (all numbers and claims verified on source_url),B2.2.md,yes
aws-s3-deny-non-tls-mcq-41,mcq,new,https://docs.aws.amazon.com/AmazonS3/latest/userguide/example-bucket-policies.html | https://docs.aws.amazon.com/AmazonS3/latest/userguide/amazon-s3-policy-keys.html | https://docs.aws.amazon.com/AmazonS3/latest/userguide/security-best-practices.html,"RestrictToTLSRequestsOnly example: Effect Deny, Action s3:*, Condition Bool aws:SecureTransport false, Principal *; s3:TlsVersion NumericLessThan 1.2 example; best practice recommends aws:SecureTransport deny plus s3-bucket-ssl-requests-only Config rule; Block Public Access described as centralized controls to limit public access",2026-09-21,check-B2.2,none (all numbers and claims verified on source_url),B2.2.md,yes
aws-asg-predictable-daily-spike-mcq-05,mcq,new,https://docs.aws.amazon.com/autoscaling/ec2/userguide/ec2-auto-scaling-scheduled-scaling.html | https://docs.aws.amazon.com/autoscaling/ec2/userguide/predictive-scaling-policy-overview.html | https://docs.aws.amazon.com/autoscaling/ec2/userguide/ec2-auto-scaling-warm-pools.html,"Scheduled action sets desired/min/max at a date-time, recurring via cron with time zone (DST-aware); can be combined with scaling policies; may run up to 2 minutes late; max 125 scheduled actions per group; predictive scaling needs at least 24 hours of metric data, analyses up to 14 days, forecasts 48 hours, updates every 6 hours, never scales in; warm pool = pre-initialized instances drawn on 'whenever your application needs to scale out' (still policy-triggered)",2026-09-21,check-B2.2,none (all numbers and claims verified on source_url),B2.2.md,yes
aws-order-queue-between-tiers-mcq-01,mcq,new,https://docs.aws.amazon.com/AWSSimpleQueueService/latest/SQSDeveloperGuide/sqs-visibility-timeout.html | https://docs.aws.amazon.com/AWSSimpleQueueService/latest/SQSDeveloperGuide/quotas-messages.html | https://docs.aws.amazon.com/autoscaling/ec2/userguide/as-using-sqs-queue.html | https://docs.aws.amazon.com/sns/latest/dg/sns-message-delivery-retries.html | https://docs.aws.amazon.com/streams/latest/dev/service-sizes-and-limits.html,"Visibility timeout default 30 s, max 12 hours; undeleted message becomes visible again for another consumer; retention default 4 days, max 14 days (1,209,600 s); scale on backlog per instance (ApproximateNumberOfMessages / InService instances), raw queue length not proportional; SNS: when delivery policy exhausted 'discards the message—unless a dead-letter queue is attached', HTTP/S total retry time max 3,600 s; Kinesis provisioned shard 1 MB/s or 1,000 records/s write, 2 MB/s read",2026-09-21,check-B2.2,none (all numbers and claims verified on source_url),B2.2.md,yes
aws-rds-reporting-read-replica-mcq-07,mcq,new,https://docs.aws.amazon.com/AmazonRDS/latest/UserGuide/USER_ReadRepl.html | https://docs.aws.amazon.com/AmazonRDS/latest/UserGuide/USER_ModifyInstance.Settings.html | https://docs.aws.amazon.com/AmazonElastiCache/latest/dg/Strategies.html,"Read replica use case 'business reporting queries to run against a read replica'; asynchronous replication; 'Unlike a read replica, a standby replica can't serve read traffic'; applications connect to replica like any DB instance; DB instance class change: 'Downtime occurs during this change'; ElastiCache lazy loading / write-through implemented in application code (app checks cache, queries DB on miss, writes cache)",2026-09-21,check-B2.2,"stem clarified to 'Multi-AZ DB instance deployment (one primary, one standby)' so Multi-AZ DB cluster reader instances are excluded",B2.2.md,yes
aws-s3-upload-fanout-processing-mcq-02,mcq,new,https://docs.aws.amazon.com/AmazonS3/latest/userguide/EventNotifications.html | https://docs.aws.amazon.com/sns/latest/dg/sns-sqs-as-subscriber.html | https://docs.aws.amazon.com/AWSSimpleQueueService/latest/SQSDeveloperGuide/sqs-visibility-timeout.html,"S3 event destinations: SNS topics, SQS queues, Lambda, EventBridge; delivered at least once, typically in seconds; SQS FIFO not supported as S3 destination (use EventBridge); SNS->SQS fanout: messages 'persist in an Amazon SQS queue for other applications to process later'; SQS message invisible to other consumers while in flight, deleted by the consumer that processed it",2026-09-21,check-B2.2,none (all numbers and claims verified on source_url),B2.2.md,yes
aws-sqs-fifo-per-product-order-mcq-08,mcq,new,https://docs.aws.amazon.com/AWSSimpleQueueService/latest/SQSDeveloperGuide/sqs-fifo-queues.html | https://docs.aws.amazon.com/AWSSimpleQueueService/latest/SQSDeveloperGuide/FIFO-queues-exactly-once-processing.html | https://docs.aws.amazon.com/AWSSimpleQueueService/latest/SQSDeveloperGuide/quotas-messages.html | https://docs.aws.amazon.com/sns/latest/dg/sns-message-delivery-retries.html | https://docs.aws.amazon.com/streams/latest/dev/service-sizes-and-limits.html | https://docs.aws.amazon.com/sns/latest/dg/fifo-message-delivery.html,"FIFO: order strictly preserved, no duplicates, message groups for parallel ordered streams, MessageGroupId required; 5-minute deduplication interval; content-based dedup = SHA-256 of body (not attributes); 300 TPS per API action non-high-throughput, 3,000 msg/s with batching (10 per batch), high throughput mode up to 70,000 TPS in us-east-1/us-west-2/eu-west-1; standard queues nearly unlimited TPS; SNS discards after delivery policy unless DLQ; Kinesis per-shard 1 MB/s in, ordering per shard/partition key",2026-09-21,check-B2.2,distractor c was factually wrong: SNS FIFO topics deliver only to SQS standard/FIFO queues and refuse HTTP(S)/email/SMS/mobile subscriptions; WHY c and the A sentence rewritten accordingly,B2.2.md,yes
aws-helm-charts-portable-cluster-mcq-13,mcq,new,https://docs.aws.amazon.com/eks/latest/userguide/what-is-eks.html,EKS is certified Kubernetes-conformant so Kubernetes-compatible applications deploy without refactoring and community tooling works; AWS manages the control plane; EKS Anywhere and Hybrid Nodes run Kubernetes in your own data centers; EKS has per-cluster pricing and standard/extended Kubernetes version support,2026-09-21,check-B2.3,,B2.3.md,yes
aws-helm-charts-portable-cluster-mcq-13,mcq,new,https://docs.aws.amazon.com/elasticbeanstalk/latest/dg/docker-platform.html,Elastic Beanstalk Docker platform branches deploy containers and source to EC2 instances Beanstalk manages; the ECS running on AL2/AL2023 branch uses Amazon ECS to coordinate multi-container deployment; no Kubernetes API,2026-09-21,check-B2.3,,B2.3.md,yes
aws-helm-charts-portable-cluster-mcq-13,mcq,new,https://docs.aws.amazon.com/lambda/latest/dg/images-create.html,"Lambda container images must implement the Lambda runtime API (runtime interface client), be stored in Amazon ECR, max uncompressed image size 10 GB, Linux only",2026-09-21,check-B2.3,,B2.3.md,yes
aws-helm-charts-portable-cluster-mcq-13,mcq,new,https://docs.aws.amazon.com/AmazonECS/latest/developerguide/launch_types.html,"ECS deploys task definitions as services or tasks on a cluster (not Kubernetes objects); Fargate = serverless capacity, EC2 launch type = you manage the instances",2026-09-21,check-B2.3,,B2.3.md,yes
aws-scale-to-zero-low-traffic-api-mcq-16,mcq,new,https://aws.amazon.com/lambda/pricing/,"Lambda priced by number of requests and duration in GB-seconds; 0.20 USD per million requests; free tier 1M requests and 400,000 GB-seconds per month; no charge when code is not running",2026-09-21,check-B2.3,"A: ""an idle hour costs nothing"" -> ""costs nothing beyond the data stored"" (DynamoDB and every store still bill stored GB; keeps the claim exact).",B2.3.md,yes
aws-scale-to-zero-low-traffic-api-mcq-16,mcq,new,https://aws.amazon.com/api-gateway/pricing/,"HTTP API 1.00 USD per million requests for the first 300 million per month (US East), 0.90 USD per million beyond; REST API 3.50 USD per million; pay only for API calls received, no minimum fees or upfront commitments",2026-09-21,check-B2.3,,B2.3.md,yes
aws-scale-to-zero-low-traffic-api-mcq-16,mcq,new,https://aws.amazon.com/dynamodb/pricing/on-demand/,On-demand mode bills per read or write request consumed with no capacity planning; US East standard table class 0.625 USD per million write request units and 0.125 USD per million read request units,2026-09-21,check-B2.3,,B2.3.md,yes
aws-scale-to-zero-low-traffic-api-mcq-16,mcq,new,https://aws.amazon.com/elasticloadbalancing/pricing/,Application Load Balancer charged for each hour or partial hour it is running (partial hour billed as full hour) plus LCU-hours; US East 0.0225 USD per ALB-hour and 0.008 USD per LCU-hour,2026-09-21,check-B2.3,,B2.3.md,yes
aws-scale-to-zero-low-traffic-api-mcq-16,mcq,new,https://aws.amazon.com/fargate/pricing/,"Fargate billed on vCPU, memory, OS, CPU architecture and storage from image download start until the task terminates, rounded up to the nearest second, minimum 1 minute (5 minutes for Windows)",2026-09-21,check-B2.3,,B2.3.md,yes
aws-scale-to-zero-low-traffic-api-mcq-16,mcq,new,https://docs.aws.amazon.com/AmazonECS/latest/developerguide/launch_types.html,An ECS service runs and maintains the desired number of tasks; if a task stops the scheduler launches a replacement to keep the desired count,2026-09-21,check-B2.3,,B2.3.md,yes
aws-scale-to-zero-low-traffic-api-mcq-16,mcq,new,https://docs.aws.amazon.com/AmazonRDS/latest/AuroraUserGuide/aurora-serverless-v2-auto-pause.html,"Aurora Serverless v2 auto-pause requires minimum capacity 0 ACUs; idle interval minimum and default 300 seconds (5 minutes), maximum 86,400 seconds (1 day); instance charge is zero while paused but storage is still charged; typical resume about 15 seconds, 30 seconds or longer after 24 hours paused; Aurora PostgreSQL 16.3/15.7/14.12/13.15+ or Aurora MySQL 3.08.0+; provisioned (non db.serverless) instances never auto-pause",2026-09-21,check-B2.3,,B2.3.md,yes
aws-spiky-container-api-no-hosts-mcq-12,mcq,new,https://docs.aws.amazon.com/AmazonECS/latest/developerguide/AWS_Fargate.html,"Fargate runs containers without provisioning, configuring or scaling EC2 clusters; you specify CPU and memory per task; each task has its own isolation boundary (no shared kernel, CPU, memory or ENI); new tasks always start on the latest patched platform version revision; ECS on Fargate supports ALB/NLB/GWLB with ip target type",2026-09-21,check-B2.3,,B2.3.md,yes
aws-spiky-container-api-no-hosts-mcq-12,mcq,new,https://docs.aws.amazon.com/AmazonECS/latest/developerguide/service-autoscaling-targettracking.html,"ECS target tracking scaling policies add or remove service tasks to keep a metric near target; ALBRequestCountPerTarget is a supported metric (not for blue/green deployment type); scale out fast, scale in gradually",2026-09-21,check-B2.3,,B2.3.md,yes
aws-spiky-container-api-no-hosts-mcq-12,mcq,new,https://docs.aws.amazon.com/AmazonECS/latest/developerguide/launch_types.html,"Capacity options: Fargate (pay only for task resources, no infrastructure management, ideal for variable workloads), EC2 instances (you manage instance selection, configuration and maintenance; use for GPU, capacity reservations, specific instance types, privileged capabilities or custom AMIs), ECS Managed Instances",2026-09-21,check-B2.3,,B2.3.md,yes
aws-spiky-container-api-no-hosts-mcq-12,mcq,new,https://docs.aws.amazon.com/elasticbeanstalk/latest/dg/docker-platform.html,Elastic Beanstalk Docker running on AL2/AL2023 deploys containers to EC2 instances in the environment; ECS-based branch exists for migration from the retired Multi-container Docker AL1 branch,2026-09-21,check-B2.3,,B2.3.md,yes
aws-central-backups-cross-region-mcq-34,mcq,new,https://docs.aws.amazon.com/aws-backup/latest/devguide/whatisbackup.html,"AWS Backup: centralized policy-based backup plans; tag-based resource assignment; copy backups to other Regions on demand or automatically as part of a scheduled plan; cross-account backup via Organizations; AWS Backup Audit Manager provides controls and generates daily compliance reports; Vault Lock enforces WORM; supported resources include EC2, S3, EBS, DynamoDB, RDS, Aurora, EFS, FSx, Storage Gateway, DocumentDB, Neptune, Redshift, Timestream, VMware, CloudFormation, SAP HANA, EKS; AWS Backup does not govern backups taken outside it",2026-09-21,check-B2.3,,B2.3.md,yes
aws-central-backups-cross-region-mcq-34,mcq,new,https://docs.aws.amazon.com/ebs/latest/userguide/snapshot-lifecycle.html,"Amazon Data Lifecycle Manager automates creation, retention and deletion of EBS snapshots and EBS-backed AMIs only; cannot manage snapshots/AMIs created by other means or instance store-backed AMIs; quota 100 custom policies per Region",2026-09-21,check-B2.3,,B2.3.md,yes
aws-central-backups-cross-region-mcq-34,mcq,new,https://docs.aws.amazon.com/AmazonS3/latest/userguide/replication.html,"S3 replication copies objects between S3 buckets (CRR across Regions, SRR within a Region); live replication does not copy objects that existed before the rule (use Batch Replication)",2026-09-21,check-B2.3,,B2.3.md,yes
aws-dr-rto-1h-rpo-minutes-mcq-37,mcq,new,https://docs.aws.amazon.com/wellarchitected/latest/reliability-pillar/rel_planning_for_recovery_disaster_recovery.html,"Backup and restore: RPO in hours, RTO in 24 hours or less (PITR can lower RPO to about 5 minutes in some cases); Pilot light: RPO in minutes, RTO in tens of minutes, databases/object storage always on, application servers not deployed until needed; Warm standby: RPO in seconds, RTO in minutes, scaled-down but fully functional copy always running; Multi-site active-active: RPO near zero, RTO potentially zero, most complex and costly; strategies listed in increasing order of cost and complexity",2026-09-21,check-B2.3,,B2.3.md,yes
aws-dr-rto-1h-rpo-minutes-mcq-37,mcq,new,https://docs.aws.amazon.com/whitepapers/latest/disaster-recovery-workloads-on-aws/disaster-recovery-options-in-the-cloud.html,"Pilot light: data replication resources (databases, object storage) always on, application servers switched off / not deployed; promoting an RDS read replica (non-Aurora) takes a few minutes and includes a reboot; Aurora global database replicates with typical latency under a second and a secondary can be promoted in less than one minute; pilot light cannot process requests without additional action, warm standby can handle traffic at reduced capacity immediately; multi-site active/active is the most complex and costly",2026-09-21,check-B2.3,,B2.3.md,yes
aws-dr-rto-1h-rpo-minutes-mcq-37,mcq,new,https://docs.aws.amazon.com/AmazonRDS/latest/UserGuide/USER_ReadRepl.html,RDS read replicas replicate asynchronously; cross-Region read replicas supported; promotion to standalone is a manual disaster recovery step; replicas billed as standard DB instances,2026-09-21,check-B2.3,,B2.3.md,yes
aws-dr-rto-1h-rpo-minutes-mcq-37,mcq,new,https://docs.aws.amazon.com/AmazonRDS/latest/UserGuide/USER_ReadRepl.Promote.html,Promotion reboots the replica and takes a few minutes or longer depending on size; after promotion you direct database traffic to the promoted instance and create a replacement replica,2026-09-21,check-B2.3,,B2.3.md,yes
aws-dr-rto-minutes-rpo-seconds-mcq-38,mcq,new,https://docs.aws.amazon.com/wellarchitected/latest/reliability-pillar/rel_planning_for_recovery_disaster_recovery.html,"Warm standby: RPO in seconds, RTO in minutes, scaled-down but fully functional copy always running, scaled up at recovery; Pilot light: RPO in minutes, RTO in tens of minutes; Backup and restore: RPO in hours, RTO in 24 hours or less; Multi-site active-active: RPO near zero, RTO potentially zero, most operationally complex; pilot light cannot process requests without additional action first, warm standby can at reduced capacity",2026-09-21,check-B2.3,,B2.3.md,yes
aws-dr-rto-minutes-rpo-seconds-mcq-38,mcq,new,https://docs.aws.amazon.com/AmazonRDS/latest/AuroraUserGuide/aurora-global-database.html,Aurora global database: one primary Region for writes and up to 10 read-only secondary Regions; replication latency typically under a second; write forwarding lets secondaries forward writes to the primary; switchover and failover mechanisms to change the primary Region,2026-09-21,check-B2.3,,B2.3.md,yes
aws-dr-rto-minutes-rpo-seconds-mcq-38,mcq,new,https://docs.aws.amazon.com/whitepapers/latest/disaster-recovery-workloads-on-aws/disaster-recovery-options-in-the-cloud.html,Aurora global database secondary can be promoted in less than one minute; Route 53 health checks enable automatically initiated DNS failover; Auto Scaling used to scale the DR Region to full production capacity (increase desired capacity); warm standby = scaled down but fully functional copy always on,2026-09-21,check-B2.3,,B2.3.md,yes
aws-dr-rto-minutes-rpo-seconds-mcq-38,mcq,new,https://docs.aws.amazon.com/Route53/latest/DeveloperGuide/dns-failover-types.html,Active-passive failover uses the failover routing policy: Route 53 answers with the primary while healthy and with the secondary when the primary is unhealthy; active-active uses any other routing policy with health checks,2026-09-21,check-B2.3,,B2.3.md,yes
aws-route53-failover-to-static-page-mcq-27,mcq,new,https://docs.aws.amazon.com/Route53/latest/DeveloperGuide/routing-policy.html,Failover routing = active-passive failover; weighted routing = route traffic to multiple resources in proportions you specify; latency routing = route to the Region that provides the best latency; geolocation routing = route based on the location of your users; multivalue answer = up to eight healthy records at random,2026-09-21,check-B2.3,"USAGE rewritten: old line told learners to shorten the record TTL, but an alias record to an AWS resource cannot have a TTL set (Route 53 uses the target default, 60 s for ELB); new line states that and suggests rehearsing the failover.",B2.3.md,yes
aws-route53-failover-to-static-page-mcq-27,mcq,new,https://docs.aws.amazon.com/Route53/latest/DeveloperGuide/dns-failover-types.html,"With one primary and one secondary failover record Route 53 responds with the primary when healthy and the secondary when unhealthy; for AWS resources with alias records do not create health checks, set Evaluate Target Health to Yes; documented pattern of a web server primary and an S3 website-endpoint bucket secondary holding a temporarily unavailable message; secondary alias target is the S3 website endpoint DNS name",2026-09-21,check-B2.3,,B2.3.md,yes
aws-route53-failover-to-static-page-mcq-27,mcq,new,https://docs.aws.amazon.com/Route53/latest/DeveloperGuide/RoutingToS3Bucket.html,"Alias record to an S3 website endpoint requires the bucket name to equal the record/domain name, static website hosting enabled, bucket created by the current account (or specify the Region); S3 website endpoints do not support SSL/TLS, use CloudFront for HTTPS; changes propagate within about 60 seconds; alias queries to AWS resources are free",2026-09-21,check-B2.3,,B2.3.md,yes
aws-s3-survive-delete-and-region-loss-mcq-35,mcq,new,https://docs.aws.amazon.com/AmazonS3/latest/userguide/replication-requirements.html,Both source and destination buckets must have versioning enabled; disabling versioning on the destination makes replication fail (status FAILED); S3 needs an IAM role/permissions to replicate; Object Lock on source requires Object Lock on destination,2026-09-21,check-B2.3,,B2.3.md,yes
aws-s3-survive-delete-and-region-loss-mcq-35,mcq,new,https://docs.aws.amazon.com/AmazonS3/latest/userguide/replication.html,"Replication is automatic and asynchronous; CRR copies objects to buckets in different Regions (compliance distance, latency, operational efficiency); live replication does not replicate objects that existed before the rule, use S3 Batch Replication; S3 RTC replicates 99.99 percent of new objects within 15 minutes under SLA",2026-09-21,check-B2.3,,B2.3.md,yes
aws-s3-survive-delete-and-region-loss-mcq-35,mcq,new,https://docs.aws.amazon.com/AmazonS3/latest/userguide/delete-marker-replication.html,"By default a delete in the source bucket adds a delete marker in the source bucket only, protecting destination data from accidental or malicious deletes; delete marker replication is optional and not supported for tag-based rules; lifecycle-created delete markers are never replicated",2026-09-21,check-B2.3,,B2.3.md,yes
aws-s3-survive-delete-and-region-loss-mcq-35,mcq,new,https://aws.amazon.com/s3/storage-classes/,"S3 One Zone-IA stores data in a single AZ, costs 20 percent less than Standard-IA, 99.5 percent availability, susceptible to data loss if the AZ is lost or damaged; S3 stores data redundantly across a minimum of 3 AZs by default; Intelligent-Tiering monitors access patterns and moves objects not accessed to lower-cost access tiers",2026-09-21,check-B2.3,,B2.3.md,yes
aws-s3-survive-delete-and-region-loss-mcq-35,mcq,new,https://docs.aws.amazon.com/whitepapers/latest/disaster-recovery-workloads-on-aws/disaster-recovery-options-in-the-cloud.html,"S3 object versioning retains the original version before a delete or modification; with S3 replication to a DR Region a source delete adds a delete marker in the source bucket only by default, protecting the DR copy",2026-09-21,check-B2.3,,B2.3.md,yes
aws-single-az-asg-make-regional-ha-mcq-26,mcq,new,https://docs.aws.amazon.com/autoscaling/ec2/userguide/as-add-availability-zone.html,Span the Auto Scaling group across multiple AZs and attach a load balancer; when an AZ becomes unhealthy or unavailable Auto Scaling launches new instances in an unaffected AZ and redistributes evenly when it recovers; add an AZ by adding its subnet to the group's network settings and enabling that AZ (one subnet per AZ) on the load balancer; ELB creates a load balancer node per enabled AZ; Application Load Balancers must have at least two AZs enabled; internet-facing LB subnets need at least eight free IPs; targets in AZs not enabled for the load balancer receive no traffic,2026-09-21,check-B2.3,,B2.3.md,yes
aws-single-az-asg-make-regional-ha-mcq-26,mcq,new,https://docs.aws.amazon.com/wellarchitected/latest/reliability-pillar/rel_planning_for_recovery_disaster_recovery.html,"Multi-AZ within a single Region mitigates disasters like fires, floods and major power outages; multi-Region is for the unlikely event that prevents a workload running in a Region; strategies rise in cost and complexity",2026-09-21,check-B2.3,,B2.3.md,yes
aws-single-nat-gateway-spof-mcq-31,mcq,new,https://docs.aws.amazon.com/vpc/latest/userguide/nat-gateway-basics.html,"Each NAT gateway is created in a specific AZ and implemented with redundancy in that zone; if resources in multiple AZs share one NAT gateway and its AZ is down, resources in the other AZs lose internet access; create a NAT gateway in each AZ and configure routing so resources use the NAT gateway in the same AZ; 5 Gbps scaling to 100 Gbps; 55,000 simultaneous connections per IPv4 address per unique destination",2026-09-21,check-B2.3,,B2.3.md,yes
aws-single-nat-gateway-spof-mcq-31,mcq,new,https://docs.aws.amazon.com/vpc/latest/userguide/vpc-nat-comparison.html,"AWS recommends NAT gateways over NAT instances (better availability and bandwidth, less administration); NAT gateway: highly available, redundant per AZ, create one per AZ for zone-independent architecture, managed by AWS; NAT instance: use a script to manage failover, you install updates and OS patches, bandwidth depends on instance type",2026-09-21,check-B2.3,,B2.3.md,yes
aws-single-nat-gateway-spof-mcq-31,mcq,new,https://docs.aws.amazon.com/vpc/latest/privatelink/concepts.html,"VPC endpoints connect a VPC to endpoint services, AWS services and shared resources over private IPs (interface, gateway for S3/DynamoDB, GatewayLoadBalancer, resource, tunnel, service-network types); traffic stays within the AWS network; internet access is provided by an internet gateway, not endpoints",2026-09-21,check-B2.3,,B2.3.md,yes
aws-single-rds-instance-az-failure-mcq-32,mcq,new,https://docs.aws.amazon.com/AmazonRDS/latest/UserGuide/Concepts.MultiAZSingleStandby.html,Multi-AZ DB instance deployment: RDS provisions and maintains a synchronous standby replica in a different AZ; protects against DB instance failure and AZ disruption; the standby cannot serve read traffic; convert an existing instance by modifying it and choosing the Multi-AZ option (modify-db-instance / ModifyDBInstance); higher write/commit latency possible due to synchronous replication,2026-09-21,check-B2.3,"WHY (snapshot option): ""up to an hour of writes is lost"" -> ""every write after the last restorable time is lost"" and restore wording covers point-in-time restore; automated backups give PITR (logs uploaded every 5 minutes) so ""an hour"" overstated the loss.",B2.3.md,yes
aws-single-rds-instance-az-failure-mcq-32,mcq,new,https://docs.aws.amazon.com/AmazonRDS/latest/UserGuide/Concepts.MultiAZ.Failover.html,"Failover times are typically 60-120 seconds (longer with large transactions or lengthy recovery); failover changes the DNS record of the DB instance to point to the standby, so existing connections must be re-established; automatic failover reasons include primary host unhealthy, network reachability loss, storage failure, OS patching, busy/unresponsive primary, customer modification, reboot with failover; set JVM networkaddress.cache.ttl to 60 seconds or less",2026-09-21,check-B2.3,,B2.3.md,yes
aws-single-rds-instance-az-failure-mcq-32,mcq,new,https://docs.aws.amazon.com/AmazonRDS/latest/UserGuide/USER_ReadRepl.Promote.html,"Promoting a read replica is user-initiated, reboots the instance and takes a few minutes or longer; the DR procedure is promote, then direct database traffic to the promoted instance, then create a replacement replica",2026-09-21,check-B2.3,,B2.3.md,yes
aws-single-rds-instance-az-failure-mcq-32,mcq,new,https://docs.aws.amazon.com/AmazonRDS/latest/UserGuide/USER_ReadRepl.html,Read replicas replicate asynchronously and are read-only; use cases are read scaling and disaster recovery via promotion; cross-Region read replicas supported; standby replica in Multi-AZ is synchronous and cannot serve reads,2026-09-21,check-B2.3,,B2.3.md,yes
aws-two-region-active-writes-mcq-25,mcq,new,https://docs.aws.amazon.com/amazondynamodb/latest/developerguide/GlobalTables.html,Global tables are fully managed multi-Region multi-active replication; any replica can serve reads and writes; low or zero RPO by shifting traffic to another Region if processing is interrupted; asynchronous replication with last-writer-wins conflict resolution (MREC default); MRSC mode exists and is same-account only; no application changes needed (existing DynamoDB APIs),2026-09-21,check-B2.3,"WHY (S3 option): removed the claim that S3 ""offers no item-level conditional writes"" (S3 does support conditional PutObject inside a bucket); now says replication has no cross-Region conflict handling and a bucket is not a transactional key-value table.",B2.3.md,yes
aws-two-region-active-writes-mcq-25,mcq,new,https://docs.aws.amazon.com/AmazonRDS/latest/AuroraUserGuide/aurora-global-database.html,Aurora global database: writes only to the primary DB cluster in one Region; up to 10 read-only secondary Regions; write forwarding sends secondary write requests to the primary; replication latency typically under a second; failover/switchover needed to make a secondary the writer,2026-09-21,check-B2.3,,B2.3.md,yes
aws-two-region-active-writes-mcq-25,mcq,new,https://docs.aws.amazon.com/AmazonRDS/latest/UserGuide/USER_ReadRepl.html,RDS read replicas are read-only copies updated asynchronously; cross-Region read replicas supported; promotion to standalone is a manual DR action,2026-09-21,check-B2.3,,B2.3.md,yes
aws-two-region-active-writes-mcq-25,mcq,new,https://docs.aws.amazon.com/AmazonS3/latest/userguide/replication.html,S3 replication is asynchronous object copying between buckets; two-way (bi-directional) replication rules keep buckets in sync across Regions for Multi-Region Access Point failover; replica modification sync replicates metadata changes,2026-09-21,check-B2.3,,B2.3.md,yes
aws-two-region-active-writes-mcq-25,mcq,new,https://docs.aws.amazon.com/Route53/latest/DeveloperGuide/dns-failover-types.html,Active-active failover: any routing policy other than failover (for example latency or weighted) with health checks; Route 53 stops including a record it considers unhealthy and answers with any healthy record,2026-09-21,check-B2.3,,B2.3.md,yes
aws-route53-failover-to-static-page-mcq-27,mcq,new,https://docs.aws.amazon.com/Route53/latest/DeveloperGuide/resource-record-sets-choosing-alias-non-alias.html,"If an alias record points to an AWS resource you cannot set the TTL; Route 53 uses the default TTL for the resource (ELB TTL documented in the ELB request-routing page, 60 seconds); Route 53 does not charge for alias queries to AWS resources",2026-09-21,check-B2.3,source added by the check for the rewritten USAGE line,B2.3.md,yes
aws-single-rds-instance-az-failure-mcq-32,mcq,new,https://docs.aws.amazon.com/AmazonRDS/latest/UserGuide/USER_PIT.html,Point-in-time restore creates a new DB instance without modifying the source; RDS uploads transaction logs to S3 every five minutes; LatestRestorableTime is the newest point you can restore to; restore is allowed to any time within the backup retention period,2026-09-21,check-B2.3,source added by the check for the rewritten snapshot WHY,B2.3.md,yes
aws-vpc-service,service,new,https://docs.aws.amazon.com/vpc/latest/userguide/vpc-cidr-blocks.html,"VPC IPv4 CIDR allowed between /16 (65,536 IPs) and /28 (16 IPs); secondary IPv4 CIDR blocks can be associated; an existing CIDR block cannot be increased or decreased in size; primary CIDR cannot be disassociated",2026-09-21,check-B2.4,A: '5 per VPC' quota now stated as 5 IPv4 CIDR blocks per VPC including the primary (quota counts primary + secondary); public subnet = route to an Internet Gateway (normally 0.0.0.0/0) rather than only 0.0.0.0/0; 'Keep DNS attributes true' -> 'Set ... true' with note that enableDnsHostnames defaults to false outside the default VPC; trimmed to 119 words,B2.4.md,yes
aws-vpc-service,service,new,https://docs.aws.amazon.com/vpc/latest/userguide/subnet-sizing.html,"subnet IPv4 CIDR between /28 and /16; first four and last IP of each subnet reserved (network, VPC router, DNS at base+2, future use, broadcast) = 5 addresses",2026-09-21,check-B2.4,see first row of this uid,B2.4.md,yes
aws-vpc-service,service,new,https://docs.aws.amazon.com/vpc/latest/userguide/amazon-vpc-limits.html,"default quotas: VPCs per Region 5 (adjustable), Internet gateways per Region 5 (rises with VPC quota), IPv4 CIDR blocks per VPC 5 (up to 50), subnets per VPC 200, route tables per VPC 200, NAT gateways per AZ 5",2026-09-21,check-B2.4,see first row of this uid,B2.4.md,yes
aws-vpc-service,service,new,https://docs.aws.amazon.com/vpc/latest/userguide/configure-subnets.html,"each subnet must reside entirely within one Availability Zone; public subnet = direct route to an internet gateway, private subnet needs a NAT device; every subnet is associated with a route table, the main route table by default",2026-09-21,check-B2.4,see first row of this uid,B2.4.md,yes
aws-vpc-service,service,new,https://docs.aws.amazon.com/vpc/latest/userguide/AmazonDNS-concepts.html,"enableDnsHostnames default false unless default VPC, enableDnsSupport default true; private hosted zones in Route 53 and private DNS with interface VPC endpoints require both attributes true",2026-09-21,check-B2.4,see first row of this uid,B2.4.md,yes
aws-shared-posix-across-azs-mcq-18,mcq,new,https://docs.aws.amazon.com/efs/latest/ug/how-it-works.html,"EFS mounts over NFSv4.0/4.1; accessible concurrently from compute in multiple AZs of a Region; one mount target per AZ, file system DNS name resolves to the mount target in the same AZ as the instance; Regional file system has a mount target in each AZ, One Zone file system has a single mount target",2026-09-21,check-B2.4,"verified against source, no change",B2.4.md,yes
aws-shared-posix-across-azs-mcq-18,mcq,new,https://docs.aws.amazon.com/efs/latest/ug/performance.html,Elastic throughput is the recommended default and scales automatically for spiky or unpredictable workloads; General Purpose is the default performance mode; Max I/O not supported with Elastic throughput,2026-09-21,check-B2.4,"verified against source, no change",B2.4.md,yes
aws-shared-posix-across-azs-mcq-18,mcq,new,https://docs.aws.amazon.com/ebs/latest/userguide/ebs-volumes-multi.html,"Multi-Attach only for io1/io2 Provisioned IOPS volumes, up to 16 Nitro instances in the same Availability Zone; standard file systems such as XFS and EXT4 are not designed for simultaneous access, a clustered file system is required",2026-09-21,check-B2.4,"verified against source, no change",B2.4.md,yes
aws-shared-posix-across-azs-mcq-18,mcq,new,https://aws.amazon.com/s3/faqs/,"S3 is object storage, not a file system or block storage; unlimited volume and object count",2026-09-21,check-B2.4,"verified against source, no change",B2.4.md,yes
aws-tcp-static-ip-load-balancer-mcq-19,mcq,new,https://docs.aws.amazon.com/elasticloadbalancing/latest/network/introduction.html,"NLB functions at layer 4 of the OSI model; handles millions of requests per second and volatile workloads; target groups support TCP, UDP, TCP_UDP, TLS, QUIC; a network interface per enabled AZ gives each node a static IP; internet-facing NLB can associate one Elastic IP per subnet",2026-09-21,check-B2.4,"A: 'forwards TCP, UDP and TLS without touching the payload' -> 'forwards TCP and UDP flows without inspecting the application payload (TLS termination is optional)' because an NLB TLS listener does terminate TLS",B2.4.md,yes
aws-tcp-static-ip-load-balancer-mcq-19,mcq,new,https://docs.aws.amazon.com/elasticloadbalancing/latest/application/load-balancer-listeners.html,ALB listeners support protocols HTTP and HTTPS only (ports 1-65535); ALB functions at layer 7,2026-09-21,check-B2.4,see first row of this uid,B2.4.md,yes
aws-tcp-static-ip-load-balancer-mcq-19,mcq,new,https://aws.amazon.com/elasticloadbalancing/features/,"comparison table: ALB static/Elastic IP not supported, NLB static and Elastic IP supported; ALB layer 7 HTTP/HTTPS/gRPC, NLB layer 4 TCP/UDP/TLS",2026-09-21,check-B2.4,see first row of this uid,B2.4.md,yes
aws-tcp-static-ip-load-balancer-mcq-19,mcq,new,https://docs.aws.amazon.com/global-accelerator/latest/dg/introduction-how-it-works.html,"Global Accelerator provides two static anycast IPv4 addresses; standard accelerator endpoints are NLB, ALB, EC2 instances or Elastic IPs; TCP idle timeout 340 s, UDP 30 s",2026-09-21,check-B2.4,see first row of this uid,B2.4.md,yes
aws-tcp-static-ip-load-balancer-mcq-19,mcq,new,https://docs.aws.amazon.com/AmazonCloudFront/latest/DeveloperGuide/Introduction.html,CloudFront speeds up distribution of static and dynamic web content served over HTTP/HTTPS through edge locations; charges for data transfer out and HTTP/HTTPS requests,2026-09-21,check-B2.4,see first row of this uid,B2.4.md,yes
aws-d4-s3-lifecycle-management-mcq-05,mcq,new,https://docs.aws.amazon.com/AmazonS3/latest/userguide/lifecycle-transition-general-considerations.html,"a single Lifecycle rule cannot transition objects to another class before the minimum storage duration has passed (example: 90-day Glacier IR at day 4 forces Deep Archive at day 94 or later); objects under 128 KB not transitioned by default since Sept 2024 unless an object size filter is set; minimum storage 90 days Glacier Flexible Retrieval, 180 days Deep Archive; 40 KB per-object metadata overhead",2026-09-21,check-B2.4,"Stem: added ~3 months of weekly on-call reads needing millisecond access after day 30, so the Standard-IA stage until day 120 is justified (previously Standard -> Deep Archive at day 30 would have been cheaper than the keyed answer); A: first sentence explains why IA then Deep Archive; all numbers re-verified ($0.0036, $0.00099, $0.0025/1,000 objects, 90/180-day IT thresholds, 12-hour standard restore, 30-day IA minimum -> day 60 earliest)",B2.4.md,yes
aws-d4-s3-lifecycle-management-mcq-05,mcq,new,https://docs.aws.amazon.com/AmazonS3/latest/userguide/storage-class-intro.html,"comparison table: Standard-IA min storage duration 30 days and 128 KB min billable size; Glacier IR 90 days; Glacier Flexible Retrieval 90 days; Deep Archive 180 days; Intelligent-Tiering monitoring and automation fees per object, no retrieval fees, Infrequent Access tier after 30 days, Archive Instant Access after 90 days, optional Archive Access after 90 and Deep Archive Access after 180 consecutive days",2026-09-21,check-B2.4,see first row of this uid,B2.4.md,yes
aws-d4-s3-lifecycle-management-mcq-05,mcq,new,https://docs.aws.amazon.com/AmazonS3/latest/userguide/restoring-objects-retrieval-options.html,"Deep Archive: Standard retrieval within 12 hours, Bulk within 48 hours, Expedited not available; Glacier Flexible Retrieval: Expedited 1-5 minutes, Standard 3-5 hours, Bulk 5-12 hours",2026-09-21,check-B2.4,see first row of this uid,B2.4.md,yes
aws-d4-s3-lifecycle-management-mcq-05,mcq,new,https://aws.amazon.com/s3/pricing/,"US East (N. Virginia) pricing feed (b0.p.awsstatic.com meteredUnitMaps/s3): Glacier Flexible Retrieval storage $0.0036/GB-mo; Deep Archive $0.00099/GB-mo (also aws.amazon.com/s3/storage-classes/glacier/); Intelligent-Tiering monitoring $0.0000025 per object-month = $0.0025 per 1,000 objects; Standard-IA $0.0125/GB-mo",2026-09-21,check-B2.4,see first row of this uid,B2.4.md,yes
aws-d4-storage-service-cheapest-mcq-01,mcq,new,https://aws.amazon.com/s3/pricing/,"US East (N. Virginia) pricing feed: S3 Standard first 50 TB $0.023/GB-mo; Standard-IA $0.0125/GB-mo + $0.01/GB retrieval; Glacier Instant Retrieval $0.004/GB-mo + $0.03/GB retrieval; internet data transfer out first 10 TB $0.09/GB, 100 GB/month free",2026-09-21,check-B2.4,"verified against source, no change",B2.4.md,yes
aws-d4-storage-service-cheapest-mcq-01,mcq,new,https://aws.amazon.com/efs/pricing/,US East (N. Virginia) pricing feed (meteredUnitMaps/efs): EFS Standard (General Purpose) storage $0.30/GB-mo; Infrequent Access $0.016/GB-mo; provisioned throughput $6 per MiBps-mo,2026-09-21,check-B2.4,"verified against source, no change",B2.4.md,yes
aws-d4-storage-service-cheapest-mcq-01,mcq,new,https://aws.amazon.com/ebs/pricing/,gp3 storage $0.08 per GB-month in US East (N. Virginia); volume storage charged by GB provisioned per month until released,2026-09-21,check-B2.4,"verified against source, no change",B2.4.md,yes
aws-d4-storage-service-cheapest-mcq-01,mcq,new,https://docs.aws.amazon.com/AmazonS3/latest/userguide/storage-class-intro.html,"Glacier Instant Retrieval: 90-day minimum, 128 KB min billable, per-GB retrieval fees, designed for once-a-quarter access; S3 Standard designed for 99.999999999% durability; Standard-IA 30-day minimum",2026-09-21,check-B2.4,"verified against source, no change",B2.4.md,yes
aws-d4-storage-service-cheapest-mcq-01,mcq,new,https://docs.aws.amazon.com/ebs/latest/userguide/ebs-volumes-multi.html,EBS volumes attach to instances in one Availability Zone; Multi-Attach limited to io1/io2 and same AZ,2026-09-21,check-B2.4,"verified against source, no change",B2.4.md,yes
aws-d4-storage-tier-selection-mcq-03,mcq,new,https://docs.aws.amazon.com/AmazonS3/latest/userguide/storage-class-intro.html,"Standard-IA: once-a-month access, millisecond access, >=3 AZs, 30-day min, 128 KB min billable, per-GB retrieval fee, use for primary copy that cannot be re-created; One Zone-IA: 1 AZ, not resilient to AZ loss, use if data can be re-created; Glacier Instant Retrieval: once a quarter, 90-day min, per-GB retrieval fee; S3 Standard: more than once a month, no minimum",2026-09-21,check-B2.4,"verified against source, no change",B2.4.md,yes
aws-d4-storage-tier-selection-mcq-03,mcq,new,https://aws.amazon.com/s3/pricing/,"US East (N. Virginia) pricing feed: S3 Standard $0.023/GB-mo; Standard-IA $0.0125/GB-mo, retrieval $0.01/GB; One Zone-IA $0.01/GB-mo (20% below Standard-IA), retrieval $0.01/GB; Glacier IR $0.004/GB-mo, retrieval $0.03/GB; arithmetic: IA one read/month 0.0225 vs Standard 0.023 vs GIR 0.034",2026-09-21,check-B2.4,"verified against source, no change",B2.4.md,yes
aws-d4-compute-mixed-workload-choose-two-mcq-14,mcq,new,https://docs.aws.amazon.com/savingsplans/latest/userguide/plan-types.html,"Compute Savings Plans up to 66% off On-Demand, apply regardless of instance family, size, Region, OS, tenancy, and to Fargate and Lambda; EC2 Instance Savings Plans up to 72% for a commitment to a specific instance family in a Region, flexible on size/OS/tenancy; 1 or 3 year terms",2026-09-21,check-B2.4,"verified against source, no change",B2.4.md,yes
aws-d4-compute-mixed-workload-choose-two-mcq-14,mcq,new,https://docs.aws.amazon.com/AWSEC2/latest/UserGuide/using-spot-instances.html,"Spot: spare capacity below On-Demand price, suited to flexible/interruptible work such as batch jobs; two-minute interruption notice; Spot Instances are not covered by Savings Plans and Spot spend does not apply to Compute Savings Plans commitments",2026-09-21,check-B2.4,"verified against source, no change",B2.4.md,yes
aws-d4-compute-mixed-workload-choose-two-mcq-14,mcq,new,https://aws.amazon.com/ec2/pricing/,Spot discount up to 90% compared to On-Demand; per-second billing with 60-second minimum,2026-09-21,check-B2.4,"verified against source, no change",B2.4.md,yes
aws-d4-compute-mixed-workload-choose-two-mcq-14,mcq,new,https://docs.aws.amazon.com/AWSEC2/latest/UserGuide/instance-purchasing-options.html,"On-Demand pay by the second; Dedicated Hosts = physical host fully dedicated, bring existing per-socket/per-core/per-VM licenses and address compliance; Savings Plans commit to USD/hour for 1 or 3 years",2026-09-21,check-B2.4,"verified against source, no change",B2.4.md,yes
aws-d4-dynamodb-vs-rds-cost-mcq-24,mcq,new,https://docs.aws.amazon.com/amazondynamodb/latest/developerguide/on-demand-capacity-mode.html,"on-demand: pay-per-request, billed per read/write request unit, no capacity planning, zero traffic = no throughput charge, same single-digit millisecond latency as provisioned; on-demand is the default and recommended mode",2026-09-21,check-B2.4,"Option text: 'db.t3.micro, the smallest class available' -> 'one of the smallest classes available' (db.t4g.micro is the same size)",B2.4.md,yes
aws-d4-dynamodb-vs-rds-cost-mcq-24,mcq,new,https://docs.aws.amazon.com/AmazonRDS/latest/AuroraUserGuide/aurora-serverless-v2.how-it-works.html,"ACU ~2 GiB memory; capacity range 0.5-256 ACUs, 0 ACU minimum only on versions with auto-pause; idle cluster consumes approximately n x minimum ACUs; charges measured in ACU-hours",2026-09-21,check-B2.4,see first row of this uid,B2.4.md,yes
aws-d4-dynamodb-vs-rds-cost-mcq-24,mcq,new,https://docs.aws.amazon.com/AmazonRDS/latest/AuroraUserGuide/aurora-serverless-v2-auto-pause.html,"auto-pause requires minimum capacity 0 ACU; instance charge is zero while paused (storage still billed); default and minimum idle interval 300 s, max 86,400 s; typical resume about 15 seconds, 30 s or longer after 24 h paused; clusters with min > 0 (e.g. 0.5) never pause",2026-09-21,check-B2.4,see first row of this uid,B2.4.md,yes
aws-d4-dynamodb-vs-rds-cost-mcq-24,mcq,new,https://docs.aws.amazon.com/AmazonRDS/latest/UserGuide/USER_StopInstance.html,"RDS DB instance can be stopped for a maximum of 7 consecutive days, then RDS automatically starts it; while stopped not charged DB instance hours but charged for storage and backups",2026-09-21,check-B2.4,see first row of this uid,B2.4.md,yes
aws-d4-dynamodb-vs-rds-cost-mcq-24,mcq,new,https://docs.aws.amazon.com/AmazonElastiCache/latest/dg/WhatIs.html,"ElastiCache is a distributed in-memory data store or cache (Valkey, Memcached, Redis OSS), serverless or node-based",2026-09-21,check-B2.4,see first row of this uid,B2.4.md,yes
aws-d4-nat-single-vs-per-az-mcq-28,mcq,new,https://docs.aws.amazon.com/vpc/latest/userguide/nat-gateway-basics.html,"each NAT gateway is created in a specific AZ with redundancy in that zone; if the shared NAT gateway AZ is down, resources in other AZs lose internet access; create a NAT gateway in each AZ and route resources to the NAT gateway in the same AZ; 5 Gbps scaling to 100 Gbps; no security group on a NAT gateway",2026-09-21,check-B2.4,"A: removed the unsupported claim that two extra NAT gateway hourly charges are 'far less than the cross-zone and processing fees they remove' (per-AZ gateways remove only cross-AZ transfer, not processing); now quantifies: endpoints save about $600/month (13,653 GB x $0.045), two extra gateways about $66/month (2 x $0.045 x 730 h), close to the cross-AZ charge removed, and they buy zone isolation; trimmed to 118 words",B2.4.md,yes
aws-d4-nat-single-vs-per-az-mcq-28,mcq,new,https://aws.amazon.com/vpc/pricing/,NAT gateway $0.045 per hour and $0.045 per GB processed (US East); no data processing or hourly charges for gateway type VPC endpoints; cross-AZ data transfer $0.01/GB each direction,2026-09-21,check-B2.4,see first row of this uid,B2.4.md,yes
aws-d4-nat-single-vs-per-az-mcq-28,mcq,new,https://aws.amazon.com/privatelink/pricing/,interface endpoint $0.01 per VPC endpoint per AZ per hour (pricing feed meteredUnitMaps/vpc: Hourly charge for VPC Endpoints 0.01) plus $0.01 per GB processed for the first 1 PB,2026-09-21,check-B2.4,see first row of this uid,B2.4.md,yes
aws-d4-nat-single-vs-per-az-mcq-28,mcq,new,https://docs.aws.amazon.com/vpc/latest/privatelink/gateway-endpoints.html,"gateway endpoints exist for S3 and DynamoDB only, no additional charge, add a prefix-list route to the selected route tables; longest-prefix match beats the 0.0.0.0/0 internet route for in-Region service traffic",2026-09-21,check-B2.4,see first row of this uid,B2.4.md,yes
aws-d4-nat-single-vs-per-az-mcq-28,mcq,new,https://aws.amazon.com/ec2/pricing/on-demand/,"data transfer across AZs in the same Region $0.01/GB in each direction; same-AZ transfer between EC2/RDS/ENIs free; NAT Gateway, PrivateLink and Transit Gateway add their own data processing charges when in the path",2026-09-21,check-B2.4,see first row of this uid,B2.4.md,yes
aws-d4-transfer-cost-routes-mcq-30,mcq,new,https://aws.amazon.com/ec2/pricing/on-demand/,"data transferred to/from a public or Elastic IPv4 address is charged $0.01/GB in each direction; cross-AZ $0.01/GB each direction; data transferred between EC2, RDS, ElastiCache and ENIs in the same AZ is free; direct S3/DynamoDB to EC2 in the same Region free unless PrivateLink, NAT Gateway or Transit Gateway is in the path",2026-09-21,check-B2.4,"WHY (transit gateway): 'creates no path to S3 at all' -> 'creates no direct path to S3' (a TGW can reach S3 through an egress or endpoint VPC, just not directly)",B2.4.md,yes
aws-d4-transfer-cost-routes-mcq-30,mcq,new,https://aws.amazon.com/vpc/pricing/,VPC peering: data crossing an AZ within the same Region $0.01/GB in and out (same-AZ peering traffic carries no peering charge); NAT gateway $0.045/GB processed and $0.045/hour; gateway endpoints have no hourly or data processing charge,2026-09-21,check-B2.4,see first row of this uid,B2.4.md,yes
aws-d4-transfer-cost-routes-mcq-30,mcq,new,https://aws.amazon.com/privatelink/pricing/,"interface endpoint data processing $0.01/GB first 1 PB, $0.006 next 4 PB; $0.01 per endpoint per AZ per hour; 50 TB x $0.01 = about $500/month",2026-09-21,check-B2.4,see first row of this uid,B2.4.md,yes
aws-d4-transfer-cost-routes-mcq-30,mcq,new,https://aws.amazon.com/transit-gateway/pricing/,Transit Gateway $0.05 per hour per VPC attachment and $0.02 per GB data processed (US East example on the page),2026-09-21,check-B2.4,see first row of this uid,B2.4.md,yes
aws-d4-transfer-cost-routes-mcq-30,mcq,new,https://docs.aws.amazon.com/vpc/latest/privatelink/gateway-endpoints.html,gateway endpoint route (prefix list -> endpoint) is added to selected route tables and takes precedence over a 0.0.0.0/0 internet route for in-Region S3/DynamoDB traffic; no additional charge,2026-09-21,check-B2.4,see first row of this uid,B2.4.md,yes
aws-svc-ec2-when-and-when-not,service,new,https://aws.amazon.com/ec2/pricing/,"EC2 usage billed in one-second increments with a minimum of 60 seconds (Amazon Linux, Windows, RHEL, Ubuntu, Ubuntu Pro); Spot up to 90% off On-Demand",2026-09-21,check-B2.4,"verified against source, no change",B2.4.md,yes
aws-svc-ec2-when-and-when-not,service,new,https://docs.aws.amazon.com/AWSEC2/latest/UserGuide/instance-purchasing-options.html,"On-Demand, Savings Plans (1 or 3 years, USD/hour), Reserved Instances, Spot, Dedicated Hosts (bring per-socket/per-core/per-VM licenses), Dedicated Instances, Capacity Reservations",2026-09-21,check-B2.4,"verified against source, no change",B2.4.md,yes
aws-svc-ec2-when-and-when-not,service,new,https://docs.aws.amazon.com/savingsplans/latest/userguide/what-is-savings-plans.html,"Savings Plans save up to 72% on compute; Compute Savings Plans apply regardless of family, size, OS, tenancy, Region and to Fargate and Lambda",2026-09-21,check-B2.4,"verified against source, no change",B2.4.md,yes
aws-svc-ec2-when-and-when-not,service,new,https://aws.amazon.com/ec2/graviton/,Graviton-based instances cost up to 20% less than comparable x86-based EC2 instances,2026-09-21,check-B2.4,"verified against source, no change",B2.4.md,yes
aws-svc-ec2-when-and-when-not,service,new,https://docs.aws.amazon.com/AWSEC2/latest/UserGuide/using-spot-instances.html,"Spot two-minute interruption notice; suited to interruptible, flexible workloads",2026-09-21,check-B2.4,"verified against source, no change",B2.4.md,yes
aws-svc-s3-when-and-when-not,service,new,https://docs.aws.amazon.com/AmazonS3/latest/userguide/upload-objects.html,single PUT up to 5 GB; multipart upload for objects up to 50 TB; unlimited number of objects in a bucket,2026-09-21,check-B2.4,"verified against source, no change",B2.4.md,yes
aws-svc-s3-when-and-when-not,service,new,https://aws.amazon.com/s3/faqs/,"total volume of data and number of objects unlimited; designed for 99.999999999% (11 nines) durability; pay for storage, requests and data transfer; S3 is object storage, not a file system or block storage",2026-09-21,check-B2.4,"verified against source, no change",B2.4.md,yes
aws-svc-s3-when-and-when-not,service,new,https://docs.aws.amazon.com/AmazonS3/latest/userguide/storage-class-intro.html,"storage classes differ in price, minimum duration and retrieval fees; all classes designed for 99.999999999% durability; millisecond access for Standard/IA/Glacier IR",2026-09-21,check-B2.4,"verified against source, no change",B2.4.md,yes
aws-svc-s3-when-and-when-not,service,new,https://aws.amazon.com/s3/pricing/,"S3 Standard $0.023/GB-mo first 50 TB (US East); internet egress first 10 TB $0.09/GB; request charges per 1,000 requests",2026-09-21,check-B2.4,"verified against source, no change",B2.4.md,yes
aws-svc-s3-when-and-when-not,service,new,https://docs.aws.amazon.com/AmazonCloudFront/latest/DeveloperGuide/Introduction.html,data transfer from AWS origins such as S3 to CloudFront is free; CloudFront bills outbound transfer to viewers,2026-09-21,check-B2.4,"verified against source, no change",B2.4.md,yes
aws-svc-s3-when-and-when-not,service,new,https://docs.aws.amazon.com/vpc/latest/privatelink/gateway-endpoints.html,gateway endpoint for S3 has no additional charge and keeps in-VPC S3 traffic off the NAT gateway,2026-09-21,check-B2.4,"verified against source, no change",B2.4.md,yes
aws-d4-nat-single-vs-per-az-mcq-28,mcq,new,https://aws.amazon.com/vpc/pricing/,"US East (N. Virginia) pricing feed (meteredUnitMaps/ec2 natgateway.json): Hourly charge for NAT Gateways 0.045, per GB data processed by NatGateways 0.045; derived for the A: text: two thirds of 20 TB = 13,653 GB x $0.045 = about $614/month saved by gateway endpoints; 2 extra gateways x $0.045 x 730 h = about $66/month; cross-AZ on the remaining SaaS share about 4,551 GB x $0.01 = about $45 per direction",2026-09-21,check-B2.4,added by check-B2.4,B2.4.md,yes
aws-d4-s3-lifecycle-management-mcq-05,mcq,new,https://aws.amazon.com/s3/storage-classes/glacier/,"Deep Archive $0.00099 per GB-month ($1 per TB-month), retrieval 12-48 hours; Flexible Retrieval expedited 1-5 minutes, standard 3-5 hours, bulk 5-12 hours",2026-09-21,check-B2.4,added by check-B2.4,B2.4.md,yes
aws-d4-storage-service-cheapest-mcq-01,mcq,new,https://aws.amazon.com/ebs/pricing/,US East (N. Virginia) pricing feed (meteredUnitMaps/ec2 ebs.json): Storage General Purpose gp3 GB-Mo 0.08; EFS feed (meteredUnitMaps/efs): General Purpose Storage GB-Mo 0.30 (= 13.04 x S3 Standard $0.023),2026-09-21,check-B2.4,added by check-B2.4,B2.4.md,yes
aws-least-privilege-pattern,pattern,new,https://docs.aws.amazon.com/IAM/latest/UserGuide/best-practices.html | https://docs.aws.amazon.com/IAM/latest/UserGuide/access_policies_last-accessed.html,Best-practice list: apply least privilege (actions on specific resources under specific conditions); start with AWS managed policies then move to customer managed; Access Analyzer generates policies from CloudTrail activity; use conditions; last accessed information tracking period for services is at least 400 days; recent activity appears within four hours,2026-09-21,check-B2.5,"A: reworded last-accessed sentence: 400-day tracking period applies to service information (action tracking starts per service), was ""services and actions over at least 400 days""",B2.5.md,yes
aws-mfa-pattern,pattern,new,https://docs.aws.amazon.com/IAM/latest/UserGuide/id_credentials_mfa.html | https://docs.aws.amazon.com/IAM/latest/UserGuide/reference_policies_condition-keys.html | https://docs.aws.amazon.com/IAM/latest/UserGuide/id_credentials_mfa_configure-api-require.html | https://docs.aws.amazon.com/AmazonS3/latest/userguide/MultiFactorAuthenticationDelete.html | https://docs.aws.amazon.com/cognito/latest/developerguide/user-pool-settings-mfa.html,"MFA types: passkeys/security keys, virtual authenticator apps (TOTP), hardware TOTP tokens; root and IAM users can register up to eight devices; aws:MultiFactorAuthPresent present only with temporary credentials and absent for access-key requests; recommended Deny + BoolIfExists false; AssumeRole temporary credentials do not include MFA information in context; MFA-protected API access cannot be used with root credentials; S3 MFA delete only bucket owner (root account) via CLI/API not console; IAM Identity Center has its own MFA",2026-09-21,check-B2.5,"A: SCP trap made mechanistically precise: role sessions (EC2, Lambda, AssumeRole) carry no MFA info so aws:MultiFactorAuthPresent reads false and a Deny in an SCP blocks every workload role; trimmed to 120 words; Cognito user-pool MFA verified",B2.5.md,yes
aws-network-traffic-control-concept,concept,new,https://docs.aws.amazon.com/vpc/latest/userguide/infrastructure-security.html | https://docs.aws.amazon.com/network-firewall/latest/developerguide/what-is-aws-network-firewall.html,"Comparison table: SG instance level / allow only / evaluates all rules / stateful; NACL subnet level / allow and deny / ascending order until match / stateless; security groups the primary mechanism and NACLs stateless coarse-grain secondary control; SG rules can reference other SGs; traffic flows IGW -> route table -> NACL -> SG; Network Firewall filters at VPC perimeter using stateful Suricata IPS rules and domain lists, steered by route tables via firewall endpoints",2026-09-21,check-B2.5,none,B2.5.md,yes
aws-kms-key-policy-grants,pattern,new,https://docs.aws.amazon.com/kms/latest/developerguide/key-policy-default.html | https://docs.aws.amazon.com/kms/latest/developerguide/key-policy-modifying-external-accounts.html | https://docs.aws.amazon.com/kms/latest/developerguide/grants.html | https://docs.aws.amazon.com/kms/latest/developerguide/conditions-kms.html,"Key policy does not automatically give the account permission; 'Enable IAM User Permissions' statement kms:* to account root enables IAM policies and without it IAM allow policies are ineffective; key administrators statement (kms:Create*, Put*, ScheduleKeyDeletion etc.) has no cryptographic permissions; key users statement Encrypt/Decrypt/ReEncrypt*/GenerateDataKey*/DescribeKey; grant statement conditioned on kms:GrantIsForAWSResource; cross-account needs key policy AND IAM policy in external account, neither alone sufficient; grants used by integrated services and retired when done; kms:ViaService example ec2.us-west-2.amazonaws.com",2026-09-21,check-B2.5,none,B2.5.md,yes
aws-tls-in-transit-pattern,pattern,new,https://docs.aws.amazon.com/acm/latest/userguide/acm-services.html | https://docs.aws.amazon.com/elasticloadbalancing/latest/application/load-balancer-target-groups.html | https://docs.aws.amazon.com/elasticloadbalancing/latest/application/create-https-listener.html | https://docs.aws.amazon.com/AmazonS3/latest/userguide/security-best-practices.html | https://docs.aws.amazon.com/AmazonRDS/latest/UserGuide/PostgreSQL.Concepts.General.SSL.html | https://docs.aws.amazon.com/AmazonRDS/latest/UserGuide/mysql-ssl-connections.require-ssl.html,"ACM integrated services list (ELB, CloudFront, API Gateway, ...); associating an ACM-managed certificate directly with EC2 requires a Nitro Enclave; ACME/exportable certificates for instances; ALB HTTPS target group: load balancer does not validate target certificates, self-signed or expired accepted; NLB/CLB TCP 443 listener passes encrypted traffic without decrypting; S3 best practice aws:SecureTransport deny; rds.force_ssl default 1 for PostgreSQL 15+ and 0 for 14 and older; require_secure_transport default OFF, no reboot needed",2026-09-21,check-B2.5,none,B2.5.md,yes
aws-stateless-vs-stateful-workloads,pattern,new,https://docs.aws.amazon.com/wellarchitected/latest/framework/rel_mitigate_interaction_failure_stateless.html | https://docs.aws.amazon.com/elasticloadbalancing/latest/application/edit-target-group-attributes.html | https://docs.aws.amazon.com/amazondynamodb/latest/developerguide/TTL.html,"REL05-BP06: no dependence on locally stored data on disk or memory, servers replaced at will, horizontal scaling because any compute can service any request, then Lambda/Fargate; offload session data to ElastiCache, DynamoDB, EFS, MemoryDB; S3 for large unstructured data; ALB sticky sessions bind a session to a target, useful for servers that maintain state, duration 1 second to 7 days, unhealthy or deregistered target -> new target selected; DynamoDB TTL deletes expired items within a few days without consuming write throughput",2026-09-21,check-B2.5,none,B2.5.md,yes
aws-dr-pilot-light,pattern,new,https://docs.aws.amazon.com/whitepapers/latest/disaster-recovery-workloads-on-aws/disaster-recovery-options-in-the-cloud.html | https://docs.aws.amazon.com/wellarchitected/latest/reliability-pillar/rel_planning_for_recovery_disaster_recovery.html,"Pilot light: data replication resources always on, application servers loaded but switched off (best practice: not deployed); replication options S3 Replication, RDS read replicas, Aurora global databases, DynamoDB global tables; promoting non-Aurora RDS read replica takes a few minutes and includes a reboot; Aurora global database promotion in less than one minute; Route 53 / ARC / Global Accelerator for traffic; REL13-BP02: pilot light RPO in minutes, RTO in tens of minutes; continuous replication does not protect against corruption so keep point-in-time backups",2026-09-21,check-B2.5,none,B2.5.md,yes
aws-dr-warm-standby,pattern,new,https://docs.aws.amazon.com/whitepapers/latest/disaster-recovery-workloads-on-aws/disaster-recovery-options-in-the-cloud.html | https://docs.aws.amazon.com/wellarchitected/latest/reliability-pillar/rel_planning_for_recovery_disaster_recovery.html,"Warm standby: scaled down but fully functional copy always on; pilot light cannot process requests without additional action whereas warm standby can handle traffic at reduced capacity immediately; scale up by raising Auto Scaling group desired capacity; Auto Scaling is a control plane activity so provisioning enough capacity for initial traffic lowers the dependency; ensure service quotas in DR Region; REL13-BP02: warm standby RPO in seconds, RTO in minutes; multi-site active/active most complex and costly",2026-09-21,check-B2.5,none,B2.5.md,yes
aws-d4-storage-services-use-cases,concept,new,https://aws.amazon.com/s3/pricing/ | https://aws.amazon.com/ebs/pricing/ | https://aws.amazon.com/efs/pricing/,"US East (N. Virginia) via the pricing pages' price feed (b0.p.awsstatic.com meteredUnitMaps): S3 Standard first 50 TB $0.023 per GB-month; EBS gp3 $0.08 per GB-month (gp2 $0.10) with 3,000 IOPS and 125 MB/s baseline included; EFS Standard (General Purpose, Regional) $0.30 per GB-month; ratios computed: 0.30/0.023 = 13.0x S3 Standard, 0.30/0.08 = 3.75x gp3. NOTE: backlog row said 'EFS ~3x S3'; the primary prices show ~13x S3 and ~3.75x gp3, card states the verified ratios",2026-09-21,check-B2.5,"none (S3 Standard 0.023, gp3 0.08 / gp2 0.10, EFS General Purpose 0.30 re-read from the US East price feed 2026-09-21)",B2.5.md,yes
aws-d4-pat-s3-intelligent-tiering,pattern,new,https://docs.aws.amazon.com/AmazonS3/latest/userguide/intelligent-tiering-overview.html | https://aws.amazon.com/s3/pricing/ | https://docs.aws.amazon.com/AmazonS3/latest/userguide/storage-class-intro.html,"Infrequent Access after 30 consecutive days, Archive Instant Access after 90; optional Archive Access minimum 90 days and Deep Archive Access minimum 180 days, both configurable up to 730; access moves object back to Frequent; objects smaller than 128 KB not monitored, not eligible for tiering, always Frequent Access tier; storage class stays Intelligent-Tiering; pricing feed US East: monitoring and automation fee $0.0000025 per object per month = $0.0025 per 1,000 objects; Frequent Access first 50 TB $0.023 per GB-month same as S3 Standard; Infrequent $0.0125; Archive Instant $0.004; no retrieval charges and no additional tiering charges (pricing page text)",2026-09-21,check-B2.5,"none (30/90/90-730/180-730 days, 128 KB, $0.0000025 per object-month = $0.0025 per 1,000, Frequent = Standard 0.023, min storage duration None re-verified)",B2.5.md,yes
aws-d4-compute-utilization-optimization,concept,new,https://aws.amazon.com/fargate/pricing/ | https://aws.amazon.com/ecs/pricing/ | https://aws.amazon.com/lambda/pricing/ | https://docs.aws.amazon.com/lambda/latest/dg/gettingstarted-limits.html,"Fargate: pay for vCPU, memory and storage per second with a 1-minute minimum, from container image pull until task terminates; ECS EC2 launch type: no additional charge, pay for EC2 instances and EBS volumes; Savings Plans apply to Fargate vCPU and memory; Lambda: $0.20 per 1M requests plus duration in GB-seconds rounded up to nearest 1 ms; Lambda timeout 900 seconds (15 minutes) for standard invocations, memory 128 MB to 10,240 MB. NOTE: backlog's '>~60-70% utilization break-even' has no primary source; card states the rule qualitatively (sustained high utilization -> EC2 with commitment; bursty -> Fargate/Lambda)",2026-09-21,check-B2.5,"none (Fargate per-second 1-min minimum from image pull, Lambda $0.20 per 1M, 1 ms, 900 s, 10,240 MB re-verified; note Lambda Managed Instances async allow 90 min, card keeps the standard 15 min)",B2.5.md,yes
aws-d4-pat-nat-single-vs-per-az,pattern,new,https://aws.amazon.com/vpc/pricing/ | https://aws.amazon.com/ec2/pricing/on-demand/ | https://docs.aws.amazon.com/vpc/latest/userguide/nat-gateway-basics.html | https://aws.amazon.com/vpc/pricing/ (NAT example) | b0.p.awsstatic.com meteredUnitMaps ec2/natgateway.json,"NAT gateway $0.045 per hour and $0.045 per GB processed (pricing page example, US East); data transfer charges apply between NAT gateway and EC2 instance in a different AZ; cross-AZ data transfer $0.01/GB in each direction (EC2 on-demand pricing, Data Transfer within the same AWS Region); NAT gateway is created in a specific AZ; if its AZ is down other AZs lose internet access; create a NAT gateway in each AZ and configure routing so resources use the NAT gateway in the same AZ; monthly = 0.045 x 730 h = $32.85 (~$33)",2026-09-21,check-B2.5,"none (0.045/h and 0.045/GB US East from feed, $0.01/GB each direction cross-AZ from EC2 on-demand page text, NAT per-AZ guidance re-verified)",B2.5.md,yes
aws-iam-roles-vs-users,service+concept,partial,https://docs.aws.amazon.com/IAM/latest/UserGuide/introduction.html | https://docs.aws.amazon.com/IAM/latest/UserGuide/access_policies.html | https://docs.aws.amazon.com/IAM/latest/UserGuide/best-practices.html | https://docs.aws.amazon.com/IAM/latest/UserGuide/root-user-best-practices.html | https://docs.aws.amazon.com/IAM/latest/UserGuide/introduction_attribute-based-access-control.html | https://docs.aws.amazon.com/IAM/latest/UserGuide/reference_policies_evaluation-logic.html,"backlog rows aws-iam-service + aws-security-best-practices-concept merged (same existing_uid). Verified: IAM/STS/Identity Center offered at no additional charge; policy types list (identity-based, resource-based, permissions boundaries, SCPs, RCPs, ACLs, session policies) and that boundaries/SCPs/session policies do not grant; explicit deny overrides allow, default implicit deny; ABAC = tag-based (aws:PrincipalTag/aws:ResourceTag); best practices: federation via Identity Center for humans, roles for workloads, MFA, no root access keys, least privilege, CloudTrail. Self-referential USAGE replaced per backlog section 3.",2026-09-21,check-B3a,"verified against source_url, no change",B3a.md,yes
aws-organizations-scp,service+concept,partial,https://docs.aws.amazon.com/organizations/latest/userguide/orgs_manage_policies_scps.html | https://docs.aws.amazon.com/organizations/latest/userguide/orgs_manage_org_support-all-features.html | https://docs.aws.amazon.com/organizations/latest/userguide/orgs_getting-started_concepts.html | https://docs.aws.amazon.com/awsaccountbilling/latest/aboutv2/consolidated-billing.html | https://docs.aws.amazon.com/ram/latest/userguide/what-is.html,"backlog rows aws-organizations-service + aws-multi-account-access-management merged. Verified: SCP never grants, applies to member accounts incl. root user, not to management account or service-linked roles; SCPs available only with all features enabled (also policies/delegated admin need all features); OU nesting inherits policies (up to five levels); consolidated billing shares volume pricing tiers, Reserved Instance and Savings Plans discounts at no extra fee; delegated administrator for services; RAM shares subnets/transit gateways without copying, no charge.",2026-09-21,check-B3a,"verified against source_url, no change",B3a.md,yes
aws-iam-identity-center,concept,partial,https://docs.aws.amazon.com/IAM/latest/UserGuide/id_roles_providers.html | https://docs.aws.amazon.com/singlesignon/latest/userguide/what-is.html | https://docs.aws.amazon.com/cognito/latest/developerguide/identity-pools.html | https://docs.aws.amazon.com/IAM/latest/UserGuide/id_credentials_temp_request.html,"backlog row aws-federated-access-concept. Verified: federation table (Identity Center = multi-account workforce, SAML 2.0/AD/Identity Center directory; IAM federation = single standalone account, SAML 2.0 or OIDC; Cognito identity pools = app users, AssumeRoleWithWebIdentity); Identity Center organization instance lives in management account, permission sets provision across accounts; AssumeRoleWithSAML/AssumeRoleWithWebIdentity are unsigned calls returning temporary credentials; identity pools issue temporary credentials for authenticated and guest users. Difficulty raised d1->d2 per row.",2026-09-21,check-B3a,A: Cognito clause reworded - identity pools issue role credentials via GetCredentialsForIdentity in the enhanced flow and call AssumeRoleWithWebIdentity directly only in the classic flow (identity-pools.html); was stated as unconditional AssumeRoleWithWebIdentity.,B3a.md,yes
aws-iam-policy-evaluation-explicit-deny,pattern,partial,https://docs.aws.amazon.com/IAM/latest/UserGuide/access_policies.html | https://docs.aws.amazon.com/IAM/latest/UserGuide/reference_policies_evaluation-logic.html,"backlog row aws-iam-policy-types-pattern. Verified: six policy types and their roles; resource-based policy in same account needs no identity policy, cross-account needs both; permissions boundary = max for identity-based policy, does not grant; SCP = max for member-account principals; session policy limits a session; ACLs = cross-account only, non-JSON; same-account identity OR resource allow suffices; explicit deny in any policy overrides allow.",2026-09-21,check-B3a,"verified against source_url, no change",B3a.md,yes
aws-sts-assume-role-cross-account,pattern,partial,https://docs.aws.amazon.com/IAM/latest/UserGuide/id_credentials_temp_request.html | https://docs.aws.amazon.com/IAM/latest/UserGuide/id_roles.html | https://docs.aws.amazon.com/IAM/latest/UserGuide/id_roles_use_revoke-sessions.html,"backlog row aws-sts-temporary-credentials. Verified: AssumeRole, AssumeRoleWithWebIdentity (JWT, unsigned), AssumeRoleWithSAML (unsigned, default 1 hour), GetFederationToken (default 12 h, 900 s to 129,600 s = 15 min to 36 h), GetSessionToken (IAM user, default 12 h, 15 min to 36 h, root capped at 1 h); AssumeRole DurationSeconds up to 43,200 s (12 h) subject to role max session duration; role chaining capped at one hour regardless of role setting; revoke via Deny with DateLessThan aws:TokenIssueTime (only affects temporary-credential requests). External ID/confused deputy retained from live card.",2026-09-21,check-B3a,"verified against source_url, no change",B3a.md,yes
aws-guardduty-inspector-macie-detective,service x4,partial,https://docs.aws.amazon.com/guardduty/latest/ug/what-is-guardduty.html | https://docs.aws.amazon.com/inspector/latest/user/what-is-inspector.html | https://docs.aws.amazon.com/macie/latest/user/what-is-macie.html | https://docs.aws.amazon.com/detective/latest/userguide/what-is-detective.html,"backlog rows aws-detective-service + aws-guardduty-service + aws-inspector-service + aws-macie-service merged (same existing_uid). Verified: GuardDuty foundational sources = CloudTrail management events, VPC flow logs, DNS logs, no extra enablement; protection plans S3, EKS, Runtime Monitoring, Malware (EC2/S3/Backup), RDS, Lambda, AI; multi-account via Organizations; EventBridge event on finding changes. Inspector scans EC2, ECR images, Lambda; continuous rescans on package/patch/new CVE; network reachability; delegated administrator; findings to EventBridge and Security Hub. (SSM Agent dependency for EC2 agent-based scanning is stated in Inspector scanning docs; agentless option also exists.) Macie: S3 general purpose bucket inventory, public/encryption/shared evaluation, automated discovery + discovery jobs, managed and custom data identifiers, EventBridge/Security Hub; S3 only. Detective: extracts events from CloudTrail and VPC flow logs, ingests GuardDuty findings, behavior graph, up to a year of data. Difficulty d2->d1 per rows.",2026-09-21,check-B3a,"verified against source_url, no change",B3a.md,yes
aws-direct-connect-encryption,service,partial,https://docs.aws.amazon.com/directconnect/latest/UserGuide/Welcome.html | https://docs.aws.amazon.com/directconnect/latest/UserGuide/dedicated_connection.html | https://docs.aws.amazon.com/directconnect/latest/UserGuide/hosted_connection.html | https://docs.aws.amazon.com/directconnect/latest/UserGuide/MACsec.html | https://aws.amazon.com/directconnect/resiliency-recommendation/,"backlog row aws-direct-connect-service. Verified: dedicated port speeds 1, 10, 100, 400 Gbps; hosted 50 Mbps to 25 Gbps (50/100/200/300/400/500 Mbps, 1/2/5/10/25 Gbps) provisioned by a partner; up to 72 business hours for AWS to provision the port, then LOA-CFA and cross-connect (weeks overall); private VIF -> one VPC or DX gateway (multi-Region/account), transit VIF -> transit gateways, public VIF -> public AWS services; MACsec on 10/100/400 Gbps dedicated connections at selected points of presence, not on hosted connections, layer-2 point-to-point only; resiliency models need separate connections/locations. Difficulty d3->d2 per row; USAGE added per backlog section 3.",2026-09-21,check-B3a,"verified against source_url, no change",B3a.md,yes
aws-waf-vs-shield,service x2,partial,https://docs.aws.amazon.com/waf/latest/developerguide/how-aws-waf-works.html | https://docs.aws.amazon.com/waf/latest/developerguide/web-acl-associating-aws-resource.html | https://aws.amazon.com/waf/pricing/ | https://aws.amazon.com/shield/pricing/,"backlog rows aws-shield-service + aws-waf-service merged. Verified: web ACL / rules / rule groups / managed rule groups / rate-based; association targets = API Gateway REST, ALB, AppSync, Cognito user pool, App Runner, Bedrock AgentCore Gateway, Verified Access, Amplify (regional) and CloudFront (global, us-east-1); NLB and EC2 not listed; WAF pricing $5.00 per web ACL/month, $1.00 per rule/month, $0.60 per million requests; Shield Standard no additional charge (L3/L4); Shield Advanced $3,000/month, 1-year commitment, DDoS Response Team, DDoS cost protection, WAF requests on protected resources included. Difficulty d2->d1 per rows.",2026-09-21,check-B3a,"verified against source_url, no change",B3a.md,yes
aws-secrets-manager-vs-parameter-store,concept,partial,https://aws.amazon.com/secrets-manager/pricing/ | https://aws.amazon.com/systems-manager/pricing/ | https://docs.aws.amazon.com/AWSEC2/latest/UserGuide/configuring-instance-metadata-service.html | https://docs.aws.amazon.com/IAM/latest/UserGuide/best-practices.html,"backlog row aws-app-credentials-security-concept. Verified: Secrets Manager $0.40 per secret per month, $0.05 per 10,000 API calls; Parameter Store standard parameters no additional charge, advanced $0.05 per parameter per month; IMDSv2 session token via PUT, hop limit 1 by default, token TTL up to 6 hours; best practice: compute services receive temporary role credentials, no long-lived keys distributed to workloads. Stem trimmed per backlog section 3 (was 261 chars).",2026-09-21,check-B3a,"verified against source_url, no change",B3a.md,yes
aws-alb-authentication-cognito-oidc,concept,partial,https://docs.aws.amazon.com/elasticloadbalancing/latest/application/listener-authenticate-users.html,"backlog row aws-secure-application-access-concept. Verified: authenticate-cognito / authenticate-oidc supported only on HTTPS listeners; x-amzn-oidc-data is the only signed header, verify signature and signer ARN; load balancer must reach IdP token/user-info endpoints, internal ALB needs a NAT gateway; restrict targets to the ALB security group. Session Manager / presigned URL / OAC / VPC endpoint angles are cross-references to existing live cards (aws-ssm-session-manager-vs-bastion, aws-s3-presigned-urls, aws-s3-cloudfront-oac, aws-vpc-endpoints-gateway-vs-interface).",2026-09-21,check-B3a,"verified against source_url, no change",B3a.md,yes
aws-vpc-security-group-vs-nacl,pattern,partial,https://docs.aws.amazon.com/vpc/latest/userguide/vpc-network-acls.html | https://docs.aws.amazon.com/vpc/latest/userguide/nacl-rules.html | https://docs.aws.amazon.com/vpc/latest/userguide/default-network-acl.html | https://docs.aws.amazon.com/vpc/latest/userguide/nacl-ephemeral-ports.html,"backlog row aws-nacl-rules-pattern. Verified: NACL stateless, subnet-level, rules 1-32766 evaluated lowest first, first match applies, asterisk rule denies; default NACL allows all inbound/outbound (rule 100), custom NACL denies all until rules added; ephemeral ports 1024-65535 recommended (Linux 32768-60999, Windows 49152-65535, NAT gateway/ELB 1024-65535), return traffic needs rules in both directions; security groups stateful. Difficulty d1->d2 per row; scenario stem and USAGE added per backlog section 3.",2026-09-21,check-B3a,"verified against source_url, no change",B3a.md,yes
aws-vpc-private-subnet-nat,pattern,partial,https://docs.aws.amazon.com/vpc/latest/userguide/configure-subnets.html | https://docs.aws.amazon.com/vpc/latest/userguide/VPC_Route_Tables.html,"backlog row aws-public-private-subnet-segmentation (absorbs aws-subnet-tiers-pattern). Verified: subnet types defined by routing: public = direct route to internet gateway, private = no direct IGW route, NAT device for outbound, isolated = no routes outside the VPC; subnet lives in one AZ; public IP auto-assign is a subnet attribute. VPC endpoint sentence removed and self-referential USAGE replaced per backlog section 3. Difficulty d2->d1 per row.",2026-09-21,check-B3a,"verified against source_url, no change",B3a.md,yes
aws-vpc-peering-vs-transit-gateway,pattern,partial,https://docs.aws.amazon.com/vpc/latest/userguide/RouteTables.html | https://docs.aws.amazon.com/vpc/latest/userguide/route-tables-priority.html | https://docs.aws.amazon.com/vpc/latest/userguide/configure-subnets.html | https://docs.aws.amazon.com/vpc/latest/userguide/vpc-peering.html,backlog row aws-route-tables-pattern (absorbs aws-vpc-routing-pattern). Verified: main route table controls subnets not explicitly associated; every subnet is associated with one route table; local route is the default in-VPC route; propagation adds VPN routes automatically when enabled on a virtual private gateway; longest prefix match wins; static route takes priority over a propagated route with an identical destination. Peering non-transitive / non-overlapping CIDR / routes on both sides retained from live card (Amazon VPC Peering Guide).,2026-09-21,check-B3a,"verified against source_url, no change",B3a.md,no: alternate replacement block not used
aws-cloudtrail-vs-config-vs-cloudwatch,service,partial,https://docs.aws.amazon.com/awscloudtrail/latest/userguide/cloudtrail-user-guide.html,"backlog row aws-cloudtrail-service. Verified: Event history = 90 days of management events per Region, no charge; trails deliver to S3 with optional CloudWatch Logs/EventBridge, one copy of ongoing management events free; organization trails via Organizations; Insights events optional; CloudTrail Lake event data stores retain up to 3,653 days (about 10 years) on the one-year extendable option; log file integrity validation retained from live card. Data events cost extra (CloudTrail pricing page). Difficulty d2->d1 per row.",2026-09-21,check-B3a,"verified against source_url, no change",B3a.md,yes
aws-kms-key-rotation-and-multi-region,service,partial,https://docs.aws.amazon.com/kms/latest/developerguide/concepts.html | https://docs.aws.amazon.com/kms/latest/developerguide/key-policies.html | https://docs.aws.amazon.com/kms/latest/developerguide/grants.html | https://docs.aws.amazon.com/kms/latest/APIReference/API_Encrypt.html | https://docs.aws.amazon.com/kms/latest/developerguide/deleting-keys.html | https://aws.amazon.com/kms/pricing/,"backlog row aws-kms-service. Verified: customer managed vs AWS managed (aws/<service>, rotated annually, cannot share resources across accounts, no monthly fee) vs AWS owned (no charge, not viewable); customer managed key $1/month prorated hourly, $0.03 per 10,000 requests, 20,000 free requests/month; every key has exactly one key policy, IAM policies cannot allow unless the key policy permits, key policies are Regional; grants allow-only, used by AWS services for temporary permissions; Encrypt plaintext max 4,096 bytes for SYMMETRIC_DEFAULT; deletion waiting period 7-30 days, default 30; rotation default 365 days and multi-Region key facts retained from live card.",2026-09-21,check-B3a,"verified against source_url, no change",B3a.md,yes
aws-iam-access-analyzer-credential-report,concept,partial,https://docs.aws.amazon.com/AmazonS3/latest/userguide/access-control-block-public-access.html | https://docs.aws.amazon.com/IAM/latest/UserGuide/introduction_attribute-based-access-control.html | https://docs.aws.amazon.com/lake-formation/latest/dg/what-is-lake-formation.html | https://docs.aws.amazon.com/awscloudtrail/latest/userguide/cloudtrail-user-guide.html,"backlog row aws-data-access-governance-concept. Verified: S3 Block Public Access four settings (BlockPublicAcls, IgnorePublicAcls, BlockPublicPolicy, RestrictPublicBuckets), applicable at access point/bucket/account/organization level, most restrictive wins, AWS recommends all four on; ABAC uses principal/resource tags; Lake Formation grants at database/table/column/row/cell level enforced by Athena, Redshift Spectrum, EMR, Glue; CloudTrail data events log object-level activity. Access Analyzer and credential report facts retained from live card. Difficulty d1->d2 per row.",2026-09-21,check-B3a,"verified against source_url, no change",B3a.md,yes
aws-backup-service,concept,partial,https://docs.aws.amazon.com/AmazonRDS/latest/UserGuide/USER_WorkingWithAutomatedBackups.BackupRetention.html | https://docs.aws.amazon.com/amazondynamodb/latest/developerguide/PointInTimeRecovery.html | https://docs.aws.amazon.com/AmazonS3/latest/userguide/object-lock.html | https://docs.aws.amazon.com/aws-backup/latest/devguide/vault-lock.html,"backlog row aws-data-recovery-concept. Verified: RDS backup retention 0-35 days (0 disables; Multi-AZ cluster 1-35); DynamoDB PITR recovery window up to 35 days, restore creates a new table; AWS Backup plan/vault/cross-Region copy/Organizations/Vault Lock facts retained from live card. Difficulty d1->d2 per row.",2026-09-21,check-B3a,"A: 'even root cannot undo after the grace period' applied to both locks; only AWS Backup Vault Lock compliance mode has a grace time (>= 72 hours, aws-backup vault-lock.html), S3 Object Lock compliance mode has none. Rewritten so the trigger phrase maps to each lock correctly; duplicate sentence merged (116 words).",B3a.md,yes
aws-s3-object-lock-worm,concept,partial,https://docs.aws.amazon.com/amazonglacier/latest/dev/vault-lock.html | https://docs.aws.amazon.com/AmazonCloudWatchLogs/latest/APIReference/API_PutRetentionPolicy.html | https://docs.aws.amazon.com/AmazonCloudWatch/latest/logs/Working-with-log-groups-and-streams.html | https://docs.aws.amazon.com/macie/latest/user/what-is-macie.html,"backlog row aws-data-retention-classification-concept. Verified: Glacier Vault Lock policy locks WORM/retention controls and cannot be changed once locked (24-hour in-progress window); CloudWatch Logs retention default never expire, retentionInDays values 1 through 3653; Macie classification via managed/custom data identifiers. Object Lock compliance/governance/legal hold facts retained from live card; the governance-override IAM action name was paraphrased to avoid a prohibited word.",2026-09-21,check-B3a,"verified against source_url, no change",B3a.md,yes
aws-kms-envelope-encryption,concept,partial,https://docs.aws.amazon.com/kms/latest/developerguide/data-keys.html | https://docs.aws.amazon.com/kms/latest/developerguide/concepts.html | https://docs.aws.amazon.com/kms/latest/APIReference/API_Encrypt.html | https://aws.amazon.com/cloudhsm/faqs/,"backlog row aws-encryption-key-management-concept. Verified: GenerateDataKey returns plaintext + encrypted data key, KMS never stores data keys, Decrypt unwraps; Encrypt max 4,096 bytes; AWS owned free/invisible, AWS managed rotated yearly with no policy control, customer managed full control incl. cross-account; CloudHSM single-tenant, FIPS 140-3 Level 3 (hsm2m.medium) / FIPS 140-2 Level 3. Difficulty d3->d2 and USAGE added per backlog section 3.",2026-09-21,check-B3a,"verified against source_url, no change",B3a.md,yes
aws-lambda-event-source-mappings-sqs-batching,mcq,partial,https://docs.aws.amazon.com/lambda/latest/dg/with-sqs.html | https://docs.aws.amazon.com/lambda/latest/dg/services-sqs-errorhandling.html | https://docs.aws.amazon.com/lambda/latest/dg/services-sqs-parameters.html | https://docs.aws.amazon.com/lambda/latest/dg/services-sqs-scaling.html | https://docs.aws.amazon.com/AWSSimpleQueueService/latest/SQSDeveloperGuide/sqs-dead-letter-queues.html,"backlog row aws-lambda-sqs-batch-partial-failure-mcq-10; live Q/A card converted to MCQ under the same uid (qualifier bucket most-performant rendered as MOST efficient). Verified: by default a batch error makes all messages visible again after the visibility timeout; ReportBatchItemFailures in FunctionResponseTypes returns batchItemFailures with itemIdentifier message IDs; throwing an exception fails the whole batch; BatchSize default 10, max 10,000 standard / 10 FIFO; batch window up to 5 minutes (300 s); invocation payload quota 6 MB; at-least-once delivery, idempotency recommended; SQS redrive policy maxReceiveCount moves a message to the DLQ after that many receives; scaling starts at five concurrent invocations, +300/minute.",2026-09-21,check-B3a,"WHY on the DLQ distractor: 'each of those receives reprocesses the nine good messages' implied the same batch is re-polled; reworded to 'every batch it lands in fails whole, so its companions are reprocessed' (batches regroup on each poll). Verified maxReceiveCount semantics (sqs-dead-letter-queues.html) and whole-batch failure default (services-sqs-errorhandling.html). All other numbers (10,000/10 batch size, 300 s window, 6 MB payload) re-verified.",B3a.md,yes
aws-api-gateway-caching-and-throttling,concept,partial,https://docs.aws.amazon.com/apigateway/latest/developerguide/api-gateway-limits.html | https://docs.aws.amazon.com/apigateway/latest/developerguide/canary-release.html | https://docs.aws.amazon.com/apigateway/latest/developerguide/how-to-specify-certificate-for-custom-domain-name.html,"backlog row aws-api-management-lifecycle. Verified: account-level throttle 10,000 requests per second with 5,000 burst per Region; integration timeout 50 ms-29 s default, raisable for Regional/private REST APIs; cache TTL max 3,600 s; canary release = percentTraffic on a stage's canarySettings with stage variable overrides, promote when satisfied; ACM certificate must be in us-east-1 for edge-optimized custom domains and in the API's Region for Regional ones. Cache/usage plan facts retained from live card.",2026-09-21,check-B3a,"verified against source_url, no change",B3a.md,yes
aws-global-accelerator-vs-cloudfront,concept,partial,https://docs.aws.amazon.com/global-accelerator/latest/dg/what-is-global-accelerator.html | https://aws.amazon.com/cloudfront/features/,"backlog row aws-edge-accelerator-offload (written from the origin-offload / when-neither angle to stay distinct from aws-edge-networking-cloudfront-vs-ga). Verified: Global Accelerator provides two static anycast IPv4 addresses that persist while the accelerator exists and are lost on delete; endpoints NLB, ALB, EC2, Elastic IP across Regions; routes over the AWS global network; CloudFront 750+ points of presence. TCP/UDP listeners and no-cache facts retained from live card.",2026-09-21,check-B3a,"verified against source_url, no change",B3a.md,no: alternate replacement block not used
aws-sqs-sns-eventbridge-choice,concept,partial,https://docs.aws.amazon.com/eventbridge/latest/userguide/eb-rule-retry-policy.html | https://docs.aws.amazon.com/eventbridge/latest/userguide/eb-rule-dlq.html | https://docs.aws.amazon.com/lambda/latest/dg/with-sqs.html,"backlog row aws-event-driven-architecture. Verified: EventBridge retries delivery for 24 hours and up to 185 times with exponential backoff and jitter, then drops the event; DLQ (standard SQS queue) receives undelivered events; event source mappings and standard queues deliver at least once, consumers should be idempotent. Self-referential USAGE replaced per backlog section 3.",2026-09-21,check-B3a,"verified against source_url, no change",B3a.md,yes
aws-alb-vs-nlb,"concept+pattern+service (rows 29,33,49 merged; §3 usage fix)",partial,https://docs.aws.amazon.com/elasticloadbalancing/latest/application/listener-rules.html | https://docs.aws.amazon.com/elasticloadbalancing/latest/application/rule-action-types.html | https://docs.aws.amazon.com/elasticloadbalancing/latest/application/load-balancer-target-groups.html | https://docs.aws.amazon.com/elasticloadbalancing/latest/network/introduction.html | https://docs.aws.amazon.com/elasticloadbalancing/latest/gateway/introduction.html,"ALB rule conditions host/path/HTTP header/method/query string/source IP; forward action with weighted target groups; target types instance/ip/lambda; ip targets reach peered VPCs and on-prem via DX/VPN; health checks per target group; ASG attachment registers targets; NLB layer 4, TCP/UDP/TLS, millions of requests per second, static IP + optional one EIP per subnet; GWLB layer 3, GENEVE port 6081, firewall/IDS appliances",2026-09-21,check-B3b,"A: ""third type"" -> ""third current-generation type"" (Classic LB still exists); ledger: dead listener-update-rules.html URL (302 to guide root) replaced by listener-rules.html + rule-action-types.html; all rule conditions, weighted forward 0-999, target types, DX/VPN ip targets, NLB one EIP per subnet, GWLB GENEVE 6081 re-verified",B3b.md,no: alternate replacement block not used
aws-lambda-limits-timeout-payload,"concept+service (rows 30,52 merged)",partial,https://docs.aws.amazon.com/lambda/latest/dg/gettingstarted-limits.html | https://docs.aws.amazon.com/lambda/latest/dg/lambda-invocation.html | https://docs.aws.amazon.com/AmazonECS/latest/developerguide/fargate-tasks-services.html | https://docs.aws.amazon.com/lambda/latest/dg/lambda-managed-instances.html,"timeout 900 s (15 min); Lambda Managed Instances up to 5,400 s (90 min) for async and most ESM invocations; memory 128-10,240 MB; payload 6 MB sync / 1 MB async; package 50 MB zipped / 250 MB unzipped; container image 10 GB; default 1,000 concurrent executions per Region; sync vs async vs event source mapping invocation models",2026-09-21,check-B3b,"none; 900 s, 5,400 s Managed Instances (async + ESM except MQ/DocumentDB), 128-10,240 MB, 6 MB sync / 1 MB async, 50/250 MB, 10 GB image, 1,000 concurrency re-verified",B3b.md,no: alternate replacement block not used
aws-ebs-vs-efs-vs-instance-store,concept (row 31; §3 usage fix),partial,https://docs.aws.amazon.com/AmazonS3/latest/userguide/upload-objects.html | https://docs.aws.amazon.com/AmazonS3/latest/userguide/qfacts.html | https://aws.amazon.com/efs/faq/ | https://docs.aws.amazon.com/ebs/latest/userguide/ebs-volume-types.html,"single PUT up to 5 GB; multipart up to 50 TB (48.8 TiB); S3 designed for 99.999999999% durability (existing card); EFS NFS-only, 11 nines; EBS one instance one AZ",2026-09-21,check-B3b,"none; 5 GB single PUT, 50 TB (48.8 TiB) multipart, EFS 11 nines NFS v4 re-verified",B3b.md,yes
aws-step-functions-standard-vs-express,concept (row 32),partial,https://docs.aws.amazon.com/step-functions/latest/dg/concepts-error-handling.html | https://docs.aws.amazon.com/step-functions/latest/dg/choosing-workflow-type.html,"Retry fields IntervalSeconds (default 1), MaxAttempts (default 3), BackoffRate (default 2.0), MaxDelaySeconds, JitterStrategy FULL/NONE; Catch on Task/Parallel/Map; States.Timeout from TimeoutSeconds/HeartbeatSeconds; Standard 1 year / Express 5 min retained from existing card",2026-09-21,check-B3b,"none; one year / five minutes, exactly-once vs at-least-once (async Express), per-transition vs executions+duration+memory billing, CloudWatch Logs history, Retry fields and JitterStrategy re-verified",B3b.md,yes
aws-elastic-ip-and-eni-failover,"mcq (row 34, LEAST amount of change)",partial,https://docs.aws.amazon.com/AWSEC2/latest/UserGuide/elastic-ip-addresses-eip.html | https://docs.aws.amazon.com/elasticloadbalancing/latest/network/introduction.html | https://docs.aws.amazon.com/AWSEC2/latest/UserGuide/using-eni.html,"EIP is static public IPv4, Region-scoped, rapidly remappable to another instance to mask failure; close connections before reassociating; default quota 5 per Region; NLB static IP per AZ (distractor)",2026-09-21,check-B3b,"none; EIP static, rapid remap masks failure, close connections first, 5 per Region; primary ENI cannot be detached, ENI same-AZ re-verified; qualifier verbatim, one correct, 4 options",B3b.md,yes
aws-aurora-backtrack-and-cloning,"mcq (row 35, FASTEST)",partial,https://docs.aws.amazon.com/AmazonRDS/latest/UserGuide/USER_PIT.html | https://docs.aws.amazon.com/AmazonRDS/latest/APIReference/API_CreateDBInstance.html | https://docs.aws.amazon.com/AmazonRDS/latest/AuroraUserGuide/aurora-global-database.html | https://docs.aws.amazon.com/AmazonRDS/latest/AuroraUserGuide/AuroraMySQL.Managing.Backtrack.html,"PITR creates a new DB instance; transaction logs uploaded every 5 minutes; LatestRestorableTime; BackupRetentionPeriod 0-35 days, default 1, 0 disables; Backtrack 72 h / enable at creation / Aurora MySQL only retained from existing card; Global Database doesn't support Backtrack",2026-09-21,check-B3b,"A: ""0 to 35 day retention window"" -> ""1 to 35 days; 0 switches automated backups off"" (API constraint 0-35, 0 disables); Backtrack ""enabled at cluster creation"" -> ""when created or restored from a snapshot, cannot be switched on later"" (doc: cannot modify a cluster to enable it); 72 h, Aurora MySQL only, PITR new instance, logs every 5 min, LatestRestorableTime re-verified",B3b.md,yes
aws-aurora-global-database,"mcq (row 36, LEAST operational overhead)",partial,https://docs.aws.amazon.com/AmazonRDS/latest/AuroraUserGuide/aurora-global-database.html | https://docs.aws.amazon.com/AmazonRDS/latest/AuroraUserGuide/aurora-global-database-disaster-recovery.html | https://docs.aws.amazon.com/AmazonRDS/latest/AuroraUserGuide/Aurora.Replication.html,"up to 10 secondary Regions; storage-level replication, lag typically under a second; global writer endpoint; RTO order of minutes (secondary assumes primary role within a few minutes); RPO typically seconds; switchover RPO 0; rds.global_db_rpo (Aurora PostgreSQL, 20 s min); old primary re-added automatically after managed failover",2026-09-21,check-B3b,"WHY (cross-Region read replica): rewritten - Aurora PostgreSQL does not support cross-Region Aurora Replicas at all (Aurora.Replication.html); engine-level lag/manual promotion kept for engines that have it; 10 secondaries, lag under a second, writer endpoint, failover within a few minutes, auto re-add, switchover RPO 0, rds.global_db_rpo 20 s min re-verified",B3b.md,yes
aws-elasticache-redis-cluster-mode-and-multi-az,"mcq (row 37, HIGHEST availability)",partial,https://docs.aws.amazon.com/AmazonElastiCache/latest/dg/AutoFailover.html | https://docs.aws.amazon.com/AmazonElastiCache/latest/dg/SelectEngine.html,"Multi-AZ needs >=1 read replica; replica with least lag promoted, writes resume typically within a few seconds; primary endpoint DNS propagated; async replication may lose data; Memcached: no replication, no automatic failover, backup only for serverless",2026-09-21,check-B3b,"none; Multi-AZ needs a replica, least-lag replica promoted in a few seconds, primary endpoint DNS propagated, async replication data loss, Memcached no replication/failover/backup (node-based) re-verified",B3b.md,yes
aws-ec2-auto-recovery-and-status-checks,"mcq (row 38, LEAST amount of change)",partial,https://docs.aws.amazon.com/AWSEC2/latest/UserGuide/ec2-instance-recover.html | https://docs.aws.amazon.com/AWSEC2/latest/UserGuide/instance-configuration-recovery.html,"recovery triggered by system status check only; preserves instance ID, public/private/Elastic IPs, metadata, placement group, EBS volumes, AZ; loses RAM; simplified recovery on by default, not supported for metal, Dedicated Host, instance store volumes, EFA, Auto Scaling group members; CloudWatch action-based recovery includes metal and some instance-store types; StatusCheckFailed_System metric",2026-09-21,check-B3b,"none; preserved instance ID/IPs/metadata/EBS, RAM lost, looks like unplanned reboot, system check only, simplified recovery default on, excluded metal/Dedicated Host/instance store/EFA/ASG re-verified",B3b.md,yes
aws-route53-health-checks-failover,concept (row 39),partial,https://docs.aws.amazon.com/Route53/latest/DeveloperGuide/health-checks-creating-values.html | https://docs.aws.amazon.com/AmazonRDS/latest/UserGuide/Concepts.MultiAZ.Failover.html | https://docs.aws.amazon.com/AmazonRDS/latest/AuroraUserGuide/Concepts.AuroraHighAvailability.html | https://docs.aws.amazon.com/AmazonElastiCache/latest/dg/AutoFailover.html | https://docs.aws.amazon.com/AmazonRDS/latest/AuroraUserGuide/aurora-global-database-disaster-recovery.html | https://docs.aws.amazon.com/Route53/latest/DeveloperGuide/dns-failover-types.html,request interval 30 s standard / 10 s fast; failure threshold = consecutive checks; RDS Multi-AZ failover typically 60-120 s; Aurora typically <60 s often <30 s; ElastiCache Multi-AZ a few seconds; Aurora Global managed failover a few minutes; CloudWatch alarm health check for private endpoints,2026-09-21,check-B3b,"none; checkers cannot probe private ranges, CloudWatch alarm health check, active-passive answers primary until all primaries unhealthy, 30 s / 10 s intervals, failure threshold, RDS 60-120 s, Aurora <60/<30 s, ElastiCache seconds, Aurora Global few minutes re-verified",B3b.md,yes
aws-elastic-beanstalk-deployment-policies,"concept+service (rows 40,48 merged)",partial,https://docs.aws.amazon.com/elasticbeanstalk/latest/dg/Welcome.html | https://docs.aws.amazon.com/imagebuilder/latest/userguide/what-is-image-builder.html | https://docs.aws.amazon.com/autoscaling/ec2/userguide/asg-instance-refresh.html | https://docs.aws.amazon.com/elasticbeanstalk/latest/dg/using-features.rolling-version-deploy.html,"Beanstalk platforms Go/Java/.NET/Node.js/PHP/Python/Ruby/Docker; provisions EC2, load balancing, health monitoring, scaling; no additional charge; Image Builder no cost beyond resources; instance refresh rolls a new launch template/AMI across an ASG with rollback",2026-09-21,check-B3b,"none; five policies, immutable separate ASG + terminate on failed health check, traffic splitting temporary ASG, platforms list, no additional charge re-verified",B3b.md,yes
aws-lambda-concurrency-reserved-provisioned,concept (row 41),partial,https://docs.aws.amazon.com/lambda/latest/dg/gettingstarted-limits.html | https://docs.aws.amazon.com/servicequotas/latest/userguide/intro.html | https://docs.aws.amazon.com/servicequotas/latest/userguide/organization-templates.html | https://docs.aws.amazon.com/AWSEC2/latest/UserGuide/elastic-ip-addresses-eip.html | https://docs.aws.amazon.com/lambda/latest/dg/configuration-concurrency.html,"1,000 concurrent executions default per Region; quotas apply per account or per Region (VPCs per Region example); quota request template auto-requests increases for new Organization accounts (up to 10 quotas, all-features org); Service Quotas notifications on utilisation; 5 EIPs per Region default",2026-09-21,check-B3b,"none; 1,000 default, reserved = lower and upper bound at no charge, provisioned billed, quotas per account or per Region, template auto-requests for new org accounts (10 quotas), 5 EIPs re-verified",B3b.md,yes
aws-cloudwatch-agent-custom-metrics,concept (row 42),partial,https://docs.aws.amazon.com/xray/latest/devguide/aws-xray.html | https://docs.aws.amazon.com/AmazonCloudWatch/latest/monitoring/metrics-collected-by-CloudWatch-agent.html | https://docs.aws.amazon.com/AWSEC2/latest/UserGuide/using-cloudwatch.html,"X-Ray collects request data incl. downstream AWS resources, microservices, databases; segments sent via daemon; trace map shows client/front-end/backend services to find bottlenecks and latency spikes; integrates with CloudWatch views",2026-09-21,check-B3b,"none; mem_used_percent / disk_used_percent in CWAgent namespace, EC2 5-minute default vs 1-minute detailed monitoring re-verified",B3b.md,yes
aws-dynamodb-global-tables,"pattern (row 43, difficulty set to d3 per row)",partial,https://docs.aws.amazon.com/amazondynamodb/latest/developerguide/GlobalTables.html | https://docs.aws.amazon.com/amazondynamodb/latest/developerguide/globaltables-CoreConcepts.html | https://docs.aws.amazon.com/Route53/latest/DeveloperGuide/resource-record-sets-values-alias.html | https://docs.aws.amazon.com/amazondynamodb/latest/developerguide/GlobalTables.html,"multi-active, every replica serves reads and writes; MREC default, Streams-based, last-writer-wins, ReplicationLatency metric; MRSC same-account only, no TTL, no transactions, Streams not used; Route 53 Evaluate Target Health on alias records for DNS failover",2026-09-21,check-B3b,"ledger: stray ALB target-groups URL replaced by Route 53 alias Evaluate Target Health page; MREC default, Streams replication, last-writer-wins, ReplicationLatency, MRSC same-account only / no TTL / no transactions re-verified",B3b.md,yes
aws-s3-durability-availability,pattern (row 44),partial,https://docs.aws.amazon.com/ebs/latest/userguide/ebs-volume-types.html | https://aws.amazon.com/efs/faq/ | https://docs.aws.amazon.com/AmazonRDS/latest/AuroraUserGuide/Concepts.AuroraHighAvailability.html | https://docs.aws.amazon.com/AmazonS3/latest/userguide/storage-class-intro.html,"EBS gp2/gp3/io1/st1/sc1 99.8-99.9% durability (0.1-0.2% AFR); io2 Block Express 99.999%; EFS 11 nines, One Zone may lose data with the AZ; Aurora six storage copies across AZs; S3 class numbers retained from existing card",2026-09-21,check-B3b,"Q: rewritten from ""What is the difference..."" to a concrete scenario (only copy in One Zone-IA); S3 class availability 99.99/99.9/99.5, >=3 AZs, EBS 99.8-99.9 vs io2 Block Express 99.999, EFS 11 nines re-verified",B3b.md,yes
aws-rds-proxy,pattern (row 45),partial,https://docs.aws.amazon.com/AmazonRDS/latest/UserGuide/rds-proxy.html | https://docs.aws.amazon.com/AmazonRDS/latest/UserGuide/rds-proxy-pinning.html | https://docs.aws.amazon.com/AmazonRDS/latest/AuroraUserGuide/rds-proxy-endpoints.html | https://aws.amazon.com/rds/proxy/pricing/ | https://docs.aws.amazon.com/AmazonRDS/latest/APIReference/API_CreateDBInstance.html,"engines RDS MariaDB/MySQL/PostgreSQL/SQL Server + Aurora; proxy connects via IAM auth or Secrets Manager credentials; same VPC, not publicly accessible; cross-VPC endpoints same Region; Aurora reader endpoints; pinning on >16 KB statements, prepared statements, SET variables, temp tables, locks; priced per vCPU per hour (ACU for Aurora Serverless)",2026-09-21,check-B3b,"none; engines, IAM/Secrets Manager, not publicly accessible, pinning on >16 KB statements/prepared statements/SET/temp tables/locks, per vCPU-hour pricing (2 vCPU minimum) re-verified",B3b.md,no: alternate replacement block not used
aws-s3-cross-region-replication,pattern (row 46),partial,https://docs.aws.amazon.com/AmazonS3/latest/userguide/replication.html | https://docs.aws.amazon.com/AmazonRDS/latest/UserGuide/Concepts.MultiAZSingleStandby.html | https://docs.aws.amazon.com/AmazonRDS/latest/AuroraUserGuide/Concepts.AuroraHighAvailability.html | https://docs.aws.amazon.com/AmazonRDS/latest/AuroraUserGuide/aurora-global-database.html | https://docs.aws.amazon.com/AmazonS3/latest/userguide/replication-what-is-isnot-replicated.html | https://docs.aws.amazon.com/AmazonS3/latest/userguide/replication-requirements.html,S3 replication asynchronous; RTC 99.99% within 15 minutes SLA; Batch Replication for existing objects; RDS Multi-AZ standby synchronous; Aurora synchronous to six storage nodes across AZs; Aurora Global async lag typically under a second,2026-09-21,check-B3b,"A: added ""delete markers are replicated only if you opt in"" (V2 rules do not replicate delete markers by default); versioning both sides, async, Batch Replication, RTC 99.99% in 15 min, owner override, version-ID deletes not replicated re-verified",B3b.md,yes
aws-eks-vs-ecs,service (row 47),partial,https://docs.aws.amazon.com/eks/latest/userguide/what-is-eks.html | https://docs.aws.amazon.com/eks/latest/userguide/eks-compute.html,"AWS manages control plane; compute options managed node groups, self-managed nodes, Fargate, EKS Auto Mode, Hybrid Nodes; EBS/EFS CSI drivers; service-account to IAM mapping for workloads; certified Kubernetes-conformant; per-cluster pricing",2026-09-21,check-B3b,"none; certified conformant, compute options (managed node groups, self-managed, Fargate, Auto Mode, Hybrid Nodes) re-verified",B3b.md,yes
aws-eventbridge-archive-replay,service (row 50),partial,https://docs.aws.amazon.com/eventbridge/latest/userguide/eb-rule-retry-policy.html | https://docs.aws.amazon.com/eventbridge/latest/userguide/eb-rule-dlq.html | https://docs.aws.amazon.com/eventbridge/latest/userguide/eb-archive.html,default retry 24 hours and up to 185 attempts with exponential backoff and jitter; DLQ is a standard SQS queue for undeliverable events; archive/replay facts retained from existing card,2026-09-21,check-B3b,"none; archive retention indefinite by default, replay-name field, out-of-order replay, 10-minute delay advice, 24 h / 185 attempts re-verified",B3b.md,yes
aws-ecs-fargate-vs-ec2-launch,service (row 51),partial,https://docs.aws.amazon.com/AmazonECS/latest/developerguide/fargate-tasks-services.html | https://docs.aws.amazon.com/AmazonECS/latest/developerguide/fargate-task-storage.html,task sizes 0.25 vCPU/512 MiB up to 32 vCPU/244 GB (backlog's 16 vCPU/120 GB is stale); ephemeral storage 20 GiB default up to 200 GiB; Linux (x86/ARM) and Windows Server 2019/2022; gpu and privileged parameters invalid on Fargate,2026-09-21,check-B3b,"none; 0.25 vCPU/512 MiB to 32 vCPU/244 GB, 20 GiB default / 200 GiB max ephemeral, gpu and privileged invalid on Fargate, Windows 2019/2022 re-verified",B3b.md,yes
aws-rds-multi-az-cluster-vs-instance,service (row 53),partial,https://docs.aws.amazon.com/AmazonRDS/latest/UserGuide/Concepts.MultiAZ.Failover.html | https://docs.aws.amazon.com/AmazonRDS/latest/APIReference/API_CreateDBInstance.html | https://docs.aws.amazon.com/AmazonRDS/latest/UserGuide/USER_CreateDBInstance.Settings.html | https://docs.aws.amazon.com/AmazonRDS/latest/UserGuide/multi-az-db-clusters-concepts.html | https://docs.aws.amazon.com/AmazonRDS/latest/UserGuide/multi-az-db-clusters-concepts-failover.html,Multi-AZ instance failover typically 60-120 s; BackupRetentionPeriod 0-35 days; AllocatedStorage max 65536 GiB (64 TiB) for MySQL/MariaDB/PostgreSQL/Oracle/Db2 and 16384 GiB for SQL Server; engines incl. Db2; IAM DB auth for MySQL/PostgreSQL; storage autoscaling; cluster <35 s retained from existing card,2026-09-21,check-B3b,"none; semisynchronous with one reader ack, readers serve reads and are failover targets, typically under 35 s, instance 60-120 s, lower write latency, BackupRetentionPeriod 0-35 re-verified",B3b.md,yes
aws-ebs-volume-types,"mcq (row 54, HIGHEST performance)",partial,https://docs.aws.amazon.com/ebs/latest/userguide/ebs-volume-types.html | https://docs.aws.amazon.com/ebs/latest/userguide/general-purpose.html,"gp3 max 80,000 IOPS / 2,000 MiB/s (backlog's 16,000 gp3 ceiling is stale -> scenario raised to 120,000 IOPS), baseline 3,000 IOPS/125 MiB/s, no burst, single-digit ms latency; io2 Block Express 256,000 IOPS, 4,000 MiB/s, avg latency <500 microseconds, 99.999% durability; st1 500 IOPS / sc1 250 IOPS, no boot; gp2 3 IOPS/GiB max 16,000",2026-09-21,check-B3b,"none; gp3 80,000 IOPS / 2,000 MiB/s single-digit ms no burst, io2 Block Express 256,000 / 4,000 MiB/s <500 us 99.999%, st1 500 IOPS no boot re-verified",B3b.md,yes
aws-fsx-windows-vs-lustre-vs-ontap,"mcq (row 55, HIGHEST performance; §3 stem trimmed via MCQ rewrite)",partial,https://docs.aws.amazon.com/fsx/latest/LustreGuide/what-is.html | https://docs.aws.amazon.com/efs/latest/ug/performance.html,"Lustre sub-ms latency, up to multiple TBps throughput, millions of IOPS; POSIX Linux; S3 data repository presents objects as files, imports new objects; scratch (unreplicated) vs persistent; EFS Regional Elastic max read 20-60 GiBps",2026-09-21,check-B3b,"none; Lustre sub-ms, multiple TBps, millions of IOPS, S3 objects as files + new-object import, scratch unreplicated; EFS Elastic 20-60 GiBps, Max I/O previous generation higher latency re-verified",B3b.md,no: alternate replacement block not used
aws-s3-performance-prefixes-multipart,"mcq (row 56, choose two)",partial,https://docs.aws.amazon.com/AmazonS3/latest/userguide/optimizing-performance.html | https://docs.aws.amazon.com/AmazonS3/latest/userguide/mpuoverview.html | https://docs.aws.amazon.com/AmazonS3/latest/userguide/upload-objects.html | https://docs.aws.amazon.com/AmazonS3/latest/userguide/qfacts.html,"at least 3,500 PUT/COPY/POST/DELETE and 5,500 GET/HEAD per second per partitioned prefix; no limit on prefixes; 503 Slow Down while scaling; Transfer Acceleration is for geographic distance; multipart recommended from 100 MB; single PUT 5 GB; multipart up to 50 TB; AbortIncompleteMultipartUpload lifecycle",2026-09-21,check-B3b,"Q: stem ""let the pipeline keep scaling"" -> ""stop the errors and speed up the large uploads without adding unnecessary resources"" so the extra-buckets distractor is unambiguously wrong; 3,500/5,500 per prefix, no prefix limit, 503 while scaling, Transfer Acceleration = distance, 100 MB multipart threshold re-verified",B3b.md,yes
aws-efs-performance-and-throughput-modes,"mcq (row 57, LEAST operational overhead)",partial,https://docs.aws.amazon.com/efs/latest/ug/performance.html | https://docs.aws.amazon.com/ebs/latest/userguide/ebs-volumes-multi.html | https://docs.aws.amazon.com/AmazonS3/latest/userguide/mountpoint.html,"General Purpose default lowest latency; Max I/O previous generation, higher latency, not with Elastic; Elastic recommended for spiky loads, billed per data moved; Provisioned billed for set level; Bursting 50 KiBps per GiB baseline; Multi-Attach io1/io2 up to 16 Nitro instances same AZ, cluster FS needed; Mountpoint cannot modify existing files, no locking, no symlinks",2026-09-21,check-B3b,"none; Elastic recommended for spiky/unforecastable, Max I/O not with Elastic, Multi-Attach 16 Nitro instances same AZ io1/io2, Mountpoint cannot modify existing files or lock re-verified",B3b.md,yes
aws-storage-gateway-modes,concept,partial,https://docs.aws.amazon.com/storagegateway/latest/vgw/StorageGatewayConcepts.html,"Cached volumes: S3 is primary data storage with frequently accessed data retained locally, iSCSI devices, 1 GiB-32 TiB per volume; stored volumes: primary data stored locally and asynchronously backed up to S3 as EBS snapshots, 1 GiB-16 TiB; cache sizing guidance: allocate at least 20 percent of existing file store size as cache and cache larger than upload buffer",2026-09-21,check-B3c,none (all claims verified),B3c.md,yes
aws-storage-gateway-modes,concept,partial,https://aws.amazon.com/storagegateway/faqs/,S3 File Gateway stores and retrieves S3 objects using NFS and SMB with low-latency access to recently used data via local cache; Tape Gateway presents a VTL (media changer and tape drives) and virtual tapes can be archived to S3 Glacier or S3 Glacier Deep Archive,2026-09-21,check-B3c,see first row of this uid,B3c.md,yes
aws-storage-gateway-modes,concept,partial,https://aws.amazon.com/datasync/faqs/,"FAQ: use DataSync to migrate existing data to S3, then use the File Gateway configuration of Storage Gateway to retain access and for ongoing updates from on-premises file-based applications (DataSync = mover, Gateway = ongoing access); single DataSync task can fully utilise a 10 Gbps link",2026-09-21,check-B3c,see first row of this uid,B3c.md,yes
aws-storage-gateway-modes,concept,partial,https://docs.aws.amazon.com/AWSEC2/latest/UserGuide/using-regions-availability-zones.html,"AWS Outposts extends AWS infrastructure, services, APIs and tools to customer premises (on-site AWS services)",2026-09-21,check-B3c,see first row of this uid,B3c.md,yes
aws-fsx-windows-vs-lustre-vs-ontap,concept,partial,https://aws.amazon.com/fsx/when-to-choose-fsx/,"FSx for Windows File Server: SMB 2.0-3.1.1 with Active Directory integration; FSx for Lustre: POSIX for HPC/ML with automatic import/export of S3 data sets; FSx for NetApp ONTAP: SMB, NFS 3-4.2 and iSCSI with NetApp SnapMirror; FSx for OpenZFS: NFS (dropped from stem per backlog section 3)",2026-09-21,check-B3c,none (all claims verified),B3c.md,yes
aws-fsx-windows-vs-lustre-vs-ontap,concept,partial,https://docs.aws.amazon.com/efs/latest/ug/whatisefs.html,"EFS supports NFSv4.1/4.0, scales to petabytes, Regional file systems store data across multiple AZs, POSIX permissions and file locking, allows massively parallel access from compute instances; using EFS with Windows EC2 instances is not supported",2026-09-21,check-B3c,see first row of this uid,B3c.md,yes
aws-fsx-windows-vs-lustre-vs-ontap,concept,partial,https://docs.aws.amazon.com/ebs/latest/userguide/ebs-volumes-multi.html,Multi-Attach only on io1/io2 Provisioned IOPS SSD volumes; up to 16 Nitro instances in the same Availability Zone; cannot be boot volumes,2026-09-21,check-B3c,see first row of this uid,B3c.md,yes
aws-fsx-windows-vs-lustre-vs-ontap,concept,partial,https://docs.aws.amazon.com/AmazonS3/latest/userguide/Welcome.html,S3 is object storage; each object has a key that uniquely identifies it in the bucket; REST/HTTP interface; strong read-after-write consistency for PUT and DELETE; PUT overwrites existing objects (whole-object writes),2026-09-21,check-B3c,see first row of this uid,B3c.md,yes
aws-ebs-vs-efs-vs-instance-store,concept,partial,https://docs.aws.amazon.com/AmazonS3/latest/userguide/Welcome.html,S3 object storage: flat key-based data map bucket+key(+version) to object; accessed via REST API over HTTP; updates to a single key are atomic and PUT replaces the object (no partial/in-place update); strong read-after-write consistency,2026-09-21,check-B3c,"none; added EFS FAQ source for ""thousands of instances""",B3c.md,no: alternate replacement block not used
aws-ebs-vs-efs-vs-instance-store,concept,partial,https://docs.aws.amazon.com/AmazonS3/latest/userguide/upload-objects.html,Single PUT up to 5 GB; multipart upload for larger objects (up to 50 TB); object stored whole on upload,2026-09-21,check-B3c,see first row of this uid,B3c.md,no: alternate replacement block not used
aws-ebs-vs-efs-vs-instance-store,concept,partial,https://docs.aws.amazon.com/efs/latest/ug/whatisefs.html,EFS NFSv4 file system with POSIX permissions and file locking; Regional file systems across multiple AZs; massively parallel access from compute instances; Windows EC2 not supported,2026-09-21,check-B3c,see first row of this uid,B3c.md,no: alternate replacement block not used
aws-ebs-vs-efs-vs-instance-store,concept,partial,https://docs.aws.amazon.com/ebs/latest/userguide/ebs-volumes-multi.html,"EBS volume attaches to instances in the same AZ; Multi-Attach only for io1/io2, up to 16 Nitro instances, not as boot volumes (basis for one-instance/one-AZ rule)",2026-09-21,check-B3c,see first row of this uid,B3c.md,no: alternate replacement block not used
aws-ebs-vs-efs-vs-instance-store,concept,partial,https://aws.amazon.com/efs/faq/,EFS supports one to thousands of EC2 instances connecting to a file system concurrently; Regional file systems support concurrent access from mount targets in all AZs in the Region,2026-09-21,check-B3c,added source,B3c.md,no: alternate replacement block not used
aws-asg-scaling-policies,mcq,partial,https://docs.aws.amazon.com/autoscaling/ec2/userguide/as-scaling-target-tracking.html,"Predefined metrics ASGAverageCPUUtilization, ASGAverageNetworkIn, ASGAverageNetworkOut, ALBRequestCountPerTarget; Auto Scaling creates and manages the CloudWatch alarms; scales in more gradually; throughput target value = optimal average throughput from a single instance for a one-minute period; ApproximateNumberOfMessagesVisible does not work directly, backlog per instance custom metric does",2026-09-21,check-B3c,none; added simple-scaling cooldown source for USAGE claim,B3c.md,yes
aws-asg-scaling-policies,mcq,partial,https://docs.aws.amazon.com/autoscaling/ec2/userguide/as-scale-based-on-demand.html,"Policy types target tracking, step, simple; strongly recommend target tracking; multiple policies firing at once: Auto Scaling chooses the policy that provides the largest capacity for both scale out and scale in",2026-09-21,check-B3c,see first row of this uid,B3c.md,yes
aws-asg-scaling-policies,mcq,partial,https://docs.aws.amazon.com/autoscaling/ec2/userguide/predictive-scaling-policy-overview.html,Predictive scaling needs at least 24 hours of metric data; analyses up to 14 days; forecasts 48 hours ahead updated every 6 hours; forecast-only mode first; desired capacity = max across active policies,2026-09-21,check-B3c,see first row of this uid,B3c.md,yes
aws-asg-scaling-policies,mcq,partial,https://docs.aws.amazon.com/autoscaling/ec2/userguide/what-is-amazon-ec2-auto-scaling.html,"Group anatomy: minimum, maximum, desired capacity; launch templates; balances instances evenly across Availability Zones; EC2 and custom/ELB health checks replace impaired instances; multiple instance types and purchase options (Spot and On-Demand) in one group; no additional fees",2026-09-21,check-B3c,see first row of this uid,B3c.md,yes
aws-asg-scaling-policies,mcq,partial,https://docs.aws.amazon.com/autoscaling/ec2/userguide/simple-scaling-policies.html,A simple scaling policy must wait for an in-progress scaling activity and a cooldown period to end before it responds to additional alarms; step scaling continues to respond to additional alarms; AWS recommends step or target tracking instead,2026-09-21,check-B3c,added source,B3c.md,yes
aws-lambda-limits-timeout-payload,mcq,partial,https://docs.aws.amazon.com/lambda/latest/dg/gettingstarted-limits.html,"Function timeout 900 seconds (15 minutes); Lambda Managed Instances async/ESM invocations up to 5,400 seconds (90 minutes); memory 128 MB to 10,240 MB, one vCPU at 1,769 MB; invocation payload 6 MB sync, 1 MB async; deployment package 50 MB zipped / 250 MB unzipped; container image 10 GB; 5 layers",2026-09-21,check-B3c,none; added Lambda Managed Instances and Batch job_retries sources,B3c.md,yes
aws-lambda-limits-timeout-payload,mcq,partial,https://aws.amazon.com/batch/faqs/,"No additional charge for AWS Batch, pay only for resources (EC2/Fargate); Batch compute environments can be comprised of EC2 Spot Instances; Fargate and Fargate Spot compute environments; jobs submitted to a job queue",2026-09-21,check-B3c,see first row of this uid,B3c.md,yes
aws-lambda-limits-timeout-payload,mcq,partial,https://docs.aws.amazon.com/batch/latest/userguide/what-is-batch.html,"Batch schedules and runs containerized batch workloads across ECS, EKS, Fargate, ECS Managed Instances, Spot or On-Demand; automatically provisions compute resources in response to submitted jobs",2026-09-21,check-B3c,see first row of this uid,B3c.md,yes
aws-lambda-limits-timeout-payload,mcq,partial,https://docs.aws.amazon.com/emr/latest/EMR-Serverless-UserGuide/emr-serverless.html,EMR runs open-source frameworks such as Apache Spark and Apache Hive (basis for Spark/Hadoop = EMR in the compute map),2026-09-21,check-B3c,see first row of this uid,B3c.md,yes
aws-lambda-limits-timeout-payload,mcq,partial,https://docs.aws.amazon.com/AmazonECS/latest/developerguide/AWS_Fargate.html,Fargate runs containers without managing servers or EC2 clusters; you specify CPU and memory per task; Fargate Spot capacity provider with two-minute interruption warning,2026-09-21,check-B3c,see first row of this uid,B3c.md,yes
aws-lambda-limits-timeout-payload,mcq,partial,https://docs.aws.amazon.com/lambda/latest/dg/lambda-managed-instances.html,Lambda Managed Instances functions run on EC2 managed instances in your account; EC2-based pricing with a 15% management fee; supports EC2 Savings Plans and Reserved Instances,2026-09-21,check-B3c,added source,B3c.md,yes
aws-lambda-limits-timeout-payload,mcq,partial,https://docs.aws.amazon.com/batch/latest/userguide/job_retries.html,"Retry strategy on job definition or submission with 1 to 10 attempts; failure scenarios include non-zero exit code, EC2 instance failure or termination, internal AWS error; retried job goes back to RUNNABLE",2026-09-21,check-B3c,added source,B3c.md,yes
aws-sqs-visibility-timeout-dlq,mcq,partial,https://docs.aws.amazon.com/autoscaling/ec2/userguide/as-using-sqs-queue.html,Image-resize worker scenario; ApproximateNumberOfMessagesVisible alone may not change proportionally to group size; backlog per instance = ApproximateNumberOfMessages / InService instances; target = acceptable latency / average processing time per message; worked example 1500 msgs / 10 instances vs target 100 scales out by five,2026-09-21,check-B3c,"WHY (SNS-to-HTTPS option) rewritten: SNS does retry (3 by default, max 1 hour for HTTP/S) then discards; ""does not buffer"" replaced",B3c.md,yes
aws-sqs-visibility-timeout-dlq,mcq,partial,https://docs.aws.amazon.com/lambda/latest/dg/with-sqs.html,Received messages stay in the queue hidden for the visibility timeout; if not deleted they become visible again; at-least-once delivery so consumers must be idempotent (SQS semantics reused for the EC2 worker case),2026-09-21,check-B3c,see first row of this uid,B3c.md,yes
aws-sqs-visibility-timeout-dlq,mcq,partial,https://docs.aws.amazon.com/AmazonS3/latest/userguide/Welcome.html,"S3 event notifications can target SNS, SQS and Lambda when a change is made to S3 resources",2026-09-21,check-B3c,see first row of this uid,B3c.md,yes
aws-sqs-visibility-timeout-dlq,mcq,partial,https://docs.aws.amazon.com/sns/latest/dg/welcome.html,"SNS is push delivery from publishers to subscribers (SQS, Lambda, HTTP(S), email, Firehose ...); no queueing/buffering for slow subscribers is implied by push model",2026-09-21,check-B3c,see first row of this uid,B3c.md,yes
aws-sqs-visibility-timeout-dlq,mcq,partial,https://docs.aws.amazon.com/sns/latest/dg/sns-message-delivery-retries.html,"HTTP/S delivery policy: numRetries default 3, maximum 100; total retry time for an HTTP/S endpoint cannot exceed 3,600 seconds; when the policy is exhausted SNS discards the message unless a dead-letter queue is attached to the subscription",2026-09-21,check-B3c,added source,B3c.md,yes
aws-sns-fanout-filtering,mcq,partial,https://docs.aws.amazon.com/sns/latest/dg/welcome.html,"Fanout: a message published to an SNS topic is replicated and pushed to multiple endpoints such as Firehose delivery streams, SQS queues, HTTP(S) endpoints and Lambda functions, enabling parallel asynchronous processing; order example with SQS queues subscribed to the topic",2026-09-21,check-B3c,"WHY (SNS direct to Lambda) rewritten: old text said SNS keeps nothing for a throttled subscriber, but SNS retries Lambda/SQS 100,015 times over 23 days and Lambda async queue retries twice / holds throttled events up to 6 h; A: trap sentence reworded",B3c.md,yes
aws-sns-fanout-filtering,mcq,partial,https://docs.aws.amazon.com/sns/latest/dg/sns-message-filtering.html,By default a subscriber receives every message; filter policy is a JSON object on the subscription; acts on message attributes or message body per filter policy scope; SNS delivers only when the policy matches,2026-09-21,check-B3c,see first row of this uid,B3c.md,yes
aws-sns-fanout-filtering,mcq,partial,https://docs.aws.amazon.com/sns/latest/dg/sns-fifo-topics.html,SNS FIFO topics integrate with SQS FIFO queues for strict message ordering and deduplication; message grouping,2026-09-21,check-B3c,see first row of this uid,B3c.md,yes
aws-sns-fanout-filtering,mcq,partial,https://docs.aws.amazon.com/sns/latest/dg/sns-message-delivery-retries.html,"AWS managed endpoints (Lambda, SQS, Firehose): 100,015 delivery attempts over 23 days; message discarded after the policy is exhausted unless a subscription DLQ exists",2026-09-21,check-B3c,added source,B3c.md,yes
aws-sns-fanout-filtering,mcq,partial,https://docs.aws.amazon.com/lambda/latest/dg/invocation-async.html,SNS and S3 invoke Lambda asynchronously; Lambda places the event in a queue and returns a success response; a separate process reads events from the queue,2026-09-21,check-B3c,added source,B3c.md,yes
aws-sns-fanout-filtering,mcq,partial,https://docs.aws.amazon.com/lambda/latest/dg/invocation-async-error-handling.html,On function error Lambda retries two more times (1 minute then 2 minutes apart); for throttling (429) and 5xx errors Lambda returns the event to the queue and retries for up to 6 hours by default; expired or failed events are discarded unless a DLQ or on-failure destination is configured,2026-09-21,check-B3c,added source,B3c.md,yes
aws-ec2-enhanced-networking-efa,mcq,partial,https://docs.aws.amazon.com/AWSEC2/latest/UserGuide/efa.html,EFA device provides kernel-free networking (the OS network stack is not involved) via Libfabric for Open MPI and NCCL; ENA provides traditional IP networking; EFA traffic cannot cross Availability Zones or VPCs; EFA available at no additional cost,2026-09-21,check-B3c,none; added efa-start source for the self-referencing security group USAGE claim,B3c.md,yes
aws-ec2-enhanced-networking-efa,mcq,partial,https://docs.aws.amazon.com/AWSEC2/latest/UserGuide/placement-strategies.html,"Cluster placement group: single AZ, same high-bisection bandwidth segment, recommended to launch in a single request with one instance type to avoid insufficient capacity errors; spread: max seven running instances per AZ, can span AZs; partition: max seven partitions per AZ, for HDFS/HBase/Cassandra, instances limited only by account limits",2026-09-21,check-B3c,see first row of this uid,B3c.md,yes
aws-ec2-enhanced-networking-efa,mcq,partial,https://docs.aws.amazon.com/AWSEC2/latest/UserGuide/placement-groups.html,"Cluster strategy for tightly coupled HPC low-latency communication; partition for Hadoop, Cassandra, Kafka; spread for small groups of critical instances; no charge for placement groups",2026-09-21,check-B3c,see first row of this uid,B3c.md,yes
aws-ec2-enhanced-networking-efa,mcq,partial,https://docs.aws.amazon.com/AWSEC2/latest/UserGuide/efa-start.html,"An EFA requires a security group that allows all inbound and outbound traffic to and from the security group itself; the self-referencing rules are mandatory, without them EFA traffic between instances is blocked; launching into a cluster placement group is recommended",2026-09-21,check-B3c,added source,B3c.md,yes
aws-lambda-performance-memory-and-layers,mcq,partial,https://docs.aws.amazon.com/lambda/latest/dg/gettingstarted-limits.html,"Memory 128 MB to 10,240 MB in 1-MB increments; CPU allocated in proportion to memory; one vCPU equivalent at 1,769 MB; 5 layers per function; 250 MB unzipped deployment package including layers; container image 10 GB; /tmp 512 MB to 10,240 MB",2026-09-21,check-B3c,none; added chapter-layers and configuration-memory sources,B3c.md,yes
aws-lambda-performance-memory-and-layers,mcq,partial,https://docs.aws.amazon.com/lambda/latest/dg/lambda-runtime-environment.html,"Provisioned concurrency pre-initialises execution environments to reduce cold starts (does not affect handler CPU work); cold start = download code, start environment, run init code",2026-09-21,check-B3c,see first row of this uid,B3c.md,yes
aws-lambda-performance-memory-and-layers,mcq,partial,https://docs.aws.amazon.com/lambda/latest/dg/chapter-layers.html,"Layer contents extracted to /opt; up to five layers per function; layers only for .zip archive functions, container image functions package the runtime and dependencies in the image",2026-09-21,check-B3c,added source,B3c.md,yes
aws-lambda-performance-memory-and-layers,mcq,partial,https://docs.aws.amazon.com/lambda/latest/dg/configuration-memory.html,"CPU allocated in proportion to memory; 128 MB to 10,240 MB in 1-MB increments; at 1,769 MB one vCPU equivalent; increasing memory can dramatically improve CPU-bound functions; AWS Lambda Power Tuning tool measures performance at several memory sizes",2026-09-21,check-B3c,added source,B3c.md,yes
aws-redshift-vs-athena-vs-emr,service,partial,https://docs.aws.amazon.com/emr/latest/ManagementGuide/emr-master-core-task-nodes.html,Primary node runs YARN ResourceManager and HDFS NameNode; core nodes run the HDFS DataNode daemon and tasks; task nodes do not run DataNode and do not store data in HDFS; Spot Instances are often used for task nodes; warning that Spot on core nodes risks data loss,2026-09-21,check-B3c,"A: ""billed per query"" -> ""billed per terabyte scanned""; added Glue positioning to the trap sentence (must_teach of aws-emr-service-card)",B3c.md,no: alternate replacement block not used
aws-redshift-vs-athena-vs-emr,service,partial,https://docs.aws.amazon.com/emr/latest/ManagementGuide/emr-fs.html,EMRFS is an implementation of HDFS that reads and writes regular files directly to S3 for persistent data; from EMR 7.10.0 the S3A filesystem is the default S3 connector,2026-09-21,check-B3c,see first row of this uid,B3c.md,no: alternate replacement block not used
aws-redshift-vs-athena-vs-emr,service,partial,https://docs.aws.amazon.com/emr/latest/EMR-Serverless-UserGuide/emr-serverless.html,"EMR Serverless runs Spark and Hive without configuring, optimising, securing or operating clusters; automatic scaling of workers",2026-09-21,check-B3c,see first row of this uid,B3c.md,no: alternate replacement block not used
aws-redshift-vs-athena-vs-emr,service,partial,https://aws.amazon.com/athena/pricing/,"Athena SQL queries billed at $5 per TB of data scanned; compression and columnar formats such as Parquet reduce the bytes scanned and the cost (3 TB scan example $15, compressed $5, Parquet $1.25)",2026-09-21,check-B3c,added source,B3c.md,no: alternate replacement block not used
aws-eks-vs-ecs,concept,partial,https://aws.amazon.com/eks/pricing/,EKS cluster charge $0.10 per cluster per hour on standard support ($0.60 on extended support),2026-09-21,check-B3c,none ($0.10 per cluster-hour verified),B3c.md,no: alternate replacement block not used
aws-eks-vs-ecs,concept,partial,https://docs.aws.amazon.com/AmazonECS/latest/developerguide/service-auto-scaling.html,"ECS service auto scaling uses Application Auto Scaling; target tracking, step, scheduled, predictive and SQS backlog-per-task scaling; scales the desired task count on CPU/memory metrics and other CloudWatch metrics",2026-09-21,check-B3c,see first row of this uid,B3c.md,no: alternate replacement block not used
aws-eks-vs-ecs,concept,partial,https://docs.aws.amazon.com/AmazonECS/latest/developerguide/AWS_Fargate.html,Fargate runs containers without managing servers or EC2 clusters (no host management); per-task CPU and memory,2026-09-21,check-B3c,see first row of this uid,B3c.md,no: alternate replacement block not used
aws-ec2-placement-groups,concept,partial,https://docs.aws.amazon.com/AWSEC2/latest/UserGuide/placement-strategies.html,"Cluster: single AZ, single launch request and one instance type recommended; spread: seven running instances per AZ max, can span AZs; partition: seven partitions per AZ max, no instance cap, Hadoop/HBase/Cassandra topology awareness",2026-09-21,check-B3c,"none (7 per AZ spread, 7 partitions per AZ verified)",B3c.md,yes
aws-ec2-placement-groups,concept,partial,https://docs.aws.amazon.com/AWSEC2/latest/UserGuide/using-regions-availability-zones.html,Regions isolated geographic areas; Availability Zones isolated locations within a Region; Local Zone is an extension of a Region closer to users; Wavelength deploys AWS compute and storage to the edge of carriers' 5G networks; Outposts brings AWS services to on-premises facilities,2026-09-21,check-B3c,see first row of this uid,B3c.md,yes
aws-ec2-placement-groups,concept,partial,https://aws.amazon.com/about-aws/global-infrastructure/,124 AZs in 39 Regions; Regions have at least three AZs; 750+ CloudFront POPs and regional edge caches for content delivery (edge locations are not compute Regions),2026-09-21,check-B3c,see first row of this uid,B3c.md,yes
aws-sqs-sns-eventbridge-choice,concept,partial,https://docs.aws.amazon.com/autoscaling/ec2/userguide/as-using-sqs-queue.html,Backlog per instance = ApproximateNumberOfMessages / running InService instances; raw queue length not proportional to group size; target = acceptable backlog per instance,2026-09-21,check-B3c,"A: SNS sentence reworded: retries then discards, no consumer-paced buffering, no replay on a standard topic (FIFO topics do archive/replay)",B3c.md,no: alternate replacement block not used
aws-sqs-sns-eventbridge-choice,concept,partial,https://docs.aws.amazon.com/sns/latest/dg/welcome.html,"SNS pub/sub: publishers send to a topic, replicated and pushed to subscribers (SQS, Lambda, HTTP(S), email, SMS, push, Firehose); fanout pattern",2026-09-21,check-B3c,see first row of this uid,B3c.md,no: alternate replacement block not used
aws-sqs-sns-eventbridge-choice,concept,partial,https://docs.aws.amazon.com/sns/latest/dg/sns-message-filtering.html,Filter policies on message attributes or body; default is every subscriber gets every message,2026-09-21,check-B3c,see first row of this uid,B3c.md,no: alternate replacement block not used
aws-sqs-sns-eventbridge-choice,concept,partial,https://docs.aws.amazon.com/sns/latest/dg/sns-message-delivery-retries.html,When the delivery policy is exhausted SNS stops retrying and discards the message unless a DLQ is attached (no consumer-paced buffering),2026-09-21,check-B3c,added source,B3c.md,no: alternate replacement block not used
aws-sqs-sns-eventbridge-choice,concept,partial,https://docs.aws.amazon.com/sns/latest/dg/sns-fifo-topics.html,SNS FIFO topics provide message archiving and replay; standard topics do not,2026-09-21,check-B3c,added source,B3c.md,no: alternate replacement block not used
aws-asg-lifecycle-hooks-and-warm-pools,concept,partial,https://docs.aws.amazon.com/autoscaling/application/userguide/what-is-application-auto-scaling.html,"Application Auto Scaling scales Aurora replicas, DynamoDB tables and GSIs, ECS services, ElastiCache, EMR clusters, Keyspaces, Lambda provisioned concurrency, MSK, Neptune, SageMaker, Spot Fleet requests, WorkSpaces and custom resources; target tracking, step, scheduled, predictive",2026-09-21,check-B3c,A: scaling-plans sentence softened to match docs (AWS recommends predictive policies directly on resources); added lifecycle-hooks and warm-pools sources,B3c.md,yes
aws-asg-lifecycle-hooks-and-warm-pools,concept,partial,https://docs.aws.amazon.com/autoscaling/plans/userguide/what-is-a-scaling-plan.html,"AWS Auto Scaling scaling plans group resources by tag or CloudFormation stack across Aurora replicas, EC2 Auto Scaling groups, ECS services, DynamoDB tables/GSIs and Spot Fleet; predictive plus dynamic scaling; AWS strongly recommends setting predictive scaling policies directly on the resources and provides a migration guide",2026-09-21,check-B3c,see first row of this uid,B3c.md,yes
aws-asg-lifecycle-hooks-and-warm-pools,concept,partial,https://docs.aws.amazon.com/autoscaling/ec2/userguide/what-is-amazon-ec2-auto-scaling.html,EC2 Auto Scaling groups are collections of EC2 instances with min/max/desired; lifecycle hooks invoke custom actions at launch and before termination; instance refresh; warm pools not restated here (kept from existing card),2026-09-21,check-B3c,see first row of this uid,B3c.md,yes
aws-asg-lifecycle-hooks-and-warm-pools,concept,partial,https://docs.aws.amazon.com/autoscaling/ec2/userguide/lifecycle-hooks.html,"Lifecycle hook waits one hour by default (heartbeat timeout); global timeout 48 hours or 100 times the heartbeat timeout, whichever is smaller; result CONTINUE or ABANDON; warm pool stop/hibernate does not wait for user data, use an EC2_INSTANCE_LAUNCHING hook",2026-09-21,check-B3c,added source,B3c.md,yes
aws-asg-lifecycle-hooks-and-warm-pools,concept,partial,https://docs.aws.amazon.com/autoscaling/ec2/userguide/ec2-auto-scaling-warm-pools.html,"Warm pool instances kept Stopped, Running or Hibernated; stopped instances pay only for volumes and Elastic IPs; without a lifecycle hook instances that take long to initialize could be stopped and put in service before they are ready",2026-09-21,check-B3c,added source,B3c.md,yes
aws-lambda-cold-start-init,concept,partial,https://docs.aws.amazon.com/lambda/latest/dg/lambda-runtime-environment.html,"Init phase: start extensions, bootstrap runtime, run function static code; objects declared outside the handler remain initialised and are reused on warm invocations; cold start = download code, start environment, run initialisation code; provisioned concurrency pre-initialises environments",2026-09-21,check-B3c,"USAGE rewritten: unsupported ""typically halves cold-start time"" number removed, replaced with the documented init-phase reuse guidance",B3c.md,yes
aws-lambda-cold-start-init,concept,partial,https://docs.aws.amazon.com/lambda/latest/dg/snapstart.html,"SnapStart snapshots the initialised execution environment at publish and resumes new environments from the snapshot; supports Java 11+, Python 3.12+, .NET 8+",2026-09-21,check-B3c,see first row of this uid,B3c.md,yes
aws-lambda-cold-start-init,concept,partial,https://docs.aws.amazon.com/lambda/latest/dg/with-sqs.html,Lambda polls the SQS queue and invokes the function synchronously with a batch; by default polls up to 10 messages at once; batch window up to 5 minutes,2026-09-21,check-B3c,see first row of this uid,B3c.md,yes
aws-lambda-cold-start-init,concept,partial,https://docs.aws.amazon.com/lambda/latest/dg/gettingstarted-limits.html,"900-second timeout, 10,240 MB memory, 6 MB synchronous payload (limits that push long-running work to Fargate/Batch)",2026-09-21,check-B3c,see first row of this uid,B3c.md,yes
aws-aurora-reader-endpoint-and-autoscaling,mcq,partial,https://docs.aws.amazon.com/AmazonRDS/latest/AuroraUserGuide/Aurora.Overview.Endpoints.html,Cluster endpoint connects to the primary (DDL/DML) and follows failover; reader endpoint performs connection-balancing among Aurora Replicas; custom endpoints for subsets with different capacities; instance endpoint pins to one instance; up to 15 Aurora Replicas,2026-09-21,check-B3c,"none; added reader-endpoint source for ""balances connections, not queries""",B3c.md,yes
aws-aurora-reader-endpoint-and-autoscaling,mcq,partial,https://docs.aws.amazon.com/AmazonRDS/latest/AuroraUserGuide/Aurora.Integrating.AutoScaling.html,Aurora Auto Scaling adjusts the number of Aurora Replicas via target tracking on predefined average CPU utilization or average connections of replicas; min/max 0-15; only removes replicas it created; does not apply to writer workload; applications should use the reader endpoint,2026-09-21,check-B3c,see first row of this uid,B3c.md,yes
aws-aurora-reader-endpoint-and-autoscaling,mcq,partial,https://docs.aws.amazon.com/AmazonRDS/latest/UserGuide/rds-proxy.html,"RDS Proxy pools and shares connections and preserves application connections across failover (connection management, not read offload)",2026-09-21,check-B3c,see first row of this uid,B3c.md,yes
aws-aurora-reader-endpoint-and-autoscaling,mcq,partial,https://docs.aws.amazon.com/AmazonRDS/latest/AuroraUserGuide/Aurora.Endpoints.Reader.html,The reader endpoint balances connections to available Aurora Replicas; it does not balance individual queries; with no replicas it connects to the primary,2026-09-21,check-B3c,added source,B3c.md,yes
aws-elasticache-lazy-loading-vs-write-through,mcq,partial,https://docs.aws.amazon.com/AmazonElastiCache/latest/dg/Strategies.html,"Lazy loading: only requested data cached, node failure not fatal, cache-miss penalty, stale data; write-through: never stale, write penalty, missing data on new node, cache churn; adding a TTL to each write gives the advantages of each strategy",2026-09-21,check-B3c,none (lazy/write-through/TTL guidance verified),B3c.md,yes
aws-elasticache-lazy-loading-vs-write-through,mcq,partial,https://docs.aws.amazon.com/amazondynamodb/latest/developerguide/DAX.html,"DAX is a DynamoDB-compatible caching service (API-compatible with DynamoDB), so it cannot front an RDS database",2026-09-21,check-B3c,see first row of this uid,B3c.md,yes
aws-rds-proxy,mcq,partial,https://docs.aws.amazon.com/AmazonRDS/latest/UserGuide/rds-proxy.html,RDS Proxy pools and shares connections; avoids memory and CPU overhead of opening a new connection each time; queues or throttles connections that cannot be served; IAM authentication for clients and Secrets Manager credentials; must be in the same VPC as the database and cannot be publicly accessible; handles surges from many short-lived connections,2026-09-21,check-B3c,"none (same-VPC, not public, IAM, Secrets Manager, 66% failover verified)",B3c.md,yes
aws-rds-proxy,mcq,partial,https://docs.aws.amazon.com/AmazonRDS/latest/AuroraUserGuide/Concepts.AuroraHighAvailability.html,RDS Proxy routes traffic to the new instance while preserving application connections and avoids DNS caches to reduce failover times by up to 66% for Multi-AZ,2026-09-21,check-B3c,see first row of this uid,B3c.md,yes
aws-purpose-built-databases-selection,mcq,partial,https://docs.aws.amazon.com/decision-guides/latest/databases-on-aws-how-to-choose/databases-on-aws-how-to-choose.html,"Neptune: graph, complex networks such as fraud detection, optimised for traversing large numbers of relationships; Timestream: time series for IoT data, metrics, asset tracking; DocumentDB: MongoDB-compatible documents; Keyspaces: Cassandra wide-column; MemoryDB: durable in-memory Valkey/Redis OSS primary; DynamoDB: key-value single-digit ms; relational optimised for joins; recommends combining several best-fit databases; QLDB not in the covered services list (guide last updated 2026-06-02)",2026-09-21,check-B3c,"A: QLDB sentence reworded to what the decision guide supports (QLDB no longer among covered services); ""older exam material"" phrase removed",B3c.md,yes
aws-aurora-vs-dynamodb-choice,mcq,partial,https://docs.aws.amazon.com/amazondynamodb/latest/developerguide/transaction-apis.html,"TransactWriteItems/TransactGetItems group up to 100 actions on up to 100 distinct items, aggregate size cannot exceed 4 MB; DynamoDB performs two underlying reads or writes per item (prepare and commit) so transactions consume double capacity; item size larger than 400 KB is a validation error",2026-09-21,check-B3c,"none (0.5 ACU steps, scale to zero, 100-item/4 MB transactions, 400 KB items, LSI at creation verified)",B3c.md,yes
aws-aurora-vs-dynamodb-choice,mcq,partial,https://docs.aws.amazon.com/amazondynamodb/latest/developerguide/LSI.html,Local secondary indexes are created when the table is created (CreateTable LocalSecondaryIndexes); up to five LSIs per table; 10 GB item collection limit,2026-09-21,check-B3c,see first row of this uid,B3c.md,yes
aws-aurora-vs-dynamodb-choice,mcq,partial,https://docs.aws.amazon.com/amazondynamodb/latest/developerguide/ServiceQuotas.html,"Default 20 GSIs per table; 5 LSIs per table; on-demand tables have no account-level throughput quota (per-table default 40,000 read/write request units)",2026-09-21,check-B3c,see first row of this uid,B3c.md,yes
aws-aurora-vs-dynamodb-choice,mcq,partial,https://docs.aws.amazon.com/AmazonRDS/latest/AuroraUserGuide/aurora-serverless-v2.how-it-works.html,Aurora serverless capacity 0-256 ACUs; each ACU about 2 GiB memory; scaling increments as small as 0.5 ACU; minimum 0 ACUs scales to zero (auto-pause) on supported versions,2026-09-21,check-B3c,see first row of this uid,B3c.md,yes
aws-aurora-vs-dynamodb-choice,mcq,partial,https://docs.aws.amazon.com/decision-guides/latest/databases-on-aws-how-to-choose/databases-on-aws-how-to-choose.html,"DynamoDB: serverless NoSQL fully managed with single-digit millisecond performance at any scale, for session stores/shopping carts; ElastiCache is an ephemeral cache for frequently accessed data (not a durable primary); DocumentDB for MongoDB-compatible JSON documents",2026-09-21,check-B3c,see first row of this uid,B3c.md,yes
aws-dynamodb-capacity-and-keys,mcq,partial,https://docs.aws.amazon.com/amazondynamodb/latest/developerguide/bp-partition-key-design.html,"Every partition delivers a maximum of 3,000 read units per second and 1,000 write units per second; design for uniform activity across partition keys; adaptive capacity applies to on-demand and provisioned",2026-09-21,check-B3c,"RESTRUCTURED: old correct option ""add a GSI serving the by-date query"" is wrong per GSI docs (a date-keyed GSI concentrates writes in one index partition and GSI throttling throttles the base table); now a*=sharded key, b*=one Query per suffix merged in the app (bp-partition-key-sharding), GSI-on-date became distractor f with WHY; LSI angle folded into A:; stem now asks for changes that remove throttling while keeping the by-date read",B3c.md,yes
aws-dynamodb-capacity-and-keys,mcq,partial,https://docs.aws.amazon.com/amazondynamodb/latest/developerguide/bp-partition-key-sharding.html,Write sharding with random suffixes (date.1 ... date.200) spreads writes across partitions but reading a day requires querying every suffix and merging; calculated suffix from an attribute such as order ID keeps GetItem possible for a single item,2026-09-21,check-B3c,see first row of this uid,B3c.md,yes
aws-dynamodb-capacity-and-keys,mcq,partial,https://docs.aws.amazon.com/amazondynamodb/latest/developerguide/LSI.html,LSIs are created when the table is created and share the base table partition key; up to five per table,2026-09-21,check-B3c,see first row of this uid,B3c.md,yes
aws-dynamodb-capacity-and-keys,mcq,partial,https://docs.aws.amazon.com/amazondynamodb/latest/developerguide/DAX.html,DAX is an in-memory cache for eventually consistent reads (microseconds); not ideal for write-intensive applications,2026-09-21,check-B3c,see first row of this uid,B3c.md,yes
aws-dynamodb-capacity-and-keys,mcq,partial,https://docs.aws.amazon.com/amazondynamodb/latest/developerguide/GSI.html,"For a table write to succeed the table and all of its GSIs must have enough write capacity, otherwise the write to the table is throttled; heavy write activity with insufficient GSI write capacity throttles table writes; GSIs can be created on existing tables",2026-09-21,check-B3c,added source,B3c.md,yes
aws-dynamodb-capacity-and-keys,mcq,partial,https://docs.aws.amazon.com/amazondynamodb/latest/developerguide/bp-indexes-gsi-sharding.html,GSI write sharding: GSI partition key ShardNumber# with a timestamp sort key to mitigate hot partitions; DynamoDB queries target one partition key so the application queries each shard (in parallel) and aggregates,2026-09-21,check-B3c,added source,B3c.md,yes
aws-dynamodb-dax,mcq,partial,https://docs.aws.amazon.com/amazondynamodb/latest/developerguide/DAX.html,DAX reduces eventually consistent read response times from single-digit milliseconds to microseconds; API-compatible with DynamoDB requiring only minimal functional changes; reduces need to overprovision read capacity units; mitigates hot keys; not ideal for strongly consistent reads or write-intensive applications; only available for EC2-VPC platform (runs in a VPC),2026-09-21,check-B3c,"none; added DAX.concepts source (write-through, 5-minute item TTL, strongly consistent reads pass through)",B3c.md,yes
aws-dynamodb-dax,mcq,partial,https://docs.aws.amazon.com/amazondynamodb/latest/developerguide/transaction-apis.html,"TransactWriteItems writes through DAX; TransactGetItems calls pass through DAX without caching, same as strongly consistent read APIs in DAX",2026-09-21,check-B3c,see first row of this uid,B3c.md,yes
aws-dynamodb-dax,mcq,partial,https://docs.aws.amazon.com/amazondynamodb/latest/developerguide/DAX.concepts.html,"DAX runs within a VPC; PutItem/UpdateItem/DeleteItem/BatchWriteItem are write-through (table first, then cache); strongly consistent reads pass through and are not cached; item cache TTL 5 minutes by default",2026-09-21,check-B3c,added source,B3c.md,yes
aws-aurora-vs-rds,mcq,partial,https://docs.aws.amazon.com/AmazonRDS/latest/AuroraUserGuide/Concepts.AuroraHighAvailability.html,Writes replicated synchronously across AZs to six storage nodes; up to 15 read-only Aurora Replicas that are failover targets with promotion tiers; service typically restored in less than 60 seconds and often less than 30 when a replica exists,2026-09-21,check-B3c,"A: ""grows automatically to 256 TiB"" -> ""up to 256 TiB on supported engine versions"" (docs: for specific engine versions); added RDS-MySQL-to-Aurora migration source",B3c.md,yes
aws-aurora-vs-rds,mcq,partial,https://docs.aws.amazon.com/AmazonRDS/latest/AuroraUserGuide/Aurora.Overview.StorageReliability.html,Cluster volume copies data across three AZs; volumes grow automatically; can grow up to 256 TiB for specific engine versions; charged only for space used,2026-09-21,check-B3c,see first row of this uid,B3c.md,yes
aws-aurora-vs-rds,mcq,partial,https://docs.aws.amazon.com/decision-guides/latest/databases-on-aws-how-to-choose/databases-on-aws-how-to-choose.html,"Aurora: up to five times the throughput of standard MySQL (the Aurora overview page separately quotes up to 6x for MySQL and PostgreSQL on similar hardware; card uses the decision guide's five times); RDS engines PostgreSQL, MySQL, MariaDB, SQL Server, Oracle, Db2",2026-09-21,check-B3c,see first row of this uid,B3c.md,yes
aws-aurora-vs-rds,mcq,partial,https://docs.aws.amazon.com/AmazonRDS/latest/AuroraUserGuide/AuroraMySQL.Migrating.RDSMySQL.html,Migrate RDS for MySQL to Aurora MySQL by restoring an RDS MySQL snapshot or by creating an Aurora read replica of the RDS instance; binary log replication also possible,2026-09-21,check-B3c,added source,B3c.md,yes
aws-dms-and-sct,mcq,partial,https://docs.aws.amazon.com/dms/latest/userguide/CHAP_Introduction.html,DMS migrates between same-engine or different-engine endpoints; the only requirement is that one endpoint must be on an AWS service; cannot migrate on-premises to on-premises,2026-09-21,check-B3c,"USAGE: unsupported ""no SLA"" claim replaced with CDCLatencySource/CDCLatencyTarget guidance; A: ""closest open engine"" opinion replaced with reference to the AWS Oracle-to-Aurora-PostgreSQL playbook",B3c.md,yes
aws-dms-and-sct,mcq,partial,https://docs.aws.amazon.com/dms/latest/userguide/Welcome.html,DMS Schema Conversion / AWS SCT assesses and converts source schemas and code objects to the target engine and applies converted code; DMS performs one-time migrations or replicates ongoing changes to keep source and target in sync; DMS creates tables and primary keys if they do not exist on the target,2026-09-21,check-B3c,see first row of this uid,B3c.md,yes
aws-dms-and-sct,mcq,partial,https://docs.aws.amazon.com/AmazonRDS/latest/UserGuide/Oracle.Concepts.Licensing.html,RDS for Oracle licensing: License Included (SE2 only) and Bring Your Own License (EE and SE2); BYOL requires appropriate Oracle licence with Software Update License and Support; Multi-AZ BYOL needs a licence for both primary and standby,2026-09-21,check-B3c,see first row of this uid,B3c.md,yes
aws-dms-and-sct,mcq,partial,https://docs.aws.amazon.com/decision-guides/latest/databases-on-aws-how-to-choose/databases-on-aws-how-to-choose.html,Guide recommends migrating from commercially licensed databases such as Oracle or SQL Server to Amazon Aurora using DMS; DynamoDB is a key-value store (wrong model for PL/SQL-heavy OLTP),2026-09-21,check-B3c,see first row of this uid,B3c.md,yes
aws-dms-and-sct,mcq,partial,https://docs.aws.amazon.com/dms/latest/userguide/CHAP_Monitoring.html,CDCLatencySource = seconds between last event captured from the source and the replication instance clock; CDCLatencyTarget = seconds between the first event waiting to commit on the target and the instance clock; CDC latency spikes during heavy source activity such as batch processing are normal,2026-09-21,check-B3c,added source,B3c.md,yes
aws-dms-and-sct,mcq,partial,https://docs.aws.amazon.com/dms/latest/oracle-to-aurora-postgresql-migration-playbook/chap-oracle-aurora-pg.html,"AWS Oracle to Aurora PostgreSQL migration playbook: sections for SQL and PL/SQL, tables and indexes, etc., keyed to SCT action codes that indicate manual conversion; not all source features are fully compatible",2026-09-21,check-B3c,added source,B3c.md,yes
aws-elasticache-lazy-loading-vs-write-through,concept,partial,https://docs.aws.amazon.com/AmazonElastiCache/latest/dg/Strategies.html | https://docs.aws.amazon.com/apigateway/latest/developerguide/api-gateway-caching.html | https://docs.aws.amazon.com/amazondynamodb/latest/developerguide/DAX.html,"backlog row aws-caching-tier-placement (3.3). ElastiCache docs: lazy loading = only requested data cached, stale data possible, cache-miss penalty; write-through = never stale, write penalty, missing data on new node, cache churn; 'Adding TTL' combines both. API Gateway stage cache: default TTL 300 s, maximum 3600 s, only GET cached by default. DAX = eventually consistent reads in microseconds.",2026-09-21,check-B3d,No change; every number and behavioural claim re-verified on the listed primary pages.,B3d.md,no: alternate replacement block not used
aws-dynamodb-gsi-vs-lsi,concept,partial,https://docs.aws.amazon.com/amazondynamodb/latest/developerguide/LSI.html | https://docs.aws.amazon.com/amazondynamodb/latest/developerguide/ServiceQuotas.html | https://docs.aws.amazon.com/AmazonRDS/latest/UserGuide/USER_ReadRepl.html | https://docs.aws.amazon.com/amazondynamodb/latest/developerguide/GSI.html,"backlog row aws-data-access-patterns-read-vs-write (3.3); difficulty 3->2 per backlog section 3. LSI: created only at table creation, same partition key, strongly consistent reads allowed, non-projected attributes fetched from table, 10 GB item collection limit per partition key value, up to 5 LSIs per table; default quota 20 GSIs per table. Index writes consume table WCU. RDS: replication to read replicas is asynchronous (replicas replay writes).",2026-09-21,check-B3d,"No text change. Added GSI.html URL: GSI eventually consistent reads only, separate provisioned throughput, any key schema.",B3d.md,yes
aws-dynamodb-capacity-and-keys,concept+pattern,partial,https://docs.aws.amazon.com/amazondynamodb/latest/developerguide/provisioned-capacity-mode.html | https://docs.aws.amazon.com/amazondynamodb/latest/developerguide/read-write-operations.html | https://docs.aws.amazon.com/amazondynamodb/latest/developerguide/on-demand-capacity-mode.html | https://docs.aws.amazon.com/amazondynamodb/latest/developerguide/bp-partition-key-design.html | https://docs.aws.amazon.com/AmazonRDS/latest/UserGuide/CHAP_Storage.html,"backlog rows aws-database-capacity-planning + aws-dynamodb-capacity-units-pattern (3.3), usage from backlog section 3. 1 RCU = 1 strongly consistent read/s up to 4 KB or 2 eventually consistent; 1 WCU = 1 write/s up to 1 KB; transactional read 2 RCU per 4 KB, transactional write 2 WCU per 1 KB; item sizes round up to next 4 KB (reads) / 1 KB (writes), so 3 KB item = 1 RCU strongly consistent, 3 WCU write. On-demand instantly accommodates up to double the previous peak (throttling possible if exceeded within 30 minutes). Per-partition max 3,000 read units and 1,000 write units per second. RDS: instance class sets CPU/memory; io2 Block Express Provisioned IOPS specified independently of size.",2026-09-21,check-B3d,A: 'so a spike never throttles' softened to 'without throttling (only a jump past that within 30 minutes can throttle)' per on-demand page: throttling can occur if you exceed double the previous peak within 30 minutes. All RCU/WCU/partition numbers re-verified.,B3d.md,no: alternate replacement block not used
aws-rds-multi-az-vs-read-replica,concept,partial,https://docs.aws.amazon.com/AmazonRDS/latest/UserGuide/USER_ReadRepl.html | https://docs.aws.amazon.com/AmazonRDS/latest/UserGuide/CHAP_Limits.html | https://docs.aws.amazon.com/AmazonRDS/latest/UserGuide/Concepts.MultiAZ.html | https://docs.aws.amazon.com/AmazonRDS/latest/AuroraUserGuide/Aurora.Replication.html | https://docs.aws.amazon.com/amazondynamodb/latest/developerguide/GlobalTables.html,"backlog row aws-database-replication-read-replicas (3.3), difficulty 2->1 per row, usage rewritten per backlog section 3. RDS read replicas: asynchronous, read-only, cross-Region supported, promotable to standalone; quota 'Read replicas per primary' = 15 (Oracle: recommend limiting to 5). Multi-AZ DB instance deployment: one synchronous standby that doesn't serve reads; Multi-AZ DB cluster deployment: two standbys that can serve reads. Aurora: up to 15 Aurora Replicas per cluster sharing the cluster volume, reader endpoint, lag usually much less than 100 ms, failover targets. DynamoDB global tables: multi-active, any replica serves reads and writes.",2026-09-21,check-B3d,No change; every number and behavioural claim re-verified on the listed primary pages.,B3d.md,yes
aws-purpose-built-databases-selection,concept,partial,https://docs.aws.amazon.com/memorydb/latest/devguide/what-is-memorydb.html | https://docs.aws.amazon.com/AmazonRDS/latest/AuroraUserGuide/aurora-serverless-v2.how-it-works.html | https://docs.aws.amazon.com/redshift/latest/mgmt/serverless-capacity.html | https://docs.aws.amazon.com/neptune/latest/userguide/neptune-serverless-capacity-scaling.html | https://docs.aws.amazon.com/amazondynamodb/latest/developerguide/DAX.html,"backlog row aws-database-types-and-services-map (3.3). MemoryDB: durable in-memory, Valkey/Redis OSS compatible, Multi-AZ transactional log, usable as primary database. Serverless tier confirmed: Aurora Serverless v2 (ACU scaling), Redshift Serverless (RPU), Neptune Serverless (NCU); DynamoDB on-demand. DAX = DynamoDB-compatible cache. QLDB sentence retained from existing card (no new number).",2026-09-21,check-B3d,No change; every number and behavioural claim re-verified on the listed primary pages.,B3d.md,no: alternate replacement block not used
aws-rds-proxy,concept,partial,https://docs.aws.amazon.com/AmazonRDS/latest/UserGuide/rds-proxy.html | https://docs.aws.amazon.com/AmazonRDS/latest/AuroraUserGuide/rds-proxy-endpoints.html,"backlog row aws-db-connections-and-proxies (3.3). RDS Proxy: connection pooling, queues or throttles connections that can't be served, IAM auth, credentials in Secrets Manager, must be in the same VPC as the DB and can't be publicly accessible; engines listed on the page: RDS for MariaDB, MySQL, PostgreSQL, SQL Server (plus Aurora MySQL/PostgreSQL per Aurora guide); no DynamoDB/Redshift support. Reader (read-only) proxy endpoints exist only for Aurora clusters; requests to a reader endpoint fail if the target is an RDS instance.",2026-09-21,check-B3d,No change; every number and behavioural claim re-verified on the listed primary pages.,B3d.md,no: alternate replacement block not used
aws-dms-and-sct,concept,partial,https://docs.aws.amazon.com/dms/latest/userguide/Welcome.html | https://docs.aws.amazon.com/rds/latest/auroraextendedcontent/aurora-faq.html | https://docs.aws.amazon.com/dms/latest/userguide/CHAP_Introduction.html,"backlog row aws-db-engines-hetero-vs-homo-migration (3.3). DMS: one-time migrations or ongoing replication (CDC); DMS Schema Conversion / AWS SCT converts schemas for a different target engine; DMS supports same-engine moves. Aurora FAQ: migrate MySQL with mysqldump/mysqlimport or RDS DB snapshot migration, PostgreSQL with pg_dump/pg_restore; Aurora gives up to 15 read replicas and replicates data across three AZs. The old '5x MySQL / 3x PostgreSQL' throughput claim is no longer on the Aurora FAQ, so it was left out.",2026-09-21,check-B3d,No text change. Added CHAP_Introduction URL as the source for 'one endpoint must be in AWS' (was unsourced).,B3d.md,no: alternate replacement block not used
aws-multi-az-vs-multi-region,concept+pattern,partial,https://aws.amazon.com/about-aws/global-infrastructure/regions_az/ | https://docs.aws.amazon.com/global-infrastructure/latest/regions/aws-availability-zones.html | https://aws.amazon.com/blogs/architecture/overview-of-data-transfer-costs-for-common-architectures/ | https://docs.aws.amazon.com/AmazonRDS/latest/AuroraUserGuide/aurora-global-database.html | https://docs.aws.amazon.com/amazondynamodb/latest/developerguide/GlobalTables.html,"backlog rows aws-global-infra-az-region-for-databases + aws-availability-zones-pattern (3.3). AZ = one or more discrete data centers with redundant power/networking; AZs many km apart but all within 100 km (60 miles); high-bandwidth low-latency networking, all inter-AZ traffic encrypted. AZ names are mapped independently per account for accounts created before Nov 2025; AZ IDs identify the same physical location in every account. Data transfer within the same AZ is free; cross-AZ transfer is charged (per-GB rate not quoted because the pricing table is loaded dynamically). Aurora Global Database replication latency typically under a second, up to 10 secondary Regions. DynamoDB global tables multi-active.",2026-09-21,check-B3d,No change; every number and behavioural claim re-verified on the listed primary pages.,B3d.md,no: alternate replacement block not used
aws-dynamodb-dax,pattern,partial,https://docs.aws.amazon.com/amazondynamodb/latest/developerguide/DAX.html | https://docs.aws.amazon.com/memorydb/latest/devguide/what-is-memorydb.html,"backlog row aws-in-memory-database-pattern (3.3). DAX: DynamoDB-compatible, response times from single-digit ms to microseconds for eventually consistent reads, not for strongly consistent reads or write-intensive apps, EC2-VPC only. MemoryDB: microsecond read and single-digit millisecond write latency, Multi-AZ transactional log, durable primary database, Valkey/Redis OSS compatible.",2026-09-21,check-B3d,No change; every number and behavioural claim re-verified on the listed primary pages.,B3d.md,no: alternate replacement block not used
aws-ebs-volume-types,pattern,partial,https://docs.aws.amazon.com/ebs/latest/userguide/general-purpose.html | https://docs.aws.amazon.com/ebs/latest/userguide/provisioned-iops.html | https://docs.aws.amazon.com/AmazonRDS/latest/UserGuide/CHAP_Storage.html,"backlog row aws-provisioned-iops-pattern (3.3). EBS gp3: baseline 3,000 IOPS and 125 MiB/s, provisionable up to 80,000 IOPS and 2,000 MiB/s, no burst; gp2 scales 3 IOPS/GiB with burst credits. io2 Block Express: up to 256,000 IOPS, 1,000:1 IOPS:GiB, sub-millisecond latency; io1: up to 64,000 IOPS, 50:1. RDS gp3: baseline 3,000 IOPS/125 MiB/s (12,000/500 MiB/s striped at 400 GiB+ for MySQL/MariaDB/PostgreSQL/Db2); RDS io2 Block Express 1,000-256,000 IOPS, sub-ms latency, Provisioned IOPS specified independent of size; storage autoscaling supported. Backlog's 'gp3 up to 16,000/1,000' is outdated on the current EBS page (80,000/2,000).",2026-09-21,check-B3d,"A: RDS io2 Block Express 'IOPS independent of size' reworded to 'set separately from the storage size, within the same 1,000:1 ratio' (CHAP_Storage: IOPS:GiB ratio must be 0.5-1,000). gp3 80,000/2,000, io2 256,000, io1 64,000, RDS gp3 3,000/125 re-verified.",B3d.md,no: alternate replacement block not used
aws-aurora-serverless-v2,pattern,partial,https://docs.aws.amazon.com/AmazonRDS/latest/AuroraUserGuide/aurora-serverless-v2.how-it-works.html | https://docs.aws.amazon.com/redshift/latest/mgmt/serverless-capacity.html | https://docs.aws.amazon.com/neptune/latest/userguide/neptune-serverless-capacity-scaling.html | https://docs.aws.amazon.com/amazondynamodb/latest/developerguide/on-demand-capacity-mode.html,"backlog row aws-serverless-database-pattern (3.3), difficulty 2->1 per row. ACU ~2 GiB memory; capacity 0-256 ACUs on recent versions (0.5-128 / 0.5-256 on older); scaling in increments as small as 0.5 ACU; scaling doesn't wait for a quiet point; up to 15 serverless readers across 3 AZs; works with Global Database; scale-to-zero auto-pause on recent versions. Redshift Serverless: 1 RPU = 16 GB memory, base capacity 4-512 RPU (1024 in some Regions). Neptune Serverless: NCU = 2 GiB memory, min 1.0, max 128.0 NCUs.",2026-09-21,check-B3d,No change; every number and behavioural claim re-verified on the listed primary pages.,B3d.md,yes
aws-elb-cross-zone-and-sticky-sessions,mcq,partial,https://docs.aws.amazon.com/elasticloadbalancing/latest/userguide/how-elastic-load-balancing-works.html | https://docs.aws.amazon.com/elasticloadbalancing/latest/network/edit-target-group-attributes.html | https://docs.aws.amazon.com/global-accelerator/latest/dg/what-is-global-accelerator.html,"backlog row aws-cross-zone-imbalance-mcq-30 (3.4), qualifier least-change -> 'LEAST amount of change'. Cross-zone LB: ALB always enabled at LB level; NLB and GWLB disabled by default; worked example 2 vs 8 targets: disabled = 25% each in zone A and 6.25% each in zone B, enabled = 10% each. Enabling cross-zone on NLB incurs EC2 data transfer charges. NLB sticky sessions: clients behind the same NAT share a source IP and hit the same target; stickiness may reset when target health changes or targets register/deregister. Global Accelerator routes to endpoints across Regions.",2026-09-21,check-B3d,No change; every number and behavioural claim re-verified on the listed primary pages.,B3d.md,yes
aws-cloudfront-lambda-edge-vs-functions,mcq,partial,https://docs.aws.amazon.com/AmazonCloudFront/latest/DeveloperGuide/edge-functions-choosing.html,"backlog row aws-edge-compute-placement-mcq-27 (3.4), choose-two (no QUALIFIER line; count derived from stars). CloudFront Functions: JavaScript, viewer request/response only, up to millions of requests per second, submillisecond duration, no network/file system/request body access. Lambda@Edge: Node.js/Python, all four events, up to 10,000 requests per second per Region, up to 30 seconds (viewer and origin events), network access yes. Stem shortened to 250 chars per backlog section 3.",2026-09-21,check-B3d,No change; every number and behavioural claim re-verified on the listed primary pages.,B3d.md,yes
aws-route53-routing-policies,mcq+pattern,partial,https://docs.aws.amazon.com/Route53/latest/DeveloperGuide/routing-policy.html | https://aws.amazon.com/global-accelerator/faqs/ | https://docs.aws.amazon.com/AmazonRDS/latest/AuroraUserGuide/aurora-global-database.html | https://docs.aws.amazon.com/amazondynamodb/latest/developerguide/GlobalTables.html | https://docs.aws.amazon.com/Route53/latest/DeveloperGuide/routing-policy-geo.html,"backlog rows aws-global-low-latency-topology-mcq-23 (qualifier most-performant -> 'LOWEST latency', d3) + aws-global-topology-pattern (3.4). Route 53: latency routing = resources in multiple Regions, route to Region with best latency; geolocation = based on location of users; geoproximity = location of resources; weighted = proportions you specify; multivalue = up to eight healthy records. Global Accelerator: proxies TCP/UDP at the edge, static IPs, CloudFront handles HTTP caching. Aurora Global Database (<1 s lag) and DynamoDB global tables (multi-active) for data.",2026-09-21,check-B3d,No text change. Added routing-policy-geo URL as the source for the USAGE 'no answer' default-record claim (was unsourced).,B3d.md,yes
aws-vpc-peering-vs-transit-gateway,mcq+pattern,partial,https://docs.aws.amazon.com/vpc/latest/tgw/what-is-transit-gateway.html | https://docs.aws.amazon.com/directconnect/latest/UserGuide/Welcome.html | https://docs.aws.amazon.com/whitepapers/latest/building-scalable-secure-multi-vpc-network-infrastructure/aws-privatelink.html | https://docs.aws.amazon.com/vpn/latest/s2svpn/vpn-limits.html,"backlog rows aws-hybrid-hub-topology-mcq-24 (qualifier least-ops -> 'LEAST operational overhead', d2) + aws-hybrid-topology-pattern (3.4). Transit Gateway attachments: VPCs, Direct Connect gateway, peering with another transit gateway, VPN; route tables per attachment; billed hourly per attachment plus data processed. Direct Connect transit virtual interface connects Direct Connect gateways to transit gateways; a private VIF reaches a single VPC or a DX gateway of virtual private gateways. PrivateLink: NLB-fronted endpoint service, unidirectional consumer-initiated, overlapping IP ranges allowed. 20 VPCs full mesh = 20*19/2 = 190 peerings (arithmetic). VPN limits page: one VGW per VPC at a time, transit gateway recommended for many VPCs.",2026-09-21,check-B3d,No change; every number and behavioural claim re-verified on the listed primary pages.,B3d.md,yes
aws-alb-vs-nlb,mcq,partial,https://docs.aws.amazon.com/elasticloadbalancing/latest/network/introduction.html | https://docs.aws.amazon.com/elasticloadbalancing/latest/userguide/how-elastic-load-balancing-works.html | https://docs.aws.amazon.com/global-accelerator/latest/dg/what-is-global-accelerator.html | https://docs.aws.amazon.com/elasticloadbalancing/latest/network/edit-target-group-attributes.html,"backlog row aws-nlb-scale-static-ip-mcq-26 (3.4), qualifier most-performant -> 'MOST performant', difficulty 1->2 (MCQ row), usage from backlog section 3. NLB: layer 4, millions of requests per second, volatile workloads, static IP per enabled AZ with optional Elastic IP per subnet, TCP/UDP/TLS/QUIC; cross-zone disabled by default. ALB: layer 7 HTTP/HTTPS, DNS entry updated as it scales (TTL 60 s). Global Accelerator: two static anycast IPv4 addresses, endpoints ALB/NLB/EC2/EIP across Regions. Backlog row aws-lb-strategy-microservices-mcq-29 (choose-three, same existing_uid) NOT written: one uid cannot hold two MCQs.",2026-09-21,check-B3d,"WHY (CloudFront option): dropped 'offers no fixed IP addresses to allow-list' (CloudFront now offers anycast static IP lists); WHY now rests on HTTP-only. NLB millions rps, static IP per AZ/EIP, ALB DNS TTL 60 s, GA two static anycast IPv4 re-verified.",B3d.md,yes
aws-outposts-local-zones-wavelength,mcq,partial,https://docs.aws.amazon.com/AWSEC2/latest/UserGuide/using-regions-availability-zones.html | https://aws.amazon.com/about-aws/global-infrastructure/regions_az/ | https://docs.aws.amazon.com/local-zones/latest/ug/what-is-aws-local-zones.html | https://docs.aws.amazon.com/outposts/latest/server-userguide/what-is-outposts.html,"backlog row aws-metro-latency-placement-mcq-28 (3.4), choose-two, d2; trailing Wavelength clause removed from stem per backlog section 3. Local Zone = extension of an AWS Region in geographic proximity to users; enable it, then create a subnet; 'single-digit millisecond latencies' claim on the AWS global infrastructure page. Wavelength Zones = AWS compute/storage at the edge of telecommunication carriers' 5G networks. Outposts = AWS infrastructure at customer premises; Outposts servers have instance store only (existing USAGE retained). Cluster placement groups are within one AZ (EC2 docs; no number stated).",2026-09-21,check-B3d,"USAGE rewritten: Outposts servers (1U/2U) are end-of-sale for new customers per the Outposts server guide; the service table (EBS/RDS/ElastiCache/EMR/ALB racks only) retained. Local Zone enable-then-subnet, Wavelength 5G carrier, cluster placement group single-AZ re-verified.",B3d.md,yes
aws-cloudfront-caching-ttl-and-invalidation,service,partial,https://aws.amazon.com/cloudfront/features/ | https://docs.aws.amazon.com/AmazonCloudFront/latest/DeveloperGuide/Expiration.html | https://docs.aws.amazon.com/AmazonCloudFront/latest/DeveloperGuide/PayingForInvalidation.html | https://docs.aws.amazon.com/AmazonCloudFront/latest/DeveloperGuide/Invalidation.html,"backlog row aws-cloudfront-service-card (3.4), difficulty 2->1 per row. CloudFront features page: 750+ POPs, origins = EC2/S3/Media Services or non-AWS HTTP server, Origin Shield, signed URLs and cookies, CloudFront Functions (< 1 ms) and Lambda@Edge. Expiration page: default TTL 24 hours when no cache policy/header; Cache-Control max-age / s-maxage / Expires honoured between minimum and maximum TTL. Invalidation: first 1,000 invalidation paths per month per account free; wildcard path counts as one path; versioned file names recommended and cheaper. Backlog's '600+ edges' updated to the current 750+ figure.",2026-09-21,check-B3d,No change; every number and behavioural claim re-verified on the listed primary pages.,B3d.md,yes
aws-global-accelerator-vs-cloudfront,service,partial,https://docs.aws.amazon.com/global-accelerator/latest/dg/what-is-global-accelerator.html | https://aws.amazon.com/global-accelerator/faqs/,"backlog row aws-global-accelerator-service-card (3.4), difficulty 2->1 per row. Two static anycast IPv4 addresses (four for dual-stack); static IPs kept while accelerator exists, lost on delete; endpoints = NLB, ALB, EC2 instances, Elastic IPs in one or multiple Regions; FAQ: detects unhealthy endpoint and takes it out of service in less than one minute; traffic dial percentage per endpoint group; proxies TCP or UDP at the edge while CloudFront caches HTTP. Backlog's '~30 s failover' replaced by the FAQ's 'less than one minute'.",2026-09-21,check-B3d,No change; every number and behavioural claim re-verified on the listed primary pages.,B3d.md,yes
aws-site-to-site-vpn-vs-direct-connect,concept,partial,https://docs.aws.amazon.com/vpn/latest/s2svpn/vpn-limits.html | https://docs.aws.amazon.com/directconnect/latest/UserGuide/dedicated_connection.html | https://docs.aws.amazon.com/directconnect/latest/UserGuide/Welcome.html | https://docs.aws.amazon.com/whitepapers/latest/building-scalable-secure-multi-vpc-network-infrastructure/aws-privatelink.html,"backlog row aws-network-connection-options (3.4). VPN: up to 1.25 Gbps per standard tunnel (140,000 PPS); large-bandwidth tunnel 5 Gbps; ECMP over transit gateway. Direct Connect dedicated port speeds 1, 10, 100, 400 Gbps; up to 72 business hours for AWS to review and provision a port; MACsec optional (not encrypted by default). PrivateLink: NLB-fronted endpoint service, one-way consumer-initiated, overlapping IP ranges allowed; peering/TGW for layer-3 connectivity. Route preference DX over VPN retained from existing card.",2026-09-21,check-B3d,No change; every number and behavioural claim re-verified on the listed primary pages.,B3d.md,yes
aws-vpc-private-subnet-nat,concept,partial,https://docs.aws.amazon.com/vpc/latest/userguide/vpc-cidr-blocks.html | https://docs.aws.amazon.com/vpc/latest/userguide/subnet-sizing.html,"backlog row aws-network-design-subnets-routing-ip (3.4); endpoint sentence removed and usage rewritten per backlog section 3. VPC IPv4 CIDR between /16 (65,536 addresses) and /28 (16); secondary CIDR blocks can be associated; you cannot increase or decrease the size of an existing CIDR block; peering and Direct Connect gateway require non-overlapping CIDRs; subnets /28 to /16; first four and last IP of every subnet reserved (network, VPC router, DNS, future use, broadcast) = 5 addresses; IPv6 CIDR blocks can be associated.",2026-09-21,check-B3d,No change; every number and behavioural claim re-verified on the listed primary pages.,B3d.md,no: alternate replacement block not used
aws-security-group-referencing,pattern,partial,https://docs.aws.amazon.com/elasticloadbalancing/latest/userguide/how-elastic-load-balancing-works.html | https://docs.aws.amazon.com/vpc/latest/userguide/subnet-sizing.html | https://docs.aws.amazon.com/vpc/latest/userguide/security-group-rules.html,"backlog row aws-multi-tier-topology-pattern (3.4), difficulty 2->1 per row. ELB user guide: internal load balancers have only private IPs and sit between web and application tiers; ALB requires at least two AZs; internet-facing LB nodes have public IPs. Security group referencing rules retained from the existing card (no new numbers). Subnet tiering matches the VPC subnet docs.",2026-09-21,check-B3d,"No text change. Added security-group-rules URL: referencing works same VPC, peering, and inbound across a transit gateway; SG-referencing rule counts as one rule.",B3d.md,yes
aws-s3-select-and-athena,mcq,partial,https://aws.amazon.com/athena/pricing/ | https://docs.aws.amazon.com/athena/latest/ug/ctas.html | https://docs.aws.amazon.com/glue/latest/dg/what-is-glue.html | https://aws.amazon.com/glue/pricing/ | https://docs.aws.amazon.com/AmazonS3/latest/userguide/selecting-content-from-objects.html | https://docs.aws.amazon.com/athena/latest/ug/workgroups-setting-control-limits-cloudwatch.html,"backlog row aws-csv-to-parquet-cost-mcq-41 (3.5), qualifier least-cost -> 'MOST cost-effective', d2. Athena: $5 per TB scanned; pricing example shows 3x savings from compression and 4x from reading one column of Parquet. CTAS transforms results into Parquet/ORC to improve performance and reduce cost. Glue: serverless Apache Spark ETL, $0.44 per DPU-hour billed per second with 1-minute minimum. S3 Select: one object per request, CSV/JSON/Parquet, no longer available to new customers. Athena per-query data-scanned limit cancels queries over the threshold (default action, cannot be changed).",2026-09-21,check-B3d,No change; every number and behavioural claim re-verified on the listed primary pages.,B3d.md,yes
aws-redshift-vs-athena-vs-emr,mcq,partial,https://aws.amazon.com/emr/pricing/ | https://docs.aws.amazon.com/emr/latest/EMR-Serverless-UserGuide/emr-serverless.html | https://aws.amazon.com/glue/pricing/ | https://docs.aws.amazon.com/lambda/latest/dg/gettingstarted-limits.html,"backlog row aws-data-processing-spark-choice-mcq-37 (3.5), qualifier least-cost -> 'MOST cost-effective', d2. EMR Serverless (us-east-1, x86): $0.052624 per vCPU-hour + $0.0057785 per GB-hour -> 4 vCPU/16 GB = $0.2105 + $0.0925 = ~$0.30/hour; EMR on EC2 billed per second with 1-minute minimum, Spot up to 90% off On-Demand. EMR Serverless runs Spark/Hive without configuring or operating clusters and releases resources when jobs finish. Glue DPU = 4 vCPU/16 GB at $0.44 per DPU-hour. Lambda: 900 s (15 min) max timeout, 10,240 MB max memory.",2026-09-21,check-B3d,"WHY (Glue): added that the option rewrites jobs the stem forbids, 'standard rate' $0.44/DPU-hour vs ~$0.30 EMR Serverless, and that Glue Flex ($0.29/DPU-hour, Glue pricing page) matches only with delayed starts/interruptions. WHY (Lambda): 15 min qualified with the 90-minute Lambda Managed Instances exception (Lambda quotas page). A: 'standard per-DPU price' + option rewrites jobs. EMR Serverless $0.052624/vCPU-hour + $0.0057785/GB-hour confirmed via the pricing page example (table loads dynamically).",B3d.md,no: alternate replacement block not used
aws-redshift-vs-athena-vs-emr,mcq (row aws-data-processing-sql-only-mcq-38) + concept (row aws-analytics-visualization-services),partial,https://aws.amazon.com/athena/pricing/,Athena $5 per TB scanned; pricing-page example: columnar+compression cuts a $15 scan to $1.25,2026-09-21,check-B3e,,B3e.md,yes
aws-redshift-vs-athena-vs-emr,mcq+concept,partial,https://docs.aws.amazon.com/redshift/latest/dg/c-using-spectrum.html,Redshift Spectrum queries S3 files without loading them into Redshift tables,2026-09-21,check-B3e,,B3e.md,yes
aws-redshift-vs-athena-vs-emr,mcq+concept,partial,https://docs.aws.amazon.com/emr/latest/ManagementGuide/emr-what-is-emr.html,EMR = managed cluster platform for Hadoop/Spark big-data frameworks,2026-09-21,check-B3e,,B3e.md,yes
aws-redshift-vs-athena-vs-emr,mcq+concept,partial,https://docs.aws.amazon.com/lake-formation/latest/dg/what-is-lake-formation.html,"Lake Formation permissions enforced at column, row and cell level across Athena, Amazon Quick, Redshift Spectrum, EMR and Glue",2026-09-21,check-B3e,,B3e.md,yes
aws-redshift-vs-athena-vs-emr,mcq+concept,partial,https://docs.aws.amazon.com/quicksight/latest/user/welcome.html,Product now Amazon Quick; BI feature is Amazon Quick Sight (evolved from QuickSight),2026-09-21,check-B3e,,B3e.md,yes
aws-redshift-vs-athena-vs-emr,mcq+concept,partial,https://docs.aws.amazon.com/quicksight/latest/user/spice.html,SPICE = Super-fast Parallel In-memory Calculation Engine used by Quick Sight,2026-09-21,check-B3e,,B3e.md,yes
aws-kinesis-data-streams-vs-firehose,mcq (row aws-streaming-replay-multi-consumer-mcq-32) + concept (aws-streaming-services-use-cases) + service (aws-data-firehose-service-card); facts of row aws-firehose-buffer-config-mcq-40 folded into A:/USAGE,partial,https://docs.aws.amazon.com/streams/latest/dev/service-sizes-and-limits.html,"retention min 24 h, max 8760 h (365 days); per-shard 1 MB/s or 1,000 rec/s write, 2 MB/s read; 20 EFO consumers (50 with On-demand Advantage)",2026-09-21,check-B3e,"WHY of the Firehose-alone distractor: ""minutes late"" -> ""at least one buffer interval late"" (buffer is 0-900 s, 60 s in the scenario)",B3e.md,yes
aws-kinesis-data-streams-vs-firehose,mcq+concept+service,partial,https://docs.aws.amazon.com/streams/latest/dev/enhanced-consumers.html,enhanced fan-out: dedicated up to 2 MB/s per shard per consumer; ~70 ms propagation vs ~200 ms shared,2026-09-21,check-B3e,"WHY of the Firehose-alone distractor: ""minutes late"" -> ""at least one buffer interval late"" (buffer is 0-900 s, 60 s in the scenario)",B3e.md,yes
aws-kinesis-data-streams-vs-firehose,mcq+concept+service,partial,https://docs.aws.amazon.com/firehose/latest/APIReference/API_BufferingHints.html,BufferingHints SizeInMBs 1-128 MiB (default 5); IntervalInSeconds 0-900 (default 300),2026-09-21,check-B3e,"WHY of the Firehose-alone distractor: ""minutes late"" -> ""at least one buffer interval late"" (buffer is 0-900 s, 60 s in the scenario)",B3e.md,yes
aws-kinesis-data-streams-vs-firehose,mcq+concept+service,partial,https://docs.aws.amazon.com/firehose/latest/dev/record-format-conversion.html,Firehose converts JSON to Parquet/ORC using a schema from the AWS Glue Data Catalog; non-JSON input needs a Lambda transform first,2026-09-21,check-B3e,"WHY of the Firehose-alone distractor: ""minutes late"" -> ""at least one buffer interval late"" (buffer is 0-900 s, 60 s in the scenario)",B3e.md,yes
aws-kinesis-data-streams-vs-firehose,mcq+concept+service,partial,https://docs.aws.amazon.com/firehose/latest/dev/what-is-this-service.html,"destinations S3, Redshift, OpenSearch, Splunk, HTTP endpoints; a Firehose stream can read from an existing Kinesis data stream; no applications to write",2026-09-21,check-B3e,"WHY of the Firehose-alone distractor: ""minutes late"" -> ""at least one buffer interval late"" (buffer is 0-900 s, 60 s in the scenario)",B3e.md,yes
aws-kinesis-data-streams-vs-firehose,mcq+concept+service,partial,https://docs.aws.amazon.com/firehose/latest/dev/dynamic-partitioning.html,dynamic partitioning groups records into S3 prefixes by keys in the data,2026-09-21,check-B3e,"WHY of the Firehose-alone distractor: ""minutes late"" -> ""at least one buffer interval late"" (buffer is 0-900 s, 60 s in the scenario)",B3e.md,yes
aws-kinesis-data-streams-vs-firehose,mcq+concept+service,partial,https://docs.aws.amazon.com/AWSSimpleQueueService/latest/SQSDeveloperGuide/quotas-messages.html,"SQS retention default 4 days, max 1,209,600 s (14 days)",2026-09-21,check-B3e,"WHY of the Firehose-alone distractor: ""minutes late"" -> ""at least one buffer interval late"" (buffer is 0-900 s, 60 s in the scenario)",B3e.md,yes
aws-kinesis-data-streams-vs-firehose,mcq+concept+service,partial,https://docs.aws.amazon.com/msk/latest/developerguide/what-is-msk.html,MSK runs open-source Apache Kafka; existing apps and tooling work without code changes; MSK Serverless exists,2026-09-21,check-B3e,"WHY of the Firehose-alone distractor: ""minutes late"" -> ""at least one buffer interval late"" (buffer is 0-900 s, 60 s in the scenario)",B3e.md,yes
aws-kinesis-data-streams-vs-firehose,mcq+concept+service,partial,https://docs.aws.amazon.com/amazondynamodb/latest/developerguide/Streams.html,DynamoDB Streams retains item-level change records for up to 24 hours,2026-09-21,check-B3e,"WHY of the Firehose-alone distractor: ""minutes late"" -> ""at least one buffer interval late"" (buffer is 0-900 s, 60 s in the scenario)",B3e.md,yes
aws-kinesis-shards-and-partition-keys,mcq (row aws-ingestion-shard-config-mcq-39),partial,https://docs.aws.amazon.com/streams/latest/dev/service-sizes-and-limits.html,"per-shard 1 MB/s or 1,000 records/s write, 2 MB/s read; retention 24 h to 365 days; ProvisionedThroughputExceededException on insufficient provisioned throughput",2026-09-21,check-B3e,"USAGE: added ""Enable shard-level metrics"" before charting IncomingBytes per shard (per-shard metrics need enhanced monitoring)",B3e.md,yes
aws-kinesis-shards-and-partition-keys,mcq,partial,https://docs.aws.amazon.com/streams/latest/dev/how-do-i-size-a-stream.html,"on-demand splits a shard within 15 min when >500 KB/s; it does not isolate hot hash keys; a single key over 1 MB/s or 1,000 rec/s still throttles; provisioned mode offers granular shard splits",2026-09-21,check-B3e,"USAGE: added ""Enable shard-level metrics"" before charting IncomingBytes per shard (per-shard metrics need enhanced monitoring)",B3e.md,yes
aws-kinesis-shards-and-partition-keys,mcq,partial,https://docs.aws.amazon.com/streams/latest/dev/enhanced-consumers.html,enhanced fan-out is read-side: 2 MB/s per shard per consumer,2026-09-21,check-B3e,"USAGE: added ""Enable shard-level metrics"" before charting IncomingBytes per shard (per-shard metrics need enhanced monitoring)",B3e.md,yes
aws-datasync-vs-transfer-family,mcq (row aws-transfer-partner-sftp-mcq-35) + concept (row aws-data-transfer-services-choice),partial,https://docs.aws.amazon.com/transfer/latest/userguide/what-is-aws-transfer-family.html,fully managed SFTP/FTPS/FTP/AS2 (+browser) into S3 or EFS; keep existing clients; managed file transfer workflows for post-upload processing,2026-09-21,check-B3e,single-answer MCQ trimmed from 5 to 4 options: dropped the Kinesis distractor (weakest angle) per FORMAT 1.5; A/USAGE unchanged,B3e.md,yes
aws-datasync-vs-transfer-family,mcq+concept,partial,https://docs.aws.amazon.com/datasync/latest/userguide/what-is-datasync.html,"DataSync sources NFS, SMB, HDFS, object storage; destinations S3, EFS, FSx; use cases migrate/archive/replicate",2026-09-21,check-B3e,single-answer MCQ trimmed from 5 to 4 options: dropped the Kinesis distractor (weakest angle) per FORMAT 1.5; A/USAGE unchanged,B3e.md,yes
aws-datasync-vs-transfer-family,mcq+concept,partial,https://aws.amazon.com/datasync/faqs/,"a single DataSync task can fully utilize a 10 Gbps link; DataSync migrates, File Gateway retains ongoing on-prem access",2026-09-21,check-B3e,single-answer MCQ trimmed from 5 to 4 options: dropped the Kinesis distractor (weakest angle) per FORMAT 1.5; A/USAGE unchanged,B3e.md,yes
aws-datasync-vs-transfer-family,mcq+concept,partial,https://docs.aws.amazon.com/storagegateway/latest/tgw/WhatIsStorageGateway.html,"Storage Gateway = on-premises appliance integrating with AWS storage (file, volume, tape types); Tape Gateway archives to Glacier Flexible Retrieval / Deep Archive",2026-09-21,check-B3e,single-answer MCQ trimmed from 5 to 4 options: dropped the Kinesis distractor (weakest angle) per FORMAT 1.5; A/USAGE unchanged,B3e.md,yes
aws-snow-family-selection,mcq (row aws-transfer-petabyte-deadline-mcq-34) + concept (row aws-data-sizes-speeds-transfer-math) + pattern (row aws-d4-pat-online-vs-offline-transfer-decision); backlog s3 stem trim applied,partial,https://docs.aws.amazon.com/snowball/latest/developer-guide/device-differences.html,"Snowball Edge Storage Optimized 210 TB usable; Compute Optimized 28 TB NVMe, 104 vCPU, 416 GB; Snowball Edge no longer available to new customers (DataSync / Data Transfer Terminal / partners recommended)",2026-09-21,check-B3e,,B3e.md,yes
aws-snow-family-selection,mcq+concept+pattern,partial,https://aws.amazon.com/datasync/faqs/,single task fills 10 Gbps; arithmetic checked: 100 TB @ 1 Gbps x 0.8 = 11.6 days; 500 TB @ 500 Mbps x 0.8 = 115.7 days,2026-09-21,check-B3e,,B3e.md,yes
aws-snow-family-selection,mcq+concept+pattern,partial,https://aws.amazon.com/datasync/pricing/,"DataSync per-GB pricing ($0.0125/GB Basic, $0.015/GB Enhanced), no upfront or minimum",2026-09-21,check-B3e,,B3e.md,yes
aws-snow-family-selection,mcq+concept+pattern,partial,https://docs.aws.amazon.com/AmazonS3/latest/userguide/transfer-acceleration.html,Transfer Acceleration uses CloudFront edge locations for long-distance transfers; bucket-level feature,2026-09-21,check-B3e,,B3e.md,yes
aws-snow-family-selection,mcq+concept+pattern,partial,https://docs.aws.amazon.com/directconnect/latest/UserGuide/dedicated_connection.html,"dedicated connection: up to 72 business hours for AWS to provision the port, then LOA-CFA and partner cross connect; 1/10/100/400 Gbps ports",2026-09-21,check-B3e,,B3e.md,yes
aws-glue-etl-and-catalog,concept (row aws-data-transformation-services),partial,https://docs.aws.amazon.com/databrew/latest/dg/what-is.html,"DataBrew: visual no-code preparation, over 250 built-in transformations, serverless",2026-09-21,check-B3e,,B3e.md,yes
aws-glue-etl-and-catalog,concept,partial,https://docs.aws.amazon.com/firehose/latest/dev/record-format-conversion.html,Firehose inline JSON-to-Parquet/ORC conversion on delivery to S3,2026-09-21,check-B3e,,B3e.md,yes
aws-glue-etl-and-catalog,concept,partial,https://docs.aws.amazon.com/emr/latest/ManagementGuide/emr-what-is-emr.html,EMR = managed cluster for Hadoop/Spark frameworks,2026-09-21,check-B3e,,B3e.md,yes
aws-glue-etl-and-catalog,concept,partial,"(kept from live card, not re-verified this session)",Lambda 15-minute timeout; Glue crawler/Catalog/Glue Studio description,2026-09-21,check-B3e,,B3e.md,yes
aws-s3-select-and-athena,pattern (row aws-csv-to-parquet-pattern),partial,https://aws.amazon.com/athena/pricing/,$5 per TB scanned; worked example $15 -> $1.25 with compression + columnar (about 80% saving),2026-09-21,check-B3e,,B3e.md,no: alternate replacement block not used
aws-s3-select-and-athena,pattern,partial,https://docs.aws.amazon.com/athena/latest/ug/ctas.html,CTAS transforms query results into Parquet/ORC to cut cost and improve performance,2026-09-21,check-B3e,,B3e.md,no: alternate replacement block not used
aws-s3-select-and-athena,pattern,partial,https://docs.aws.amazon.com/firehose/latest/dev/record-format-conversion.html,Firehose record format conversion JSON -> Parquet/ORC,2026-09-21,check-B3e,,B3e.md,no: alternate replacement block not used
aws-s3-select-and-athena,pattern,partial,https://docs.aws.amazon.com/AmazonS3/latest/userguide/selecting-content-from-objects.html,"""Amazon S3 Select is no longer available to new customers""; one object per request; CSV, JSON, Parquet; GZIP/BZIP2 for CSV/JSON",2026-09-21,check-B3e,,B3e.md,no: alternate replacement block not used
aws-purpose-built-databases-selection,"service rows aws-documentdb-service-card, aws-keyspaces-service-card, aws-neptune-service-card folded in",partial,https://docs.aws.amazon.com/documentdb/latest/developerguide/what-is.html,"MongoDB-compatible, same drivers/code; up to 15 replica instances; storage grows automatically",2026-09-21,check-B3e,A: Timestream line now notes the InfluxDB edition and that Timestream for LiveAnalytics closed to new customers on 2025-06-20,B3e.md,no: alternate replacement block not used
aws-purpose-built-databases-selection,service,partial,https://docs.aws.amazon.com/keyspaces/latest/devguide/what-is-keyspaces.html,"serverless, Apache Cassandra-compatible, same Cassandra code and tools, no servers to manage",2026-09-21,check-B3e,A: Timestream line now notes the InfluxDB edition and that Timestream for LiveAnalytics closed to new customers on 2025-06-20,B3e.md,no: alternate replacement block not used
aws-purpose-built-databases-selection,service,partial,https://docs.aws.amazon.com/neptune/latest/userguide/intro.html,"graph database; Gremlin, openCypher, SPARQL; fraud detection, recommendations, knowledge graphs; up to 15 read replicas; SQL for highly connected data is hard to tune",2026-09-21,check-B3e,A: Timestream line now notes the InfluxDB edition and that Timestream for LiveAnalytics closed to new customers on 2025-06-20,B3e.md,no: alternate replacement block not used
aws-purpose-built-databases-selection,service,partial,"(kept from live card, not re-verified this session)","Timestream, MemoryDB, DynamoDB lines; Neptune Serverless existence",2026-09-21,check-B3e,A: Timestream line now notes the InfluxDB edition and that Timestream for LiveAnalytics closed to new customers on 2025-06-20,B3e.md,no: alternate replacement block not used
aws-outposts-local-zones-wavelength,service (row aws-wavelength-service-card) + concept (row aws-d4-hybrid-compute-outposts-cost); backlog s3 stem trim applied,partial,https://docs.aws.amazon.com/wavelength/latest/developerguide/what-is-wavelength.html,"Wavelength Zone = extension of the Region inside CSP 5G networks; subnet of your VPC; carrier gateway; EC2, EBS, Auto Scaling, EKS, ECS, ALB in select Zones",2026-09-21,check-B3e,,B3e.md,no: alternate replacement block not used
aws-outposts-local-zones-wavelength,service+concept,partial,https://aws.amazon.com/outposts/rack/pricing/,"Outposts rack: 3-year term, All/Partial/No Upfront; price includes delivery, installation, maintenance, patches",2026-09-21,check-B3e,,B3e.md,no: alternate replacement block not used
aws-outposts-local-zones-wavelength,service+concept,partial,https://docs.aws.amazon.com/outposts/latest/userguide/what-is-outposts.html,"resource table: EBS volumes, RDS, ALB, S3 on Outposts, EKS nodes = racks only (servers: No); ""Each Outpost is an extension of an Availability Zone""",2026-09-21,check-B3e,,B3e.md,no: alternate replacement block not used
aws-s3-requester-pays-and-data-transfer,concept (row aws-d4-s3-access-options-who-pays),partial,https://docs.aws.amazon.com/AmazonS3/latest/userguide/RequesterPaysBuckets.html,owner always pays storage; requester pays request + download; anonymous access not allowed; x-amz-request-payer header or --request-payer,2026-09-21,check-B3e,,B3e.md,yes
aws-s3-requester-pays-and-data-transfer,concept,partial,https://pricing.us-east-1.amazonaws.com/offers/v1.0/aws/AWSDataTransfer/current/us-east-1/index.csv,"AWS Price List: us-east-1 DataTransfer-Out-Bytes $0.09/GB for 0-10,240 GB tier",2026-09-21,check-B3e,,B3e.md,yes
aws-s3-requester-pays-and-data-transfer,concept,partial,https://aws.amazon.com/cloudfront/pricing/pay-as-you-go/,origin fetches from AWS origins free; 1 TB/month data transfer out free tier,2026-09-21,check-B3e,,B3e.md,yes
aws-s3-durability-availability,concept (row aws-d4-storage-access-patterns),partial,https://docs.aws.amazon.com/AmazonS3/latest/userguide/storage-class-intro.html,durability 11 nines all classes; availability Standard 99.99 / IA and IT 99.9 / One Zone-IA 99.5; IA classes 30-day min and 128 KB min billable; Intelligent-Tiering does not monitor or tier objects under 128 KB; One Zone-IA single AZ,2026-09-21,check-B3e,,B3e.md,no: alternate replacement block not used
aws-s3-durability-availability,concept,partial,https://b0.p.awsstatic.com/pricing/2.0/meteredUnitMaps/s3/USD/current/s3.json,AWS pricing feed us-east-1: Standard $0.023/GB-mo (first 50 TB); Standard-IA $0.0125/GB-mo + $0.01/GB retrieval; One Zone-IA $0.01/GB-mo; break-even = 0.0105 saving vs 0.01 retrieval per read,2026-09-21,check-B3e,,B3e.md,no: alternate replacement block not used
aws-backup-service,pattern (row aws-d4-pat-backup-vs-archive-selection),partial,https://docs.aws.amazon.com/aws-backup/latest/devguide/API_Lifecycle.html,backups moved to cold storage must stay at least 90 days; DeleteAfterDays >= MoveToColdStorageAfterDays + 90,2026-09-21,check-B3e,,B3e.md,no: alternate replacement block not used
aws-backup-service,pattern,partial,https://docs.aws.amazon.com/AmazonS3/latest/userguide/object-lock.html,Object Lock WORM; compliance mode: no user including root can overwrite/delete or shorten retention,2026-09-21,check-B3e,,B3e.md,no: alternate replacement block not used
aws-backup-service,pattern,partial,https://docs.aws.amazon.com/storagegateway/latest/tgw/WhatIsStorageGateway.html,Tape Gateway archives virtual tapes to S3 Glacier Flexible Retrieval or Deep Archive,2026-09-21,check-B3e,,B3e.md,no: alternate replacement block not used
aws-backup-service,pattern,partial,https://b0.p.awsstatic.com/pricing/2.0/meteredUnitMaps/s3/USD/current/s3.json,Deep Archive tier price $0.00099/GB-mo (IntelligentTieringDeepArchiveAccess entry) stated as about $0.001,2026-09-21,check-B3e,,B3e.md,no: alternate replacement block not used
aws-backup-service,pattern,partial,https://docs.aws.amazon.com/aws-backup/latest/devguide/vault-lock.html,"compliance mode: after grace time (min 72 h) lock immutable, no user incl. root nor AWS can delete; warning: recovery points with retention ""Always"" are retained forever",2026-09-21,check-B3e,,B3e.md,no: alternate replacement block not used
aws-organizations-scp,pattern (row aws-d4-pat-consolidated-billing),partial,https://docs.aws.amazon.com/awsaccountbilling/latest/aboutv2/consolidated-billing.html,"one bill; combined usage shares volume pricing, RI and Savings Plans discounts; no extra fee",2026-09-21,check-B3e,,B3e.md,no: alternate replacement block not used
aws-organizations-scp,pattern,partial,https://docs.aws.amazon.com/awsaccountbilling/latest/aboutv2/ri-turn-off.html,management account can deactivate RI/Savings Plans discount sharing per member account,2026-09-21,check-B3e,,B3e.md,no: alternate replacement block not used
aws-organizations-scp,pattern,partial,https://docs.aws.amazon.com/organizations/latest/userguide/orgs_manage_policies_scps.html,"SCP never grants; user without IAM policy has no access even if SCP allows all; affects member accounts incl. root user; not management account, service-linked roles, or outside-org principals via resource policies",2026-09-21,check-B3e,,B3e.md,no: alternate replacement block not used
aws-s3-performance-prefixes-multipart,pattern (row aws-d4-pat-s3-batch-vs-individual-uploads),partial,https://b0.p.awsstatic.com/pricing/2.0/meteredUnitMaps/s3/USD/current/s3.json,"PUT/COPY/POST/LIST $0.000005 per request = $0.005 per 1,000; GET $0.0000004 = $0.0004 per 1,000; Standard $0.023/GB-mo; arithmetic 1M x 20 KB = 20 GB = $0.46",2026-09-21,check-B3e,,B3e.md,no: alternate replacement block not used
aws-s3-performance-prefixes-multipart,pattern,partial,https://docs.aws.amazon.com/AmazonS3/latest/userguide/storage-class-intro.html,128 KB minimum billable size for IA and Glacier IR; 40 KB metadata overhead per Glacier object,2026-09-21,check-B3e,,B3e.md,no: alternate replacement block not used
aws-s3-performance-prefixes-multipart,pattern,partial,https://docs.aws.amazon.com/AmazonS3/latest/userguide/optimizing-performance.html,"at least 3,500 PUT/COPY/POST/DELETE or 5,500 GET/HEAD per second per partitioned prefix; 503 Slow Down while scaling",2026-09-21,check-B3e,,B3e.md,no: alternate replacement block not used
aws-multi-az-vs-multi-region,concept (row aws-d4-global-infra-region-pricing),partial,https://pricing.us-east-1.amazonaws.com/offers/v1.0/aws/AWSDataTransfer/current/us-east-1/index.csv,AWS Price List: IntraRegion (cross-AZ) DataTransfer-Regional-Bytes $0.01/GB; InterRegion us-east-1 -> us-west-2 $0.02/GB; internet out $0.09/GB first 10 TB,2026-09-21,check-B3e,,B3e.md,yes
aws-multi-az-vs-multi-region,concept,partial,https://aws.amazon.com/blogs/architecture/overview-of-data-transfer-costs-for-common-architectures/,data transfer within the same AZ is free; inbound free,2026-09-21,check-B3e,,B3e.md,yes
aws-multi-az-vs-multi-region,concept,partial,https://b0.p.awsstatic.com/pricing/2.0/meteredUnitMaps/ec2/USD/current/ec2-ondemand-without-sec-sel/,"AWS pricing feed: m5.large Linux on-demand $0.096/h US East (N. Virginia), $0.120 Sydney, $0.153 South America (Sao Paulo); Los Angeles Local Zone $0.115",2026-09-21,check-B3e,,B3e.md,yes
aws-multi-az-vs-multi-region,concept,partial,https://docs.aws.amazon.com/AWSEC2/latest/UserGuide/using-spot-instances.html,Spot price of each instance type in each Availability Zone set by EC2 from long-term supply and demand; Spot capacity pool = instance type + AZ,2026-09-21,check-B3e,,B3e.md,yes
aws-ec2-instance-families,concept (row aws-d4-instance-types-families-sizes) + pattern (row aws-d4-pat-burstable-t-family-credits),partial,https://docs.aws.amazon.com/AWSEC2/latest/UserGuide/burstable-credits-baseline-concepts.html,t3.medium baseline 20% (t3.large 30%); T3/T3a/T4g/T8i launch as unlimited by default; T2 standard,2026-09-21,check-B3e,,B3e.md,yes
aws-ec2-instance-families,concept+pattern,partial,https://docs.aws.amazon.com/AWSEC2/latest/UserGuide/burstable-performance-instances-unlimited-mode-concepts.html,"surplus credits $0.05 per vCPU-hour (Linux, us-east-1) when 24-hour average CPU exceeds baseline; T3 at 100% CPU ~1.5x an M5; t3.large vs m5.large break-even 42.5%",2026-09-21,check-B3e,,B3e.md,yes
aws-ec2-instance-families,concept+pattern,partial,https://b0.p.awsstatic.com/pricing/2.0/meteredUnitMaps/ec2/USD/current/ec2-ondemand-without-sec-sel/,m6i.large and m5.large both $0.096/h in us-east-1 (newer generation same price),2026-09-21,check-B3e,,B3e.md,yes
aws-alb-vs-nlb,concept (row aws-d4-load-balancing-concepts-cost); backlog s3 usage line added,partial,https://aws.amazon.com/elasticloadbalancing/pricing/,"us-east-1: ALB $0.0225/h + $0.008/LCU-h (new conns, active conns, processed bytes, rule evaluations; highest dimension billed); NLB $0.0225/h + $0.006/NLCU-h; GWLB $0.0125/h + $0.004/GLCU-h",2026-09-21,check-B3e,,B3e.md,no: alternate replacement block not used
aws-alb-vs-nlb,concept,partial,https://docs.aws.amazon.com/elasticloadbalancing/latest/userguide/how-elastic-load-balancing-works.html,cross-zone always enabled on ALB; disabled by default on NLB and GWLB,2026-09-21,check-B3e,,B3e.md,no: alternate replacement block not used
aws-alb-vs-nlb,concept,partial,"(kept from live card, not re-verified this session)",ALB L7 / NLB L4 feature description,2026-09-21,check-B3e,,B3e.md,no: alternate replacement block not used
aws-asg-scaling-policies,concept (row aws-d4-scaling-strategies-cost),partial,https://docs.aws.amazon.com/autoscaling/ec2/userguide/ec2-auto-scaling-warm-pools.html,"warm pool states Stopped, Running, Hibernated; stopped/hibernated instances bill only volumes (and EIPs)",2026-09-21,check-B3e,,B3e.md,no: alternate replacement block not used
aws-asg-scaling-policies,concept,partial,https://docs.aws.amazon.com/AWSEC2/latest/UserGuide/Hibernate.html,hibernation saves RAM to EBS root; no instance usage charge while hibernated; EBS storage incl. RAM image is charged; processes resume,2026-09-21,check-B3e,,B3e.md,no: alternate replacement block not used
aws-asg-scaling-policies,concept,partial,https://docs.aws.amazon.com/AWSEC2/latest/UserGuide/hibernating-prerequisites.html,root volume must be an encrypted EBS volume; Linux RAM under 150 GiB,2026-09-21,check-B3e,,B3e.md,no: alternate replacement block not used
aws-asg-scaling-policies,concept,partial,https://docs.aws.amazon.com/autoscaling/ec2/userguide/simple-scaling-policies.html,simple scaling must wait for in-progress activity and cooldown before responding to additional alarms,2026-09-21,check-B3e,,B3e.md,no: alternate replacement block not used
aws-kinesis-data-streams-vs-firehose,mcq+concept+service,partial,https://docs.aws.amazon.com/streams/latest/dev/service-sizes-and-limits.html,"minimum retention 24 h (default), maximum 8760 h (365 days)",2026-09-21,check-B3e,"WHY of the Firehose-alone distractor: ""minutes late"" -> ""at least one buffer interval late"" (buffer is 0-900 s, 60 s in the scenario)",B3e.md,yes
aws-kinesis-shards-and-partition-keys,mcq,partial,https://docs.aws.amazon.com/streams/latest/dev/how-do-i-size-a-stream.html,provisioned mode: uneven partition key -> identify hot shards and manually split them,2026-09-21,check-B3e,"USAGE: added ""Enable shard-level metrics"" before charting IncomingBytes per shard (per-shard metrics need enhanced monitoring)",B3e.md,yes
aws-snow-family-selection,mcq+concept+pattern,partial,https://docs.aws.amazon.com/snowball/latest/developer-guide/device-differences.html,"banner: ""AWS Snowball Edge is no longer available to new customers""; Storage Optimized 210 TB usable",2026-09-21,check-B3e,,B3e.md,yes
aws-s3-performance-prefixes-multipart,pattern,partial,https://docs.aws.amazon.com/AmazonS3/latest/userguide/mpuoverview.html,best practice: multipart for objects 100 MB or larger; parts billed until complete/abort; AbortIncompleteMultipartUpload lifecycle rule,2026-09-21,check-B3e,,B3e.md,no: alternate replacement block not used
aws-purpose-built-databases-selection,service,partial,https://docs.aws.amazon.com/timestream/latest/developerguide/AmazonTimestreamForLiveAnalytics-availability-change.html,Timestream for LiveAnalytics closed to new customers effective 2025-06-20; Timestream for InfluxDB recommended,2026-09-21,check-B3e,A: Timestream line now notes the InfluxDB edition and that Timestream for LiveAnalytics closed to new customers on 2025-06-20,B3e.md,no: alternate replacement block not used
aws-asg-scaling-policies,concept,partial,https://docs.aws.amazon.com/autoscaling/ec2/userguide/as-scale-based-on-demand.html,multiple policies at once: Auto Scaling chooses the policy that provides the largest capacity for both scale out and scale in,2026-09-21,check-B3e,,B3e.md,no: alternate replacement block not used
aws-asg-scaling-policies,concept,partial,https://docs.aws.amazon.com/autoscaling/ec2/userguide/ec2-auto-scaling-warm-pools.html,Stopped: pay only volumes and EIPs; Hibernated: pay EBS incl. RAM contents; Running discouraged,2026-09-21,check-B3e,,B3e.md,no: alternate replacement block not used
aws-multi-az-vs-multi-region,concept,partial,https://pricing.us-east-1.amazonaws.com/offers/v1.0/aws/AWSDataTransfer/current/us-east-1/index.csv,"re-pulled 2026-09-21: DataTransfer-Regional-Bytes $0.01/GB; USE1-USW2 $0.02/GB; DataTransfer-Out-Bytes $0.09/GB (0-10,240 GB), $0.085 next tier",2026-09-21,check-B3e,,B3e.md,yes
aws-multi-az-vs-multi-region,concept,partial,https://b0.p.awsstatic.com/pricing/2.0/meteredUnitMaps/ec2/USD/current/ec2-ondemand-without-sec-sel/,"re-pulled 2026-09-21: m5.large Linux $0.096 N. Virginia, $0.153 Sao Paulo; m6i.large $0.096 N. Virginia",2026-09-21,check-B3e,,B3e.md,yes
aws-alb-vs-nlb,concept,partial,https://aws.amazon.com/elasticloadbalancing/pricing/,re-checked 2026-09-21: ALB $0.0225/h + $0.008/LCU-h; NLB $0.0225/h + $0.006/NLCU-h; GWLB $0.0125/h (per AZ) + $0.004/GLCU-h; NLB cross-zone incurs regional data transfer charges,2026-09-21,check-B3e,,B3e.md,no: alternate replacement block not used
aws-s3-requester-pays-and-data-transfer,concept,partial,https://aws.amazon.com/cloudfront/pricing/pay-as-you-go/,re-checked 2026-09-21: 1 TB/month out free; origin fetches from AWS origins free; US next 9 TB $0.085/GB,2026-09-21,check-B3e,,B3e.md,yes
aws-cloudfront-lambda-edge-vs-functions,pattern,partial,https://docs.aws.amazon.com/AmazonCloudFront/latest/DeveloperGuide/edge-functions-choosing.html | https://aws.amazon.com/about-aws/whats-new/2021/05/cloudfront-functions/ | https://aws.amazon.com/lambda/pricing/,"CloudFront Functions: viewer request/response only, submillisecond, millions of req/s, no network/file system/body access, JavaScript; priced $0.1 per million invocations. Lambda@Edge: all four events, Node.js/Python, up to 30 s, network+body access; $0.60 per 1M requests + $0.00000625125 per 128MB-second (=6x per request). Backlog rows 145 (uid aws-d4-pat-edge-functions-cost). Difficulty d3->d2 per row + backlog s3 stem-trim note (stem 208 chars, was 294).",2026-09-21,check-B3f,"No text change. Verified: CloudFront Functions viewer request/response only, submillisecond, 'up to millions of requests per second', no network/file system/body; Lambda@Edge Node.js/Python, up to 30 s on all four events (edge-functions-choosing.html); $0.1 per million invocations (whats-new 2021/05 cloudfront-functions); Lambda@Edge $0.60 per 1M requests + $0.00000625125 per 128MB-s (lambda/pricing); origin request/response 'executes only when CloudFront forwards a request to your origin' (lambda-cloudfront-trigger-events.html).",B3f.md,no: alternate replacement block not used
aws-lambda-pricing-and-graviton,pattern,partial,https://aws.amazon.com/ec2/graviton/ | https://aws.amazon.com/about-aws/whats-new/2021/11/aws-fargate-amazon-ecs-aws-graviton2-processors/ | https://aws.amazon.com/fargate/pricing/ | https://aws.amazon.com/lambda/pricing/,"Graviton EC2 'cost up to 20% less than comparable x86'; Graviton available in Aurora/RDS; Fargate Graviton2 'up to 40% improved price/performance' and '20% lower cost'; Fargate pricing x86 $0.040478/vCPU-h vs ARM $0.032380 (~19% less); Lambda x86 $0.0000166667 vs arm $0.0000133334 per GB-s (~20% less); free tier 1M requests + 400,000 GB-s. Backlog row 146 (uid aws-d4-pat-graviton-price-performance).",2026-09-21,check-B3f,"A: '40% better price performance' is not on aws.amazon.com/ec2/graviton (page states only 'cost up to 20% less'); re-attributed to the Fargate Graviton2 launch (https://aws.amazon.com/about-aws/whats-new/2021/11/aws-fargate-amazon-ecs-aws-graviton2-processors/ 'up to 40% improved price/performance at 20% lower cost'). Fargate arm64 '19%' -> '20%' (0.0000089944/0.000011244 = 0.80 on https://aws.amazon.com/fargate/pricing/). Replaced unverifiable '128 MB can cost more than 1,024 MB' with the documented CPU rule: 1 vCPU at 1,769 MB, CPU proportional to memory (https://docs.aws.amazon.com/lambda/latest/dg/configuration-memory.html); Lambda arm 20% confirmed ($0.0000133334 vs $0.0000166667 per GB-s, https://aws.amazon.com/lambda/pricing/).",B3f.md,yes
aws-savings-plans-vs-reserved-instances,pattern,partial,https://aws.amazon.com/ec2/pricing/reserved-instances/ | https://docs.aws.amazon.com/AWSEC2/latest/UserGuide/reserved-instances-scope.html,"Standard RI up to 72%, Convertible RI up to 66% (backlog's 54% is stale; kept the live card's 66%); All/Partial/No Upfront; 1- or 3-year; RI Marketplace resells Standard RIs; Standard RIs modifiable (AZ, Linux size, network), Convertible exchangeable; zonal RI reserves capacity in the AZ, regional RI does not but gives AZ + size flexibility. Non-EC2 reservations (RDS/ElastiCache/OpenSearch/Redshift/DynamoDB) named without numbers. Backlog row 147 (uid aws-d4-pat-reserved-instances).",2026-09-21,check-B3f,"No text change. Verified: Compute SP up to 66%, EC2 Instance SP up to 72% (https://aws.amazon.com/savingsplans/compute-pricing/); Standard RI 72% / Convertible 66%, Standard RIs sellable on RI Marketplace (https://aws.amazon.com/ec2/pricing/reserved-instances/); zonal RI reserves capacity, regional does not (reserved-instances-scope.html); 'Savings Plans does not provide a capacity reservation' and recommendation based on historical On-Demand usage (https://aws.amazon.com/savingsplans/faq/); SPs apply after EC2 RIs (https://docs.aws.amazon.com/savingsplans/latest/userguide/sp-applying.html); Spot 'not covered by Savings Plans' (https://docs.aws.amazon.com/AWSEC2/latest/UserGuide/using-spot-instances.html).",B3f.md,yes
aws-asg-scaling-policies,pattern,partial,https://docs.aws.amazon.com/autoscaling/ec2/userguide/predictive-scaling-policy-overview.html | https://docs.aws.amazon.com/solutions/latest/instance-scheduler-on-aws/solution-overview.html,"Predictive scaling needs at least 24 hours of data, analyzes up to the past 14 days, forecasts 48 hours, refreshed every 6 hours, forecast-only mode, scales out only (dynamic policy needed to scale in), max of all policies applies. Instance Scheduler on AWS starts/stops EC2 and RDS on schedules, 'up to 70% cost savings' for business-hours-only instances (168h->50h). Backlog row 148 (uid aws-d4-pat-scheduled-predictive-scaling-cost).",2026-09-21,check-B3f,"No text change. Verified: 24 h minimum, up to 14 days analysed, 48 h forecast every 6 h, forecast-only mode, scales out only, desired = max of all policies (predictive-scaling-policy-overview.html); Instance Scheduler EC2+RDS 'up to 70%' 168h->50h (solution-overview.html); simple scaling single adjustment + cooldown, target tracking recommended (as-scaling-simple-step.html).",B3f.md,no: alternate replacement block not used
aws-elasticache-lazy-loading-vs-write-through,concept,partial,https://docs.aws.amazon.com/amazondynamodb/latest/developerguide/DAX.html | https://aws.amazon.com/elasticache/pricing/,"DAX 'reduce the number of read capacity units that you need to purchase', eventually consistent reads only, not for write-intensive, best when hit rate >90%. ElastiCache Serverless billed in GB-hours + ECPUs; reserved nodes up to 55% (All Upfront), 52% partial, 48.2% no upfront. Backlog row 149 (uid aws-d4-caching-strategies-cost).",2026-09-21,check-B3f,"No text change. Verified lazy loading (only requested data, stale risk), write-through (never stale, write penalty, churn), TTL as the compromise (ElastiCache Strategies.html); DAX 'reduce the number of read capacity units', not for write-intensive or strongly consistent, best >90% hit rate (DAX.html).",B3f.md,no: alternate replacement block not used
aws-dynamodb-streams-and-ttl,concept,partial,https://docs.aws.amazon.com/amazondynamodb/latest/developerguide/TTL.html | https://aws.amazon.com/dynamodb/pricing/on-demand/ | https://aws.amazon.com/rds/faqs/ | https://docs.aws.amazon.com/AmazonCloudWatch/latest/logs/Working-with-log-groups-and-streams.html | https://docs.aws.amazon.com/AmazonS3/latest/userguide/lifecycle-expire-general-considerations.html,"TTL deletes 'within a few days' 'without consuming write throughput', seconds-granularity epoch, expired items remain in Scan/Query until deleted, service deletes appear in Streams; PITR $0.20 per GB-month; RDS 'free backup storage up to your account's total provisioned database storage across the entire region', retention up to 35 days, automated backups deleted with instance, manual snapshots retained; CloudWatch Logs 'stored indefinitely' by default; S3 Expiration / NoncurrentVersionExpiration actions, no charge for expiration. Backlog row 150 (uid aws-d4-data-retention-policies).",2026-09-21,check-B3f,"No text change. Verified TTL: epoch seconds, deleted 'within a few days' 'without consuming write throughput', 'service deletions' in Streams, filter expressions for Scan/Query (TTL.html); PITR $0.20/GB-month (dynamodb pricing); RDS free backup storage up to provisioned storage per Region, 35 days max, automated backups deleted with instance, manual snapshots retained (rds/faqs); CloudWatch Logs 'stored indefinitely' by default (Working-with-log-groups-and-streams.html).",B3f.md,yes
aws-dynamodb-capacity-and-keys,concept+pattern,partial,https://docs.aws.amazon.com/amazondynamodb/latest/developerguide/ProvisionedThroughput.html | https://aws.amazon.com/dynamodb/pricing/on-demand/ | https://aws.amazon.com/dynamodb/pricing/provisioned/ | https://docs.aws.amazon.com/amazondynamodb/latest/developerguide/reserved-capacity.html,"1 RCU = 1 strongly consistent read/s (or 2 eventually consistent) up to 4 KB; 1 WCU = 1 write/s up to 1 KB; recommended auto scaling target 70%; switch provisioned->on-demand up to 4 times per 24-hour rolling window, on-demand->provisioned any time (backlog's 'once per 24 h' is stale); on-demand $0.625 per million writes, $0.125 per million reads; provisioned $0.00065 per WCU-hour, $0.00013 per RCU-hour (=> ~$0.18 per million fully used writes, break-even ~29% utilization; backlog's '5-7x / 14%' is stale); reserved capacity 1-year up to 54%, 3-year up to 77%, Standard class + provisioned only; Standard-IA storage $0.10 vs $0.25 per GB-month. Merges backlog rows 151 (aws-d4-database-capacity-planning-units) + 156 (aws-d4-pat-dynamodb-capacity-modes-reserved) + backlog s3 'add usage' note.",2026-09-21,check-B3f,"USAGE: added the Standard-IA table class ($0.10 vs $0.25 per GB-month, https://aws.amazon.com/dynamodb/pricing/on-demand/) that backlog row 156 must_teach names and the card omitted. Verified: 1 RCU = 1 strongly consistent 4 KB read/s, 1 WCU = 1 KB write/s, 70% recommended target, 4 switches per 24 h (ProvisionedThroughput.html, bp-switching-capacity-modes.html); transactional reads/writes need 2 units (read-write-operations.html); $0.00065/WCU-h, $0.625/M on-demand writes, reserved 54%/77% (pricing/provisioned/, reserved-capacity.html).",B3f.md,no: alternate replacement block not used
aws-rds-proxy,concept,partial,https://aws.amazon.com/rds/proxy/pricing/ | https://docs.aws.amazon.com/AmazonRDS/latest/AuroraUserGuide/data-api.html,"RDS Proxy 'priced per vCPU per hour' for provisioned instances, per ACU-hour for Aurora Serverless, 10-minute minimum after billable status change (exact $/vCPU-hour and the backlog's 'min 2 vCPUs' NOT visible on the fetched pricing page, so not stated in the card). Data API: HTTP endpoint, 'doesn't require a persistent connection', Secrets Manager credentials. Backlog row 152 (uid aws-d4-database-connections-proxies).",2026-09-21,check-B3f,"No text change. Verified: pools and reuses connections, 'queues or throttles application connections', same VPC, not publicly accessible (rds-proxy.html); 'priced per vCPU per hour', 10-minute minimum (rds/proxy/pricing); 'not depending on DNS caches', failover 'up to 66%' faster (rds/proxy/faqs); Data API 'doesn't require a persistent connection', Secrets Manager (data-api.html).",B3f.md,no: alternate replacement block not used
aws-dms-and-sct,concept,partial,https://docs.aws.amazon.com/SchemaConversionTool/latest/userguide/CHAP_Welcome.html | https://docs.aws.amazon.com/AmazonRDS/latest/UserGuide/Oracle.Concepts.Licensing.html,"SCT converts schema/code Oracle, SQL Server, Db2, SAP ASE -> Aurora MySQL/PostgreSQL, MySQL, PostgreSQL, MariaDB; MySQL->Aurora MySQL can skip SCT. RDS for Oracle: License Included (AWS holds the licence, SE2 only) vs BYOL (EE and SE2, own licence required). 'Several times' price ratio from the backlog NOT verifiable on the fetched pages so the card says 'bundle the commercial licence' without a multiplier. Backlog row 153 (uid aws-d4-database-engines-migration-types).",2026-09-21,check-B3f,"USAGE: 'CDC latency has no SLA' was unverifiable; replaced with the documented CDCLatencySource / CDCLatencyTarget metrics and the uncommitted-transaction behaviour (https://docs.aws.amazon.com/dms/latest/userguide/CHAP_Monitoring.html). 'free' SCT confirmed via DMS Schema Conversion 'free-to-use' (https://aws.amazon.com/dms/pricing/); LI = AWS holds licence, SE2 only; BYOL = EE and SE2 (Oracle.Concepts.Licensing.html).",B3f.md,no: alternate replacement block not used
aws-rds-multi-az-vs-read-replica,concept+pattern,partial,https://docs.aws.amazon.com/AmazonRDS/latest/UserGuide/USER_ReadRepl.html | https://docs.aws.amazon.com/AmazonRDS/latest/UserGuide/USER_MySQL.Replication.ReadReplicas.html | https://docs.aws.amazon.com/AmazonRDS/latest/UserGuide/USER_ReadRepl.XRgn.html | https://docs.aws.amazon.com/AmazonRDS/latest/AuroraUserGuide/Aurora.Integrating.AutoScaling.html | https://docs.aws.amazon.com/AmazonRDS/latest/UserGuide/multi-az-db-clusters-concepts.html,"Replicas billed as standard DB instances; same-Region replication transfer free; cross-Region replication incurs data-transfer-out charges; up to 15 read replicas per MySQL source; RDS does not autoscale replicas; AWS recommends replica 'same or larger' class (so the backlog's 'smaller class' claim was NOT written); Aurora Auto Scaling 0-15 replicas on average CPU / connections, readers only; Multi-AZ DB cluster = writer + 2 readable readers in 3 AZs; Multi-AZ instance standby 'can't serve read traffic'. Merges rows 154 (aws-d4-database-replication-read-replicas-cost) + 158 (aws-d4-pat-read-replica-vs-scale-up) + backlog s3 usage rewrite.",2026-09-21,check-B3f,"No text change. Verified: asynchronous replication, replicas billed as standard instances, same-Region transfer free, RDS does not autoscale replicas, Multi-AZ standby 'can't serve read traffic' (USER_ReadRepl.html); Multi-AZ DB cluster = writer + two readable readers in three AZs (multi-az-db-clusters-concepts.html); Aurora 0-15 replica auto scaling on CPU/connections (ledger source).",B3f.md,no: alternate replacement block not used
aws-aurora-vs-dynamodb-choice,concept+pattern,partial,https://aws.amazon.com/rds/aurora/pricing/ | https://aws.amazon.com/dynamodb/pricing/on-demand/,"Aurora Standard storage 'billed in per GB-month increments' ($0.10/GB-month), I/O per million requests; Aurora I/O-Optimized: zero I/O charges, cost-effective 'if your I/O spend exceeds 25% of your total Aurora database spend'; DynamoDB Standard storage $0.25 per GB-month, per-request pricing. Merges rows 155 (aws-d4-database-types-relational-vs-nosql-cost) + 159 (aws-d4-pat-relational-vs-nonrelational-cost).",2026-09-21,check-B3f,"No text change. Verified: I/O-Optimized 'if your I/O spend exceeds 25%', 0.5 ACU increments, storage per GB-month (rds/aurora/pricing); auto-pause = min capacity 0 ACUs, no instance charge while paused (aurora-serverless-v2-auto-pause.html); DynamoDB $0.25/GB-month, per-request (dynamodb pricing).",B3f.md,no: alternate replacement block not used
aws-rds-backups-snapshots-pitr,pattern,partial,https://aws.amazon.com/rds/faqs/ | https://docs.aws.amazon.com/AmazonRDS/latest/UserGuide/USER_WorkingWithAutomatedBackups.html | https://docs.aws.amazon.com/AmazonRDS/latest/UserGuide/USER_ExportSnapshot.html | https://aws.amazon.com/rds/mysql/pricing/,"Free backup storage up to total provisioned DB storage per Region; retention up to 35 days; snapshots after the first are incremental; automated backups deleted with instance unless retained, manual snapshots independent; moving a snapshot to another Region adds backup storage there; snapshot export to S3 in Apache Parquet, queryable via Athena/Redshift Spectrum, export priced $0.013 per GB of snapshot (MySQL page). Backlog row 157 (uid aws-d4-pat-rds-backup-storage-billing).",2026-09-21,check-B3f,"No text change. Verified: 'RDS uploads transaction logs for DB instances to Amazon S3 every five minutes' (USER_PIT.html); snapshots after the first are incremental, automated backups deleted with instance unless retained, manual snapshots independent, cross-Region copy adds backup storage there (USER_WorkingWithAutomatedBackups.html); free backup storage up to provisioned storage, 35 days (rds/faqs).",B3f.md,yes
aws-site-to-site-vpn-vs-direct-connect,concept+pattern,partial,https://aws.amazon.com/vpn/pricing/ | https://aws.amazon.com/directconnect/pricing/,"Site-to-Site VPN $0.05 per connection-hour (1.25 Gbps), data transfer out first 100 GB free then $0.09/GB; Direct Connect dedicated ports 1 Gbps $0.30/h, 10 Gbps $2.25/h, 100 Gbps $22.50/h, 400 Gbps $85.00/h; hosted 50 Mbps-25 Gbps; DTO example $0.02/GB (US East Ohio to Columbus); data transfer in $0.00. Merges rows 160 (aws-d4-network-connectivity-cost) + 163 (aws-d4-pat-dx-vs-vpn-vs-internet-pricing).",2026-09-21,check-B3f,"A: https://aws.amazon.com/vpn/pricing/ now lists a 5 Gbps Site-to-Site VPN connection at $0.60/hour beside the 1.25 Gbps $0.05/hour connection; 'capped at 1.25 Gbps per tunnel' rewritten as '1.25 Gbps per tunnel on the standard size' plus the 5 Gbps price. DX 1/10/100/400 Gbps dedicated ($0.30/h for 1 Gbps, $85/h for 400), hosted 50 Mbps-25 Gbps, DTI $0.00, DTO $0.02/GB US-US confirmed (https://aws.amazon.com/directconnect/pricing/).",B3f.md,no: alternate replacement block not used
aws-vpc-peering-vs-transit-gateway,concept+pattern,partial,https://aws.amazon.com/transit-gateway/pricing/ | https://aws.amazon.com/vpc/pricing/,"Transit Gateway $0.05 per VPC attachment-hour, $0.02 per GB processed (US East Ohio), peering-attachment traffic not charged data processing; VPC peering: same-AZ data transfer free, cross-AZ $0.01/GB in each direction; no hourly peering fee. Merges rows 161 (aws-d4-network-routing-topology-peering-cost) + 166 (aws-d4-pat-vpc-peering-vs-tgw-pricing).",2026-09-21,check-B3f,"No text change. Verified: TGW $0.05 per VPC attachment-hour, $0.02/GB, peering attachments not charged data processing (transit-gateway/pricing); peering no hourly fee, same-AZ free, cross-AZ $0.01/GB each direction (vpc/pricing).",B3f.md,no: alternate replacement block not used
aws-route53-alias-vs-cname,concept,partial,https://aws.amazon.com/route53/pricing/ | https://aws.amazon.com/global-accelerator/pricing/,"Hosted zone $0.50/month (first 25); standard queries $0.40 per million (first 1B); alias queries to ELB, CloudFront, API Gateway, S3 website endpoints, VPC endpoints etc. free; health checks $0.50/month AWS endpoint, $0.75 non-AWS; Resolver endpoint $0.125 per ENI-hour; Global Accelerator $0.025 per accelerator-hour fixed fee (checked; not used in the final card for length). Backlog row 162 (uid aws-d4-network-services-dns-cost). d1 kept.",2026-09-21,check-B3f,A: https://aws.amazon.com/route53/pricing/ gives 50 free health checks for AWS endpoints in the same account before $0.50/month each; 'Health checks add $0.50 a month each' corrected to 'beyond 50 free ones on AWS endpoints'; trimmed three phrases to stay at 120 words. Alias TTL rule ('you can't set the TTL; Route 53 uses the default TTL for the resource') and apex CNAME prohibition confirmed (https://docs.aws.amazon.com/Route53/latest/DeveloperGuide/resource-record-sets-choosing-alias-non-alias.html).,B3f.md,yes
aws-api-gateway-caching-and-throttling,pattern,partial,https://docs.aws.amazon.com/apigateway/latest/developerguide/api-gateway-request-throttling.html | https://docs.aws.amazon.com/waf/latest/developerguide/waf-rule-statement-type-rate-based.html | https://docs.aws.amazon.com/lambda/latest/dg/configuration-concurrency.html,"Throttle order: usage-plan per-client/per-method, per-method stage, account per Region, AWS Regional; 429 Too Many Requests; limits are best-effort targets. WAF rate-based rule counts and rate-limits requests over an evaluation window with a request limit. Lambda reserved concurrency sets max (and min) concurrent instances, throttles beyond it, 'incurs no additional charges'; provisioned concurrency is charged. Backlog row 164 (uid aws-d4-pat-throttling-strategy).",2026-09-21,check-B3f,"No text change. Verified: stage cache, GET only by default, charged hourly (api-gateway-caching.html); usage plan = API key + rate/burst/quota, 'not hard limits ... best-effort', 'Don't use API keys for authentication or authorization' (api-gateway-api-usage-plans.html); reserved concurrency 'incurs no additional charges', provisioned concurrency charged (configuration-concurrency.html).",B3f.md,no: alternate replacement block not used
aws-nat-gateway-cost-vs-vpc-endpoint,pattern,partial,https://aws.amazon.com/vpc/pricing/ | https://aws.amazon.com/privatelink/pricing/ | https://docs.aws.amazon.com/whitepapers/latest/building-scalable-secure-multi-vpc-network-infrastructure/centralized-access-to-vpc-private-endpoints.html,"NAT Gateway $0.045/hour + $0.045/GB processed; gateway endpoints no hourly or data processing charge; interface endpoint data processing $0.01/GB first 1 PB, $0.01 per AZ-hour (hourly figure confirmed via AWS search result quoting the pricing page example '720 hours * $0.01/AZ/hr'); whitepaper: per-VPC interface endpoints 'cost prohibitive', centralize in one VPC via Transit Gateway + manually created Route 53 private hosted zone. Backlog row 165 (uid aws-d4-pat-vpc-endpoints-cost).",2026-09-21,check-B3f,"No text change. Verified: NAT $0.045/h + $0.045/GB (vpc/pricing); gateway endpoint 'no additional charge', not usable over VPN, peering, transit gateway or Direct Connect, Region-only (vpc-endpoints-s3.html); interface endpoint $0.01 per AZ-hour + $0.01/GB first 1 PB (privatelink/pricing).",B3f.md,yes
aws-cost-explorer-budgets-cur,service,partial,https://docs.aws.amazon.com/cost-management/latest/userguide/ce-what-is.html | https://docs.aws.amazon.com/cost-management/latest/userguide/ce-modify.html | https://aws.amazon.com/aws-cost-management/aws-cost-explorer/pricing/ | https://docs.aws.amazon.com/cost-management/latest/userguide/budgets-managing-costs.html | https://docs.aws.amazon.com/cost-management/latest/userguide/budgets-controls.html | https://aws.amazon.com/aws-cost-management/aws-budgets/pricing/ | https://docs.aws.amazon.com/cur/latest/userguide/what-is-cur.html | https://docs.aws.amazon.com/cur/latest/userguide/what-is-data-exports.html,"Cost Explorer: 'up to the last 13 months', 'forecast ... for the next 18 months' (docs confirm 18, NOT 12 as backlog s3 suspected; +18M forecast option on monthly granularity), RI purchase recommendations, UI free, $0.01 per paginated API request, hourly granularity opt-in for previous 14 days at $0.01 per 1,000 usage records/month. Budgets: cost/usage/RI utilization/RI coverage/SP utilization/SP coverage types, email + SNS, 'updated up to three times a day', actions = IAM policy, SCP, target EC2/RDS instances, automatic or after approval; first two action-enabled budgets free then $0.10/day each, monitoring without actions free. CUR: hourly/daily/monthly line items to your S3 bucket, updated up to 3x/day, Athena/Redshift/QuickSight integration, savingsPlan columns; CUR 2.0 in Data Exports is the recommended replacement. Merges rows 167 (aws-svc-budgets) + 168 (aws-svc-cost-and-usage-report) + 169 (aws-svc-cost-explorer).",2026-09-21,check-B3f,"No text change. Verified: 'up to the last 13 months', 'forecast ... for the next 18 months', $0.01 per paginated API request, hourly granularity opt-in for previous 14 days (ce-what-is.html, ce-modify.html +18M); Budgets 'updated up to three times a day', email + SNS, first two action-enabled budgets free then $0.10/day (budgets-managing-costs.html, budgets/pricing).",B3f.md,yes
aws-datasync-vs-transfer-family,service,partial,https://aws.amazon.com/aws-transfer-family/pricing/ | https://docs.aws.amazon.com/transfer/latest/userguide/what-is-aws-transfer-family.html | https://docs.aws.amazon.com/transfer/latest/userguide/custom-idp-intro.html,"Transfer Family $0.30 hourly per enabled protocol (SFTP/FTPS/FTP), $0.04/GB uploaded or downloaded, AS2 $0.01/message first 100k; single-SFTP light-usage example $217.20/month; protocols SFTP, FTPS, FTP, AS2, browser web app; storage S3 or EFS; identity providers SERVICE_MANAGED, AWS_DIRECTORY_SERVICE, AWS_LAMBDA, API_GATEWAY (Okta etc.). Backlog row 170 (uid aws-svc-transfer-family). Difficulty kept d2 (card remains a two-service contrast; row's d1 was for a standalone service card).",2026-09-21,check-B3f,"No text change. Verified: $0.30 hourly per enabled protocol, $0.04/GB, example $217.20/month for one SFTP endpoint (aws-transfer-family/pricing); DataSync bandwidth limit 'for a running or queued task execution' via UpdateTaskExecution, effective within 60 s (datasync configure-bandwidth.html).",B3f.md,no: alternate replacement block not used
aws-control-tower-new-landing-zone-mcq-11,mcq,new,https://docs.aws.amazon.com/controltower/latest/userguide/what-is-control-tower.html | https://docs.aws.amazon.com/controltower/latest/userguide/how-control-tower-works.html,"Landing zone = multi-account environment; three control kinds (preventive, detective, proactive) and three guidance categories (mandatory, strongly recommended, elective); Account Factory is a configurable account template built on Service Catalog provisioned products; Control Tower orchestrates Organizations, Service Catalog and IAM Identity Center; landing zone <= 3.3 creates Log Archive and Audit shared accounts in the Security OU; preventive controls not applied to the management account",2026-09-21,check-B4.1,A: 'creates the log archive and audit shared accounts' -> 'sets up (or enrolls) the shared log archive and audit accounts for CloudTrail and Config' (landing zone 4.0 no longer requires the Security OU; accounts for service integrations are created or enrolled),B4.1.md,yes
aws-identity-account-hub-roles-mcq-09,mcq,new,https://docs.aws.amazon.com/IAM/latest/UserGuide/id_roles_terms-and-concepts.html | https://docs.aws.amazon.com/organizations/latest/userguide/orgs_manage_policies_scps.html,Delegation = trust policy on the role in the trusting account + permissions policy in the trusted account allowing AssumeRole (two halves); assuming a role replaces the caller's own permissions for the session; trust policy cannot use a wildcard in a principal ARN; SCPs never grant permissions,2026-09-21,check-B4.1,"OPT d text + WHY: an AWS account's IAM users are not an Identity Center identity source (sources: Identity Center directory, Active Directory, external IdP); distractor now creates users in the Identity Center store with no permission sets, WHY explains both the missing assignments and that it replaces rather than fixes the hub-role model",B4.1.md,yes
aws-identity-center-with-ad-connector-mcq-16,mcq,new,https://docs.aws.amazon.com/directoryservice/latest/admin-guide/directory_ad_connector.html | https://docs.aws.amazon.com/singlesignon/latest/userguide/manage-your-identity-source-ad.html | https://docs.aws.amazon.com/directoryservice/latest/admin-guide/directory_simple_ad.html,"AD Connector is a directory gateway that redirects requests to on-premises AD without caching any information in the cloud; two sizes (small, large); supports RADIUS MFA; does not support transitive trusts; Identity Center accepts AD Connector or AWS Managed Microsoft AD residing in the management (or delegated admin) account; Identity Center does not support SAMBA 4-based Simple AD; no password information is synchronized to Identity Center; Managed Microsoft AD requires trust relationships for self-managed AD; Simple AD does not support trust relationships with other domains, MFA or IAM Identity Center, and is no longer open to new customers",2026-09-21,check-B4.1,WHY c: added 'is no longer open to new customers' (Simple AD availability notice),B4.1.md,yes
aws-managed-vs-inline-policy-choice-mcq-06,mcq,new,https://docs.aws.amazon.com/IAM/latest/UserGuide/access_policies_managed-vs-inline.html | https://docs.aws.amazon.com/IAM/latest/UserGuide/access_policies-choosing-managed-or-inline.html,You cannot change the permissions defined in AWS managed policies; customer managed policies can be attached to many principals and updated centrally; IAM stores up to five versions of a customer managed policy for rollback; inline policies keep a strict one-to-one relationship and are deleted with the identity; inline policy change must be edited in each identity individually,2026-09-21,check-B4.1,,B4.1.md,yes
aws-protect-cloudtrail-org-wide-mcq-12,mcq,new,https://docs.aws.amazon.com/organizations/latest/userguide/orgs_manage_policies_scps.html | https://docs.aws.amazon.com/awscloudtrail/latest/userguide/creating-trail-organization.html | https://docs.aws.amazon.com/organizations/latest/APIReference/API_LeaveOrganization.html,"SCPs affect all users and roles in member accounts including the root user; SCPs do not affect the management account; SCPs never grant; organization trail created by management account or CloudTrail delegated administrator, copied into member accounts, logs to a single S3 bucket; member account users cannot delete organization trails, turn logging on/off or change them; LeaveOrganization is called from the member account and SCPs can prevent it",2026-09-21,check-B4.1,,B4.1.md,yes
aws-role-chaining-one-hour-limit-mcq-08,mcq,new,https://docs.aws.amazon.com/IAM/latest/UserGuide/id_roles_terms-and-concepts.html | https://docs.aws.amazon.com/STS/latest/APIReference/API_AssumeRole.html | https://docs.aws.amazon.com/IAM/latest/UserGuide/id_credentials_temp_request.html | https://docs.aws.amazon.com/IAM/latest/UserGuide/id_credentials_sts-comparison.html,Role chaining = using a role to assume a second role; limits session to a maximum of one hour regardless of MaxSessionDuration; DurationSeconds up to 43200 s (12 hours) depending on the role's maximum session duration; DurationSeconds > 1 hour in a chained AssumeRole fails; maximum session duration setting ranges 1 to 12 hours; AssumeRole credentials cannot call GetSessionToken; GetSessionToken is for an existing IAM user; STS comparison table: AssumeRole credentials 'Cannot call GetFederationToken or GetSessionToken'; GetSessionToken callable by IAM user or root only,2026-09-21,check-B4.1,,B4.1.md,yes
aws-service-principal-resource-policy-mcq-15,mcq,new,https://docs.aws.amazon.com/AmazonS3/latest/userguide/grant-destinations-permissions-to-s3.html | https://docs.aws.amazon.com/organizations/latest/userguide/orgs_manage_policies_scps.html | https://docs.aws.amazon.com/AmazonS3/latest/API/API_PutBucketNotificationConfiguration.html,"S3 publishes to SNS/SQS via a policy attached to the destination topic/queue allowing Principal Service s3.amazonaws.com with SNS:Publish / SQS:SendMessage; example uses aws:SourceArn (bucket ARN) and aws:SourceAccount (bucket owner) conditions; Lambda destination permission is set on the Lambda function; KMS-encrypted destination needs key policy allowing s3.amazonaws.com kms:GenerateDataKey and kms:Decrypt; SCPs never grant; PutBucketNotificationConfiguration sends a test message to the SNS/SQS destination and 'If the message fails, the entire PUT action will fail, and Amazon S3 will not add the configuration to your bucket'",2026-09-21,check-B4.1,"Q stem: 'configuration is already written, but a test upload produces no message' was impossible (S3 validates the destination and rejects the PUT); now 'S3 sends a test message, the test fails, and S3 rejects the configuration'. A: added the configuration-time validation sentence",B4.1.md,yes
aws-web-identity-federation-mobile-mcq-17,mcq,new,https://docs.aws.amazon.com/cognito/latest/developerguide/iam-roles.html | https://docs.aws.amazon.com/IAM/latest/UserGuide/id_roles_terms-and-concepts.html,Identity pools generate temporary AWS credentials tied to an authenticated or unauthenticated IAM role; trust policy principal Federated cognito-identity.amazonaws.com with sts:AssumeRoleWithWebIdentity and a required cognito-identity.amazonaws.com:aud condition (amr authenticated recommended); access policy example scopes s3:GetObject/PutObject to bucket/${cognito-identity.amazonaws.com:sub}/*; Identity Center users are the people in your workforce,2026-09-21,check-B4.1,"WHY c: removed the claim that per-user scoping 'still needs the identity pool's sub variable' (direct OIDC federation has its own provider sub variables); now says Google issues an OIDC token not a SAML assertion, so AssumeRoleWithSAML has nothing to consume, and the app would broker tokens and refresh credentials itself",B4.1.md,yes
aws-alb-only-public-tier-mcq-25,mcq,new,https://docs.aws.amazon.com/vpc/latest/userguide/vpc-example-private-subnets-nat.html,"Reference architecture: servers in private subnets receive requests through the load balancer, NAT gateway in each public subnet (one per AZ) for outbound internet, public subnet route 0.0.0.0/0 -> igw, private subnet route 0.0.0.0/0 -> nat-gateway; server security group allows listener and health-check traffic from the load balancer security group",2026-09-21,check-B4.1,"WHY c: the option moves instances to private subnets without public IPs, so the old WHY ('instances there with public addresses become reachable') did not match; now explains an IGW route makes the subnet public and an IGW only carries traffic for instances with a public IP, so either they become reachable again or still cannot patch",B4.1.md,yes
aws-encrypt-direct-connect-traffic-mcq-31,mcq,new,https://docs.aws.amazon.com/directconnect/latest/UserGuide/encryption-in-transit.html | https://docs.aws.amazon.com/directconnect/latest/UserGuide/MACsec.html | https://docs.aws.amazon.com/vpn/latest/s2svpn/private-ip-dx.html | https://docs.aws.amazon.com/directconnect/latest/UserGuide/WorkingWithVirtualInterfaces.html | https://docs.aws.amazon.com/vpn/latest/clientvpn-admin/what-is.html,"Direct Connect does not encrypt traffic in transit by default; Site-to-Site VPN over Direct Connect gives an IPsec-encrypted connection; MACsec is layer 2 point-to-point between customer router and Direct Connect location; MACsec supported on 10, 100 and 400 Gbps dedicated connections at selected PoPs and not supported on hosted connections; previously customers used a public VIF for VPN over Direct Connect (public IPs for VPN endpoints), private IP VPN uses a transit VIF; private VIF = VPC access via private IPs; Client VPN is a managed client-based VPN using an OpenVPN client",2026-09-21,check-B4.1,,B4.1.md,yes
aws-firewall-manager-enforce-waf-org-mcq-30,mcq,new,https://docs.aws.amazon.com/waf/latest/developerguide/fms-chapter.html | https://docs.aws.amazon.com/waf/latest/developerguide/fms-prereq.html,"Firewall Manager manages AWS WAF, Shield Advanced, VPC security groups and NACLs, Network Firewall and Route 53 Resolver DNS Firewall across accounts; set protections once and the service automatically applies them across accounts and resources as new ones are added; prerequisites: AWS Organizations, a Firewall Manager administrator account, AWS Config enabled",2026-09-21,check-B4.1,,B4.1.md,yes
aws-isolation-account-vs-vpc-vs-subnet-mcq-24,mcq,new,https://docs.aws.amazon.com/whitepapers/latest/organizing-your-aws-environment/benefits-of-using-multiple-aws-accounts.html | https://docs.aws.amazon.com/organizations/latest/userguide/orgs_manage_policies_scps.html,"Accounts establish security, access and billing boundaries that limit scope of impact; an account is the default means by which AWS costs are allocated; service quotas and API rate limits are per account; distinct security controls by environment via separate accounts; SCPs apply to member accounts and can be attached at OU level",2026-09-21,check-B4.1,"WHY d: removed 'account-level quotas apply in both Regions' (most service quotas are per Region); now IAM principals, SCP scope and one bill are shared across Regions",B4.1.md,yes
aws-nacl-ephemeral-ports-timeout-mcq-21,mcq,new,https://docs.aws.amazon.com/vpc/latest/userguide/custom-network-acl.html#nacl-ephemeral-ports | https://docs.aws.amazon.com/vpc/latest/userguide/vpc-network-acls.html,"Network ACLs are stateless (responses to allowed inbound traffic are not automatically allowed); custom NACL page: 'For every rule that you add, there must be an inbound or outbound rule that allows response traffic'; client chooses the ephemeral range: many Linux kernels (incl. Amazon Linux) 32768-61000, Elastic Load Balancing 1024-65535, Windows Server through 2003 1025-5000, Windows Server 2008 and later 49152-65535, NAT gateway 1024-65535, Lambda 1024-65535; 'to cover the different types of clients ... you can open ephemeral ports 1024-65535'; example rules use inbound 443 plus outbound ephemeral",2026-09-21,check-B4.1,"source_url replaced: nacl-ephemeral-ports.html does not exist (redirects to the VPC guide landing page); the section lives at custom-network-acl.html#nacl-ephemeral-ports. A: 'AWS recommends 1024-65535 because it covers Windows, Linux and macOS clients' -> actual doc ranges (Linux 32768-61000, Windows Server 2008+ 49152-65535, ELB/NAT gateway/Lambda 1024-65535); the earlier fact_checked OS ranges (incl. macOS) were not on the page",B4.1.md,yes
aws-s3-lock-to-vpc-endpoint-mcq-14,mcq,new,https://docs.aws.amazon.com/vpc/latest/privatelink/vpc-endpoints-s3.html | https://docs.aws.amazon.com/vpc/latest/privatelink/gateway-endpoints.html,"Gateway endpoints do not use AWS PrivateLink; access via route table prefix-list route and endpoint policy; security groups apply to the instances (must allow S3 prefix list), not to the endpoint; no NAT or internet gateway required; aws:SourceIp cannot be used in identity or bucket policies for requests traversing a VPC endpoint (use aws:VpcSourceIp); bucket policy example Deny with StringNotEquals aws:sourceVpce; endpoint policy example restricting Resource to a specific bucket; default quota 20 gateway endpoints per Region",2026-09-21,check-B4.1,,B4.1.md,yes
aws-shield-advanced-justification-mcq-27,mcq,new,https://docs.aws.amazon.com/waf/latest/developerguide/ddos-overview.html | https://docs.aws.amazon.com/waf/latest/developerguide/ddos-advanced-summary.html | https://docs.aws.amazon.com/waf/latest/developerguide/ddos-advanced-summary-capabilities.html | https://aws.amazon.com/shield/pricing/,"Shield Standard automatic and at no extra charge; Shield Advanced: SRT contactable at any time during an attack (requires Business or Enterprise Support), cost protection as service credits, enhanced real-time metrics and reports, automatic application layer (L7) DDoS mitigation, Firewall Manager rollout; subscription covers standard AWS WAF costs for protected resources (up to 1,500 WCUs); pricing: 1-year commitment, 3,000 USD per month plus data transfer out fees",2026-09-21,check-B4.1,,B4.1.md,yes
aws-vpn-customer-gateway-redundancy-mcq-32,mcq,new,https://docs.aws.amazon.com/vpn/latest/s2svpn/vpn-redundant-connection.html | https://docs.aws.amazon.com/vpn/latest/s2svpn/how_it_works.html | https://docs.aws.amazon.com/vpn/latest/s2svpn/vpn-limits.html | https://docs.aws.amazon.com/vpn/latest/s2svpn/accelerated-vpn.html,"Each Site-to-Site VPN connection offers two tunnels; redundancy against customer gateway device failure = second customer gateway + second VPN connection to the same virtual private gateway, both advertising the same prefixes via BGP; you can attach one virtual private gateway to a VPC at a time; quotas: 5 VGWs per Region, 50 customer gateways per Region, 10 VPN connections per VGW; Accelerated VPN counted separately (10 per Region); 'Acceleration is only supported for Site-to-Site VPN connections that are attached to a transit gateway. Virtual private gateways do not support accelerated VPN connections.'",2026-09-21,check-B4.1,"WHY d: added that acceleration is only supported on transit gateway attachments, not the virtual private gateway in the stem",B4.1.md,yes
aws-waf-cannot-attach-nlb-mcq-29,mcq,new,https://docs.aws.amazon.com/waf/latest/developerguide/web-acl-associating-aws-resource.html | https://docs.aws.amazon.com/waf/latest/developerguide/how-aws-waf-works.html | https://docs.aws.amazon.com/waf/latest/developerguide/ddos-advanced-summary-capabilities.html,"Web ACL associable resources: API Gateway REST API, Application Load Balancer, AppSync GraphQL API, Cognito user pool, App Runner service, Bedrock AgentCore Gateway, Verified Access instance, Amplify (regional) and CloudFront distribution (global); Network Load Balancer is not listed; each resource can have only one web ACL; WAF inspects HTTP(S) web requests; Shield Advanced adds L7 DDoS mitigation and SRT, not injection inspection",2026-09-21,check-B4.1,,B4.1.md,yes
aws-continuous-compliance-org-mcq-35,mcq,new,https://docs.aws.amazon.com/securityhub/latest/userguide/securityhub-standards-cis.html | https://docs.aws.amazon.com/securityhub/latest/userguide/securityhub-prereq-config.html,"Security Hub CSPM supports CIS AWS Foundations Benchmark v5.0.0, 3.0.0, 1.4.0 and 1.2.0; recommends central configuration to enable across accounts in an organization; controls run as service-linked AWS Config rules; Config must be enabled in each Region for the administrator and all member accounts; IAM.3 keys rotated every 90 days, IAM.5 MFA for console users",2026-09-21,check-B4.1,A: 'every control runs as a service-linked AWS Config rule' -> 'most controls run as service-linked AWS Config rules' (Security Hub prereq page: Config rules generate findings 'for most controls'),B4.1.md,yes
aws-share-encrypted-ami-cross-account-mcq-38,mcq,new,https://docs.aws.amazon.com/AWSEC2/latest/UserGuide/sharingamis-explicit.html | https://docs.aws.amazon.com/ebs/latest/userguide/ebs-modifying-snapshot-permissions.html | https://docs.aws.amazon.com/ebs/latest/userguide/share-kms-key.html,"You cannot share AMIs backed by snapshots encrypted with the default AWS managed key; snapshots must be encrypted with a customer managed key; you must allow the other accounts to use the KMS keys; you do not need to share the snapshots themselves to share the AMI; only unencrypted snapshots can be shared publicly; key permissions required: kms:DescribeKey, kms:CreateGrant, kms:GenerateDataKey, kms:GenerateDataKeyWithoutPlaintext, kms:ReEncrypt, kms:Decrypt; scope CreateGrant with kms:GrantIsForAWSResource",2026-09-21,check-B4.1,,B4.1.md,yes
aws-stale-credentials-audit-mcq-03,mcq,new,https://docs.aws.amazon.com/config/latest/developerguide/access-keys-rotated.html | https://docs.aws.amazon.com/config/latest/developerguide/iam-user-mfa-enabled.html | https://docs.aws.amazon.com/config/latest/developerguide/aggregate-data.html | https://docs.aws.amazon.com/config/latest/developerguide/config-rule-multi-account-deployment.html | https://docs.aws.amazon.com/IAM/latest/UserGuide/id_credentials_getting-report.html,"access-keys-rotated: maxAccessKeyAge default 90 days, periodic, AWS::IAM::User, excludes root keys; iam-user-mfa-enabled: periodic, AWS::IAM::User; aggregator collects config and compliance data from an Organizations source, read-only view, cannot deploy rules; organization Config rules deploy to all accounts and to new accounts that join, not modifiable by member accounts; credential report is per account, at most once every four hours, CSV download",2026-09-21,check-B4.1,,B4.1.md,yes
aws-acm-certificate-not-renewing-mcq-51,mcq,new,https://docs.aws.amazon.com/acm/latest/userguide/managed-renewal.html,Managed renewal eligible only for ACM-issued certs; NOT ELIGIBLE if imported; eligible when associated with an AWS service or exported,2026-09-21,check-B4.2,,B4.2.md,yes
aws-acm-certificate-not-renewing-mcq-51,mcq,new,https://docs.aws.amazon.com/acm/latest/userguide/dns-renewal-validation.html,DNS-validated certs: ACM checks renewal criteria 45 days before expiry (older 395-day certs: 60 days); criteria = in use by an AWS service AND all CNAME records present in public DNS; failure events at 30/15/7/3/1 days,2026-09-21,check-B4.2,,B4.2.md,yes
aws-acm-certificate-not-renewing-mcq-51,mcq,new,https://docs.aws.amazon.com/acm/latest/userguide/import-certificate.html,ACM does not provide managed renewal for imported certificates; owner must obtain a new cert and reimport (preserves ARN and association); owner responsible for monitoring expiry,2026-09-21,check-B4.2,,B4.2.md,yes
aws-backup-vault-lock-ransomware-mcq-45,mcq,new,https://docs.aws.amazon.com/aws-backup/latest/devguide/vault-lock.html,Compliance mode: after grace time (min 3 days / 72 hours; ChangeableForDays 3-36500) lock cannot be altered or deleted by any user or by AWS; denies delete even to root; governance mode lock removable by users with IAM permissions; WORM; no additional charge,2026-09-21,check-B4.2,,B4.2.md,yes
aws-backup-vault-lock-ransomware-mcq-45,mcq,new,https://docs.aws.amazon.com/ebs/latest/userguide/snapshot-lifecycle.html,Data Lifecycle Manager automates creation/retention/deletion of EBS snapshots and EBS-backed AMIs only; cannot manage snapshots/AMIs created by other means,2026-09-21,check-B4.2,,B4.2.md,yes
aws-end-to-end-tls-alb-targets-mcq-40,mcq,new,https://docs.aws.amazon.com/elasticloadbalancing/latest/application/load-balancer-target-groups.html,HTTPS target group: load balancer establishes TLS to targets using certs installed on targets and does not validate them; self-signed or expired certs accepted,2026-09-21,check-B4.2,"WHY(export cert) rewritten: scenario gives no cert issue date, so dropped the unconditional ""created before June 17 2025 cannot be exported"" claim; now says only certificates requested as exportable (paid, issued on/after 2025-06-17) can leave ACM and that copying the private key to every instance adds cost and exposure, not security",B4.2.md,yes
aws-end-to-end-tls-alb-targets-mcq-40,mcq,new,https://docs.aws.amazon.com/elasticloadbalancing/latest/application/create-https-listener.html,ALB terminates front-end TLS and decrypts before sending to targets; NLB/CLB with TCP listener on 443 passes encrypted traffic through without decrypting,2026-09-21,check-B4.2,,B4.2.md,yes
aws-end-to-end-tls-alb-targets-mcq-40,mcq,new,https://docs.aws.amazon.com/acm/latest/userguide/export-public-certificate.html,ACM public certificates created prior to June 17 2025 cannot be exported; exportable public certs carry an additional charge (acm-exportable-certificates.html),2026-09-21,check-B4.2,,B4.2.md,yes
aws-end-to-end-tls-alb-targets-mcq-40,mcq,new,https://docs.aws.amazon.com/acm/latest/userguide/acm-exportable-certificates.html,"Exportable public certs: request as exportable, additional charge, 198-day validity, ACM renews 45 days before expiry; export-public-certificate.html: certs created prior to June 17 2025 cannot be exported",2026-09-21,check-B4.2,,B4.2.md,yes
aws-kms-admin-vs-user-separation-mcq-43,mcq,new,https://docs.aws.amazon.com/kms/latest/developerguide/key-policy-default.html,Default console key policy: root statement 'Enable IAM User Permissions' delegates kms:* to IAM policies; 'Allow access for Key Administrators' = kms:Create*/Describe*/Enable*/List*/Put*/Update*/Revoke*/Disable*/Get*/Delete*/TagResource/UntagResource/ScheduleKeyDeletion/CancelKeyDeletion/RotateKeyOnDemand; 'Allow use of the key' = kms:Encrypt/Decrypt/ReEncrypt*/GenerateDataKey*/DescribeKey; key admins have no cryptographic permissions; key without account principal can become unmanageable,2026-09-21,check-B4.2,USAGE: added CreateGrant next to PutKeyPolicy as the CloudTrail tripwire (kms:Create* in the admin statement includes CreateGrant; docs warn admins can grant themselves permissions via policy or grants),B4.2.md,yes
aws-kms-rotation-key-types-mcq-50,mcq,new,https://docs.aws.amazon.com/kms/latest/developerguide/rotate-keys.html,"Automatic rotation only for symmetric encryption keys with AWS_KMS origin; default RotationPeriodInDays 365; on-demand rotation supported for AWS_KMS and EXTERNAL (imported) symmetric keys; asymmetric, HMAC and custom key store keys need manual rotation; rotation does not re-encrypt data; KMS retains old material and decrypts with the right version; AWS managed keys rotate yearly",2026-09-21,check-B4.2,,B4.2.md,yes
aws-kms-rotation-key-types-mcq-50,mcq,new,https://docs.aws.amazon.com/kms/latest/developerguide/rotate-keys-manually.html,Manual rotation = new key + UpdateAlias; keep original key enabled so KMS can decrypt data it encrypted; Decrypt/Verify on asymmetric keys require the exact KeyId,2026-09-21,check-B4.2,,B4.2.md,yes
aws-kms-viaservice-condition-mcq-44,mcq,new,https://docs.aws.amazon.com/kms/latest/developerguide/conditions-kms.html,"kms:ViaService value format service.region.amazonaws.com (e.g. s3.us-west-2.amazonaws.com); does not permit direct calls from the principal, only calls via the named service on its behalf; principal still needs permission to the service; aws/ebs managed key policy example pairs kms:CallerAccount with kms:ViaService",2026-09-21,check-B4.2,"A: corrected the claim that direct calls are blocked ""even when an IAM policy also allows the key ARN"" - true only if the account-root ""Enable IAM User Permissions"" statement is scoped/removed or carries the same condition; text now says so. WHY(grants) reworded: grants only add permission, S3 uses caller credentials (FAS) for SSE-KMS, no grant of its own",B4.2.md,yes
aws-kms-viaservice-condition-mcq-44,mcq,new,https://docs.aws.amazon.com/kms/latest/developerguide/key-policy-default.html,"""Enable IAM User Permissions"" root statement allows IAM policies to delegate kms:*; without it IAM allow policies are ineffective - basis for the A: caveat that ViaService on the key-users statement alone does not block IAM-granted direct calls",2026-09-21,check-B4.2,,B4.2.md,yes
aws-macie-find-pii-buckets-mcq-48,mcq,new,https://docs.aws.amazon.com/macie/latest/user/what-is-macie.html,"Macie discovers sensitive data with ML and pattern matching (managed data identifiers incl. PII, financial, credentials); maintains S3 bucket inventory and generates policy findings e.g. bucket becomes publicly accessible; automated sensitive data discovery samples continuously; findings publish to EventBridge and Security Hub; GuardDuty analyzes CloudTrail S3 data events",2026-09-21,check-B4.2,,B4.2.md,yes
aws-macie-find-pii-buckets-mcq-48,mcq,new,https://docs.aws.amazon.com/guardduty/latest/ug/s3-protection.html,GuardDuty S3 Protection monitors CloudTrail data events for S3 (GetObject/PutObject/ListObjects/DeleteObject) for suspicious access; does not inspect object content,2026-09-21,check-B4.2,,B4.2.md,yes
aws-macie-find-pii-buckets-mcq-48,mcq,new,https://docs.aws.amazon.com/inspector/latest/user/what-is-inspector.html,"Inspector scans EC2 instances, ECR container images and Lambda functions for software vulnerabilities and unintended network exposure",2026-09-21,check-B4.2,,B4.2.md,yes
aws-s3-replicate-existing-objects-mcq-46,mcq,new,https://docs.aws.amazon.com/AmazonS3/latest/userguide/replication.html,Live replication does not replicate objects that existed before the configuration; S3 Batch Replication is the on-demand path for existing objects; CRR = different Regions,2026-09-21,check-B4.2,,B4.2.md,yes
aws-s3-replicate-existing-objects-mcq-46,mcq,new,https://docs.aws.amazon.com/AmazonS3/latest/userguide/replication-what-is-isnot-replicated.html,With Filter element (V2 config) delete markers are not replicated by default; delete marker replication can be added to non-tag-based rules; deleting a specific version ID is never replicated; lifecycle actions and their delete markers are not replicated,2026-09-21,check-B4.2,,B4.2.md,yes
aws-s3-replicate-existing-objects-mcq-46,mcq,new,https://docs.aws.amazon.com/AmazonS3/latest/userguide/replication-config-for-kms-objects.html,By default S3 does not replicate SSE-KMS/DSSE-KMS objects; opt in with SourceSelectionCriteria SseKmsEncryptedObjects and ReplicaKmsKeyID; replication role needs kms:Decrypt on source key and kms:Encrypt on destination key; versioning enabled on both buckets,2026-09-21,check-B4.2,,B4.2.md,yes
aws-amazon-mq-jms-no-code-change-mcq-11,mcq,new,https://docs.aws.amazon.com/amazon-mq/latest/developer-guide/welcome.html,Amazon MQ = managed broker for Apache ActiveMQ Classic and RabbitMQ; migrate existing brokers without rewriting messaging code using industry standard protocols,2026-09-21,check-B4.2,,B4.2.md,yes
aws-amazon-mq-jms-no-code-change-mcq-11,mcq,new,https://docs.aws.amazon.com/amazon-mq/latest/developer-guide/amazon-mq-broker-architecture.html,"Active/standby broker = two brokers in two different AZs as a redundant pair on Amazon EFS; two endpoints per wire-level protocol, use the Failover Transport; reboot failover takes only a few seconds",2026-09-21,check-B4.2,,B4.2.md,yes
aws-amazon-mq-jms-no-code-change-mcq-11,mcq,new,https://docs.aws.amazon.com/amazon-mq/latest/developer-guide/amazon-mq-basic-elements.html,"Supported wire-level protocols for ActiveMQ brokers: AMQP, MQTT, MQTT over WebSocket, OpenWire, STOMP, STOMP over WebSocket; endpoints amqp+ssl 5671, mqtt+ssl 8883, ssl (OpenWire) 61617, stomp+ssl 61614, wss 61619",2026-09-21,check-B4.2,,B4.2.md,yes
aws-asg-scale-workers-on-queue-mcq-06,mcq,new,https://docs.aws.amazon.com/autoscaling/ec2/userguide/as-using-sqs-queue.html,Queue length alone does not change proportionally to group size; backlog per instance = ApproximateNumberOfMessages / InService instances; acceptable backlog = acceptable latency / avg processing time; doc example 1500 msgs / 10 instances = 150 vs target 100 (10 s / 0.1 s) scales out by five; metric math now recommended over publishing a custom metric,2026-09-21,check-B4.2,,B4.2.md,yes
aws-eventbridge-content-routing-saas-mcq-03,mcq,new,https://docs.aws.amazon.com/eventbridge/latest/userguide/eb-api-destinations.html,"API destinations = HTTPS endpoints as rule targets; connection defines auth (Basic, OAuth client credentials, API key) with secret stored in Secrets Manager via service-linked role; 5-second client timeout; event bus retry defaults 24 hours and 185 times, then DLQ",2026-09-21,check-B4.2,"WHY(SNS) dropped ""wraps the payload in the SNS envelope"" because raw message delivery is supported for HTTP/S endpoints; kept subscription confirmation and basic/digest-only auth as the reasons",B4.2.md,yes
aws-eventbridge-content-routing-saas-mcq-03,mcq,new,https://docs.aws.amazon.com/sns/latest/dg/sns-http-https-endpoint-as-subscriber.html,SNS HTTP/S delivery = POST with SNS JSON envelope; supports Basic and Digest auth in URL only; subscription confirmation required; no private endpoints,2026-09-21,check-B4.2,,B4.2.md,yes
aws-eventbridge-content-routing-saas-mcq-03,mcq,new,https://docs.aws.amazon.com/sns/latest/dg/sns-large-payload-raw-message-delivery.html,"Raw message delivery is available for HTTP/S endpoints (x-amz-sns-rawdelivery header), so the SNS JSON envelope is optional - envelope claim removed from the WHY",2026-09-21,check-B4.2,,B4.2.md,yes
aws-java-monolith-to-containers-mcq-14,mcq,new,https://docs.aws.amazon.com/app2container/latest/UserGuide/what-is-a2c.html,"App2Container containerizes running ASP.NET (Windows) and Java (Linux) apps without source code, generates Dockerfile, ECR image, ECS task definitions / EKS / App Runner CloudFormation; banner: no longer open to new customers, sign up prior to November 7 2025",2026-09-21,check-B4.2,,B4.2.md,yes
aws-java-monolith-to-containers-mcq-14,mcq,new,https://docs.aws.amazon.com/AmazonElastiCache/latest/dg/AutoFailover.html,"ElastiCache for Valkey and Redis OSS Multi-AZ: failed primary fails over to replica with least lag, promotion typically a few seconds, primary endpoint DNS propagated; requires at least one read replica",2026-09-21,check-B4.2,,B4.2.md,yes
aws-lambda-critical-function-throttled-mcq-17,mcq,new,https://docs.aws.amazon.com/lambda/latest/dg/lambda-concurrency.html,"Default account concurrency 1000 per Region; reserved concurrency = max and min for a function, no other function can use it, no charge; can reserve up to 900 by default, Lambda always keeps 100 unreserved; provisioned concurrency pre-initializes environments (cold starts), incurs charges, without reserved concurrency function spills into unreserved pool",2026-09-21,check-B4.2,"WHY(provisioned) and A: corrected - provisioned environments are dedicated to the function; only requests above the provisioned number spill into the shared pool, so ""only guarantees capacity when combined with reserved concurrency"" was overstated; now says reserved concurrency is the free fence and provisioned is billed",B4.2.md,yes
aws-lambda-critical-function-throttled-mcq-17,mcq,new,https://docs.aws.amazon.com/lambda/latest/dg/lambda-concurrency.html,"Provisioned concurrency diagram: 400 provisioned units are dedicated to the function, all functions share the remaining 600; comparison table: if reserved not set, function uses unreserved concurrency when provisioned limit reached; reserved = no additional charge, provisioned = incurs charges",2026-09-21,check-B4.2,,B4.2.md,yes
aws-order-workflow-with-human-wait-mcq-21,mcq,new,https://docs.aws.amazon.com/step-functions/latest/dg/choosing-workflow-type.html,"Standard: up to one year, exactly-once, priced per state transition; Express: up to five minutes, at-least-once (async) / at-most-once (sync), no .waitForTaskToken or .sync patterns, no Activities",2026-09-21,check-B4.2,,B4.2.md,yes
aws-order-workflow-with-human-wait-mcq-21,mcq,new,https://docs.aws.amazon.com/step-functions/latest/dg/connect-to-resource.html,.waitForTaskToken pauses until SendTaskSuccess/SendTaskFailure with the token; suited to human approval; waits up to one year service quota; HeartbeatSeconds avoids stuck executions (States.Timeout); Express only supports Request Response,2026-09-21,check-B4.2,,B4.2.md,yes
aws-order-workflow-with-human-wait-mcq-21,mcq,new,https://docs.aws.amazon.com/AWSSimpleQueueService/latest/SQSDeveloperGuide/sqs-visibility-timeout.html,Visibility timeout maximum 12 hours from first receive; extending does not reset the 12-hour limit; Step Functions suggested for longer waits,2026-09-21,check-B4.2,,B4.2.md,yes
aws-order-workflow-with-human-wait-mcq-21,mcq,new,https://docs.aws.amazon.com/lambda/latest/dg/gettingstarted-limits.html,Function timeout quota 900 seconds (15 minutes),2026-09-21,check-B4.2,,B4.2.md,yes
aws-session-store-behind-alb-mcq-20,mcq,new,https://docs.aws.amazon.com/AmazonElastiCache/latest/dg/AutoFailover.html,"Multi-AZ with automatic failover for Valkey/Redis OSS: replica with least replication lag promoted, writes resume typically within a few seconds, DNS of primary endpoint updated so no application change; needs at least one replica; async replication may lose a small amount of data",2026-09-21,check-B4.2,,B4.2.md,yes
aws-session-store-behind-alb-mcq-20,mcq,new,https://docs.aws.amazon.com/elasticloadbalancing/latest/application/load-balancer-target-groups.html,stickiness.enabled default false; lb_cookie duration 1 s to 7 days default 1 day; stickiness pins client to one target,2026-09-21,check-B4.2,,B4.2.md,yes
aws-sqs-poison-message-blocking-mcq-09,mcq,new,https://docs.aws.amazon.com/AWSSimpleQueueService/latest/SQSDeveloperGuide/sqs-dead-letter-queues.html,Redrive policy maxReceiveCount = receives before move to DLQ; DLQ must be same account and Region; standard queue message keeps original enqueue timestamp so set DLQ retention longer than source; DLQ redrive available,2026-09-21,check-B4.2,,B4.2.md,yes
aws-sqs-poison-message-blocking-mcq-09,mcq,new,https://docs.aws.amazon.com/AWSSimpleQueueService/latest/SQSDeveloperGuide/sqs-visibility-timeout.html,Default visibility timeout 30 seconds; set to max processing time; ChangeMessageVisibility extends per message; max 12 hours; ~120000 in-flight messages for standard queues,2026-09-21,check-B4.2,,B4.2.md,yes
aws-sqs-poison-message-blocking-mcq-09,mcq,new,https://docs.aws.amazon.com/AWSSimpleQueueService/latest/SQSDeveloperGuide/quotas-messages.html,"Message retention default 4 days, minimum 60 seconds, maximum 1,209,600 seconds (14 days); visibility timeout default 30 seconds, min 0, max 12 hours",2026-09-21,check-B4.2,,B4.2.md,yes
aws-sqs-poison-message-blocking-mcq-09,mcq,new,https://docs.aws.amazon.com/AWSSimpleQueueService/latest/SQSDeveloperGuide/sqs-short-and-long-polling.html,Maximum long polling wait time is 20 seconds,2026-09-21,check-B4.2,,B4.2.md,yes
aws-alarm-on-healthy-host-count-mcq-29,mcq,new,https://docs.aws.amazon.com/elasticloadbalancing/latest/application/load-balancer-cloudwatch-metrics.html,"AWS/ApplicationELB HealthyHostCount = number of targets considered healthy, dimensions LoadBalancer+TargetGroup, useful statistics Average/Minimum/Maximum; UnHealthyHostCount likewise; AWS recommends alarming on non-zero UnHealthyHostCount Minimum for more than one data point; Minimum reflects per-node worst view",2026-09-21,check-B4.2,,B4.2.md,yes
aws-baseline-stacks-many-accounts-mcq-23,mcq,new,https://docs.aws.amazon.com/AWSCloudFormation/latest/UserGuide/stacksets-concepts.html,"StackSets create/update/delete stacks across accounts and Regions in one operation; self-managed = you create IAM roles; service-managed = Organizations, roles created by StackSets, automatic deployment to accounts added later; admin account = management account or delegated administrator",2026-09-21,check-B4.2,,B4.2.md,yes
aws-baseline-stacks-many-accounts-mcq-23,mcq,new,https://docs.aws.amazon.com/AWSCloudFormation/latest/UserGuide/stacksets-drift.html,"StackSet drift detection runs drift detection on each stack instance and reports DRIFTED/IN_SYNC for unmanaged changes made outside CloudFormation; detection only, no remediation",2026-09-21,check-B4.2,,B4.2.md,yes
aws-find-slow-microservice-hop-mcq-30,mcq,new,https://docs.aws.amazon.com/xray/latest/devguide/aws-xray.html,"X-Ray collects request data incl. downstream calls to AWS resources, microservices, databases and web APIs; trace map shows client, front-end and backend services to identify bottlenecks and latency spikes; SDKs send segments to X-Ray daemon; Lambda runs the daemon",2026-09-21,check-B4.2,,B4.2.md,yes
aws-golden-ami-instance-refresh-mcq-24,mcq,new,https://docs.aws.amazon.com/imagebuilder/latest/userguide/what-is-image-builder.html,Image Builder automates creation/testing/distribution of AMIs and container images with build and test components; distributes image only if all configured tests succeed; distribution can configure a launch template; no cost for the service itself,2026-09-21,check-B4.2,,B4.2.md,yes
aws-golden-ami-instance-refresh-mcq-24,mcq,new,https://docs.aws.amazon.com/autoscaling/ec2/userguide/instance-refresh-overview.html,Rolling instance refresh terminates and launches instances in batches per min/max healthy percentage (example 90/100 replaces 10 percent at a time; 100/100 launches before terminate); skip matching; checkpoints; rollback; 14-day maximum duration,2026-09-21,check-B4.2,,B4.2.md,yes
aws-golden-ami-instance-refresh-mcq-24,mcq,new,https://docs.aws.amazon.com/autoscaling/ec2/userguide/understand-instance-refresh-default-values.html,"Instance refresh defaults without an instance maintenance policy: MinHealthyPercentage 90 percent, MaxHealthyPercentage 100 percent; skip matching enabled by default in console, disabled in CLI/SDK",2026-09-21,check-B4.2,,B4.2.md,yes
aws-dr-24h-objectives-lowest-cost-mcq-39,mcq,new,https://docs.aws.amazon.com/whitepapers/latest/disaster-recovery-workloads-on-aws/disaster-recovery-options-in-the-cloud.html,"Backup and restore: redeploy infrastructure with IaC (CloudFormation/CDK); AWS Backup supports copying backups across Regions and accounts; pilot light keeps databases/object storage always on with app servers switched off; warm standby is a scaled-down fully functional copy; Figure 6 places backup-and-restore RPO/RTO in hours, pilot light in tens of minutes, warm standby in minutes",2026-09-21,check-B4.3,,B4.3.md,yes
aws-legacy-app-too-many-connections-mcq-40,mcq,new,https://docs.aws.amazon.com/AmazonRDS/latest/UserGuide/rds-proxy.html,"Proxy pools and shares connections, queues/throttles surplus connections, automatically connects to standby while preserving app connections; enable for most applications with no code changes; must be in the same VPC as the database and cannot be publicly accessible; 20 proxies per account",2026-09-21,check-B4.3,,B4.3.md,yes
aws-legacy-app-too-many-connections-mcq-40,mcq,new,https://aws.amazon.com/rds/proxy/,Reduces failover times for Aurora and RDS Multi-AZ by up to 66 percent; does not depend on DNS caches; no code changes for most applications,2026-09-21,check-B4.3,,B4.3.md,yes
aws-windows-smb-shared-storage-ha-mcq-43,mcq,new,https://docs.aws.amazon.com/fsx/latest/WindowsGuide/high-availability-multiAZ.html,"Multi-AZ: WSFC cluster across preferred and standby AZ, synchronous replication within and between AZs, automatic failover typically under 30 seconds, DNS name unchanged so Windows clients resume; Single-AZ: usually about 30 minutes of downtime during failure recovery, rare unrecoverable failure restored from backup",2026-09-21,check-B4.3,,B4.3.md,yes
aws-windows-smb-shared-storage-ha-mcq-43,mcq,new,https://docs.aws.amazon.com/efs/latest/ug/whatisefs.html,EFS supports NFSv4.1/4.0; Regional file systems store data across multiple AZs; using EFS with Windows EC2 instances is not supported,2026-09-21,check-B4.3,,B4.3.md,yes
aws-windows-smb-shared-storage-ha-mcq-43,mcq,new,https://docs.aws.amazon.com/filegateway/latest/files3/what-is-file-s3.html,"S3 File Gateway: virtual appliance (VM, hardware appliance, or EC2 AMI) presenting S3 objects over NFS 3/4.1 and SMB 2/3 with transparent local caching",2026-09-21,check-B4.3,,B4.3.md,yes
aws-queue-backlog-per-instance-mcq-08,mcq,new,https://docs.aws.amazon.com/autoscaling/ec2/userguide/as-using-sqs-queue.html,Backlog per instance = ApproximateNumberOfMessages / InService instances; target = acceptable latency / average processing time (example 10 s / 0.1 s = 100); queue length alone does not scale proportionally to group size; metric math now recommended over a custom metric,2026-09-21,check-B4.3,,B4.3.md,yes
aws-queue-backlog-per-instance-mcq-08,mcq,new,https://docs.aws.amazon.com/autoscaling/ec2/userguide/ec2-auto-scaling-target-tracking-metric-math.html,"Expression e1 = m1/m2 with m1 = ApproximateNumberOfMessagesVisible (Sum, 1 min) and m2 = GroupInServiceInstances (Average, 1 min)",2026-09-21,check-B4.3,,B4.3.md,yes
aws-queue-backlog-per-instance-mcq-08,mcq,new,https://docs.aws.amazon.com/autoscaling/ec2/userguide/ec2-auto-scaling-default-instance-warmup.html,"Default instance warmup delays new instances contributing to aggregated metrics; not enabled by default; while warming up, scale-out only if metric from non-warming instances exceeds target; warming instances count toward capacity so multiple breaches yield one scaling activity; suggested starting value 300 seconds",2026-09-21,check-B4.3,,B4.3.md,yes
aws-vpc-cidr-growth-mcq-25,mcq,new,https://docs.aws.amazon.com/vpc/latest/userguide/vpc-cidr-blocks.html,Secondary IPv4 CIDR blocks can be associated with an existing VPC; a local route is added automatically; block size /28 to /16; cannot increase or decrease the size of an existing CIDR block; 100.64.0.0/10 is a permitted secondary range for a 10.0.0.0/8 VPC; quota on CIDR blocks per VPC,2026-09-21,check-B4.3,,B4.3.md,yes
aws-vpc-cidr-growth-mcq-25,mcq,new,https://docs.aws.amazon.com/vpc/latest/userguide/subnet-sizing.html,"Subnet IPv4 size /28 to /16; first four and last IP of each subnet reserved (5 addresses, so /24 leaves 251)",2026-09-21,check-B4.3,,B4.3.md,yes
aws-vpc-cidr-growth-mcq-25,mcq,new,https://docs.aws.amazon.com/eks/latest/userguide/cni-custom-network.html,Custom networking places pod ENIs in different subnets to relieve limited IPv4 addresses in the node subnet; a new or existing subnet can also be added directly to the cluster; subnets must be in the same VPC,2026-09-21,check-B4.3,,B4.3.md,yes
aws-bi-dashboard-choice-mcq-36,mcq,new,https://docs.aws.amazon.com/quicksight/latest/user/welcome.html,"Amazon Quick evolved from QuickSight; QuickSight continues as Amazon Quick Sight (interactive data visualization and BI, build dashboards, embed analytics in applications); fully managed; per-user subscriptions with standard AWS billing",2026-09-21,check-B4.3,"Grafana WHY rewritten: Managed Grafana has Redshift/Athena plugins, so discriminator is now no in-memory dataset engine + operations audience, not data access",B4.3.md,yes
aws-bi-dashboard-choice-mcq-36,mcq,new,https://docs.aws.amazon.com/quicksight/latest/user/spice.html,SPICE = Super-fast Parallel In-memory Calculation Engine; imported data makes analytical queries process faster and avoids repeat per-query source charges; capacity allocated per Region,2026-09-21,check-B4.3,,B4.3.md,yes
aws-bi-dashboard-choice-mcq-36,mcq,new,https://docs.aws.amazon.com/opensearch-service/latest/developerguide/dashboards.html,OpenSearch Dashboards is a visualization tool for exploring and analyzing data within a single OpenSearch domain; runs on the domain data nodes,2026-09-21,check-B4.3,,B4.3.md,yes
aws-bi-dashboard-choice-mcq-36,mcq,new,https://docs.aws.amazon.com/grafana/latest/userguide/what-is-Amazon-Managed-Service-Grafana.html,"Managed Grafana visualizes operational metrics, logs and traces; integrates with CloudWatch, OpenSearch, X-Ray, Timestream, Managed Prometheus; priced per active user",2026-09-21,check-B4.3,,B4.3.md,yes
aws-data-lake-permissions-mcq-31,mcq,new,https://docs.aws.amazon.com/lake-formation/latest/dg/data-filtering.html,"Data filters give column-level (include/exclude columns), row-level (PartiQL row filter expression) and cell-level security on Data Catalog tables; enforced by integrated engines Athena, EMR, Redshift Spectrum; filters apply only to reads so only SELECT can carry a filter",2026-09-21,check-B4.3,,B4.3.md,yes
aws-data-lake-permissions-mcq-31,mcq,new,https://docs.aws.amazon.com/macie/latest/user/what-is-macie.html,Macie discovers sensitive data in S3 using ML and pattern matching and reports findings; it does not grant or enforce access,2026-09-21,check-B4.3,,B4.3.md,yes
aws-partner-sftp-into-s3-mcq-22,mcq,new,https://docs.aws.amazon.com/transfer/latest/userguide/what-is-aws-transfer-family.html,Fully managed SFTP/FTPS/FTP/AS2 into S3 or EFS with no server infrastructure; keeps existing client configurations; supports up to 3 AZs on an auto scaling redundant fleet; associate your hostname with the server endpoint,2026-09-21,check-B4.3,,B4.3.md,yes
aws-partner-sftp-into-s3-mcq-22,mcq,new,https://docs.aws.amazon.com/transfer/latest/userguide/create-server-sftp.html,"Identity provider options: service managed, AWS Directory Service for Microsoft Active Directory, custom identity provider via Lambda or API Gateway; custom hostname option; SFTP on port 22",2026-09-21,check-B4.3,,B4.3.md,yes
aws-partner-sftp-into-s3-mcq-22,mcq,new,https://docs.aws.amazon.com/datasync/latest/userguide/datasync-network.html,"DataSync agent connects to NFS/SMB/object/HDFS sources you operate and to AWS storage; it is an agent-driven transfer service, not a partner-facing endpoint",2026-09-21,check-B4.3,,B4.3.md,yes
aws-d4-backup-archival-selection-mcq-07,mcq,new,https://aws.amazon.com/s3/storage-classes/,"Deep Archive: lowest-cost class, restore within 12 hours, 180-day minimum; Glacier Flexible Retrieval: minutes to hours, 90-day minimum; Standard-IA: 30-day minimum, 128 KB minimum object size",2026-09-21,check-B4.3,"AWS Backup WHY rewritten: S3 is a supported AWS Backup resource, but S3 backups cannot transition to cold storage (feature table); vault = second copy",B4.3.md,yes
aws-d4-backup-archival-selection-mcq-07,mcq,new,https://pricing.us-east-1.amazonaws.com/offers/v1.0/aws/AmazonS3GlacierDeepArchive/current/us-east-1/index.csv,Deep Archive storage $0.00099 per GB-month in US East (N. Virginia); prorated charge for objects deleted before 180 days,2026-09-21,check-B4.3,,B4.3.md,yes
aws-d4-backup-archival-selection-mcq-07,mcq,new,https://pricing.us-east-1.amazonaws.com/offers/v1.0/aws/AmazonS3/current/us-east-1/index.csv,"Glacier Flexible Retrieval storage $0.0036 per GB-month; Standard-IA $0.0125 per GB-month; Deep Archive standard retrieval $0.02 per GB, bulk $0.0025 per GB (US East N. Virginia, price list published 2026-09-18)",2026-09-21,check-B4.3,,B4.3.md,yes
aws-d4-backup-archival-selection-mcq-07,mcq,new,https://docs.aws.amazon.com/AmazonS3/latest/userguide/object-lock.html,"Compliance mode: version cannot be overwritten or deleted by any user including root, mode cannot be changed and retention cannot be shortened; only deleting the account removes it early; governance mode can be overridden with the S3 governance-retention override permission; Object Lock works only with Versioning enabled",2026-09-21,check-B4.3,,B4.3.md,yes
aws-d4-batch-vs-individual-uploads-mcq-10,mcq,new,https://pricing.us-east-1.amazonaws.com/offers/v1.0/aws/AmazonS3/current/us-east-1/index.csv,"PUT, COPY, POST, LIST requests $0.005 per 1,000 (US East N. Virginia); Standard-IA $0.0125 per GB-month",2026-09-21,check-B4.3,,B4.3.md,yes
aws-d4-batch-vs-individual-uploads-mcq-10,mcq,new,https://aws.amazon.com/s3/storage-classes/,Intelligent-Tiering: objects smaller than 128 KB always charged at Frequent Access rates and not monitored; Standard-IA 128 KB minimum object size; no retrieval charges in Intelligent-Tiering,2026-09-21,check-B4.3,,B4.3.md,yes
aws-d4-batch-vs-individual-uploads-mcq-10,mcq,new,https://docs.aws.amazon.com/firehose/latest/APIReference/API_BufferingHints.html,SizeInMBs valid range 1 to 128 (default 5); IntervalInSeconds valid range 0 to 900 (default 300),2026-09-21,check-B4.3,,B4.3.md,yes
aws-d4-batch-vs-individual-uploads-mcq-10,mcq,new,https://docs.aws.amazon.com/firehose/latest/dev/basic-deliver.html,For S3 delivery Firehose concatenates multiple incoming records based on the buffering configuration into an S3 object,2026-09-21,check-B4.3,,B4.3.md,yes
aws-d4-data-migration-service-mcq-08,mcq,new,https://docs.aws.amazon.com/snowball/latest/developer-guide/device-differences.html,"Snowball Edge Storage Optimized 210 TB usable; Compute Optimized 104 vCPUs, 416 GB memory, 28 TB NVMe; Snowball Edge no longer available to new customers, who are directed to DataSync, AWS Data Transfer Terminal or partner solutions",2026-09-21,check-B4.3,A: timeline now names device provisioning + local copy + return shipping (FAQ warns provisioning can take weeks),B4.3.md,yes
aws-d4-data-migration-service-mcq-08,mcq,new,https://aws.amazon.com/snowball/faqs/,"Use Snowball when bandwidth is not available for a high-speed online transfer service such as DataSync; effective 2025-11-07 Snowball Edge only for existing customers; transfer time computed: 500 TB x 8 / 1 Gbps = 46.3 days at 100 percent, 57.9 days at 80 percent utilization",2026-09-21,check-B4.3,,B4.3.md,yes
aws-d4-data-migration-service-mcq-08,mcq,new,https://pricing.us-east-1.amazonaws.com/offers/v1.0/aws/AWSDataTransfer/current/us-east-1/index.csv,"S3 Transfer Acceleration inbound $0.04 per GB (US/EU/JP edges) and $0.08 per GB elsewhere; it is an edge-routing service, does not add site bandwidth",2026-09-21,check-B4.3,,B4.3.md,yes
aws-d4-db-type-timeseries-columnar-mcq-26,mcq,new,https://aws.amazon.com/athena/pricing/,"$5 per TB scanned; pricing example shows 3x from compression and 4x from reading one column, 12x total ($15 to $1.25)",2026-09-21,check-B4.3,Timestream WHY rewritten: removed claim it cannot be loaded from S3 (batch load exists); now argues ingest+storage cost for a monthly report,B4.3.md,yes
aws-d4-db-type-timeseries-columnar-mcq-26,mcq,new,https://docs.aws.amazon.com/athena/latest/ug/columnar-storage.html,"Parquet/ORC compress by column, predicate pushdown reads only needed blocks; convert with CTAS or AWS Glue jobs",2026-09-21,check-B4.3,,B4.3.md,yes
aws-d4-db-type-timeseries-columnar-mcq-26,mcq,new,https://aws.amazon.com/redshift/pricing/,Provisioned clusters billed as long as the cluster is running; pause and resume suspends on-demand billing; Serverless billed per RPU-hour with 60-second minimum only when active,2026-09-21,check-B4.3,,B4.3.md,yes
aws-d4-db-type-timeseries-columnar-mcq-26,mcq,new,https://docs.aws.amazon.com/timestream/latest/developerguide/what-is-timestream.html,"Timestream for LiveAnalytics is a purpose-built time series database ingesting from IoT Core, Kinesis, MSK, Telegraf; use cases metrics, telemetry, IoT sensor data",2026-09-21,check-B4.3,,B4.3.md,yes
aws-d4-lowest-cost-transfer-into-aws-mcq-09,mcq,new,https://pricing.us-east-1.amazonaws.com/offers/v1.0/aws/AWSDataTransfer/current/us-east-1/index.csv,Data transfer in from the internet to US East (N. Virginia) $0.00 per GB,2026-09-21,check-B4.3,,B4.3.md,yes
aws-d4-lowest-cost-transfer-into-aws-mcq-09,mcq,new,https://aws.amazon.com/datasync/pricing/,Basic mode $0.0125 per GB; Enhanced mode $0.015 per GB plus $0.55 per task execution; no minimum charges; 2 TB x $0.0125 = $25 per night (computed),2026-09-21,check-B4.3,,B4.3.md,yes
aws-d4-lowest-cost-transfer-into-aws-mcq-09,mcq,new,https://aws.amazon.com/directconnect/pricing/,"Dedicated 1 Gbps port $0.30 per hour (about $216 per 30-day month, computed); 10 Gbps $2.25 per hour; data transfer in $0.00 per GB",2026-09-21,check-B4.3,,B4.3.md,yes
aws-d4-lowest-cost-transfer-into-aws-mcq-09,mcq,new,https://aws.amazon.com/aws-transfer-family/pricing/,SFTP endpoint $0.30 per hour per protocol ($216 per 30-day month in the pricing example) plus $0.04 per GB uploaded or downloaded,2026-09-21,check-B4.3,,B4.3.md,yes
aws-d4-lowest-cost-transfer-into-aws-mcq-09,mcq,new,https://docs.aws.amazon.com/datasync/latest/userguide/datasync-network.html,"DataSync agent reads NFS/SMB sources and writes to S3 over TLS; transfer time computed: 2 TB x 8 / 1 Gbps = 16,000 s = 4.4 hours",2026-09-21,check-B4.3,,B4.3.md,yes
aws-d4-s3-lifecycle-versioning-cleanup-mcq-06,mcq,new,https://docs.aws.amazon.com/AmazonS3/latest/userguide/lifecycle-configuration-examples.html,NoncurrentVersionExpiration with NoncurrentDays and NewerNoncurrentVersions (1 to 100) removes noncurrent versions only; AbortIncompleteMultipartUpload with DaysAfterInitiation deletes parts of incomplete uploads; ExpiredObjectDeleteMarker removes delete markers with zero noncurrent versions; objects under 128 KB not transitioned by default since September 2024,2026-09-21,check-B4.3,"Stem now asks which actions remove the data causing the growth, so a transition to Intelligent-Tiering cannot be read as also correct",B4.3.md,yes
aws-d4-s3-lifecycle-versioning-cleanup-mcq-06,mcq,new,https://docs.aws.amazon.com/AmazonS3/latest/userguide/Versioning.html,"Every version is a full object billed at normal rates; a version-enabled bucket can only be suspended, never returned to unversioned; suspending does not change existing objects",2026-09-21,check-B4.3,,B4.3.md,yes
aws-d4-storage-auto-scaling-need-mcq-11,mcq,new,https://docs.aws.amazon.com/AmazonRDS/latest/UserGuide/USER_PIOPS.Autoscaling.html,"Triggers when free space <= 10 percent of allocated for at least 5 minutes and storage optimization of the previous modification completed with fewer than four modifications in 24 hours; increment is the greater of 10 GiB, 10 percent, or predicted 7-hour growth; maximum storage threshold at least 10 percent above current, 26 percent recommended; no reboot or downtime; allocated storage cannot be reduced",2026-09-21,check-B4.3,,B4.3.md,yes
aws-d4-storage-auto-scaling-need-mcq-11,mcq,new,https://docs.aws.amazon.com/AmazonRDS/latest/AuroraUserGuide/Aurora.Overview.StorageReliability.html,Aurora cluster volumes grow automatically as data increases (up to 256 TiB for specific versions) and shrink when data is removed,2026-09-21,check-B4.3,,B4.3.md,yes
aws-d4-storage-service-cheapest-mcq-02,mcq,new,https://pricing.us-east-1.amazonaws.com/offers/v1.0/aws/AmazonEFS/current/us-east-1/index.csv,US East (N. Virginia): Standard $0.30 per GB-month; Infrequent Access $0.016 per GB-month (Elastic throughput); Archive $0.008 per GB-month; One Zone $0.16 per GB-month; One Zone-IA $0.0133; IA reads and writes $0.01 per GB; Provisioned throughput $6.00 per MiBps-month,2026-09-21,check-B4.3,"Lustre WHY rewritten: Lustre now has an elastic Intelligent-Tiering class, so argument is full migration + new file system vs in-place lifecycle policy",B4.3.md,yes
aws-d4-storage-service-cheapest-mcq-02,mcq,new,https://docs.aws.amazon.com/efs/latest/ug/features.md,"One Zone stores data in a single AZ and is not resilient to loss of that AZ; automatically backed up with AWS Backup; storage classes Standard, IA (few times a quarter), Archive (few times a year, 90-day minimum); IA and Archive 128 KiB minimum billing per file; Archive requires Elastic throughput",2026-09-21,check-B4.3,,B4.3.md,yes
aws-d4-storage-service-cheapest-mcq-02,mcq,new,https://docs.aws.amazon.com/efs/latest/ug/how-it-works.html,One Zone file system has a single mount target; EC2 instances in another AZ pay EC2 data access charges; recommend mounting from the same AZ,2026-09-21,check-B4.3,,B4.3.md,yes
aws-d4-storage-service-cheapest-mcq-02,mcq,new,https://docs.aws.amazon.com/ebs/latest/userguide/ebs-volumes-multi.html,"Multi-Attach only for io1/io2, up to 16 Nitro instances in the same Availability Zone, requires a clustered file system, cannot be a boot volume",2026-09-21,check-B4.3,,B4.3.md,yes
aws-d4-storage-service-cheapest-mcq-02,mcq,new,https://docs.aws.amazon.com/fsx/latest/LustreGuide/what-is.html,"FSx for Lustre is a POSIX high-performance file system for ML, HPC, video processing; scratch and persistent deployments; links to S3 buckets",2026-09-21,check-B4.3,,B4.3.md,yes
aws-d4-storage-size-rightsizing-mcq-12,mcq,new,https://docs.aws.amazon.com/ebs/latest/userguide/general-purpose.html,"gp3: 3,000 IOPS and 125 MiB/s baseline included, provision up to 80,000 IOPS at 500 IOPS per GiB, 20 percent lower per-GiB price than gp2; gp2: 3 IOPS per GiB between 100 and 16,000 IOPS, burst to 3,000 for volumes under 1 TiB",2026-09-21,check-B4.3,,B4.3.md,yes
aws-d4-storage-size-rightsizing-mcq-12,mcq,new,https://docs.aws.amazon.com/ebs/latest/userguide/ebs-volume-types.html,"st1 max 500 IOPS per volume (1 MiB I/O), sc1 max 250, HDD volumes cannot be boot volumes; io2 Block Express 99.999 percent durability, max 256,000 IOPS; Multi-Attach only io1/io2",2026-09-21,check-B4.3,,B4.3.md,yes
aws-d4-storage-size-rightsizing-mcq-12,mcq,new,https://aws.amazon.com/ebs/pricing/,"US East (N. Virginia) rates via the pricing feed: gp3 $0.08 per GB-month and $0.005 per provisioned IOPS-month above 3,000; gp2 $0.10 per GB-month; io2 $0.125 per GB-month and $0.065 per provisioned IOPS-month (first tier); st1 $0.045; sc1 $0.015; computed monthly: gp3 200 GiB + 6,000 IOPS = $31, gp2 2,000 GiB = $200, io2 200 GiB + 6,000 IOPS = $415",2026-09-21,check-B4.3,,B4.3.md,yes
aws-d4-storage-tier-unknown-pattern-mcq-04,mcq,new,https://aws.amazon.com/s3/storage-classes/,Intelligent-Tiering moves objects not accessed for 30 consecutive days to Infrequent Access and after 90 days to Archive Instant Access; no retrieval charges; objects under 128 KB charged at Frequent Access rates and not monitored; Standard-IA 30-day minimum; Glacier Flexible Retrieval minutes to hours,2026-09-21,check-B4.3,,B4.3.md,yes
aws-d4-storage-tier-unknown-pattern-mcq-04,mcq,new,https://pricing.us-east-1.amazonaws.com/offers/v1.0/aws/AmazonS3/current/us-east-1/index.csv,"Intelligent-Tiering monitoring and automation $0.0025 per 1,000 objects; Standard-IA retrieval $0.01 per GB; Standard $0.023 per GB-month first 50 TB (US East N. Virginia)",2026-09-21,check-B4.3,,B4.3.md,yes
aws-d4-load-balancing-strategy-cost-mcq-15,mcq,new,https://docs.aws.amazon.com/elasticloadbalancing/latest/application/listener-rules.html,"Rules evaluated in priority order; conditions host-header, http-request-method, path-pattern, source-ip, http-header, query-string; each rule forwards, redirects or returns a fixed response; default rule evaluated last; supports multiple microservices behind a single load balancer",2026-09-21,check-B4.3,,B4.3.md,yes
aws-d4-load-balancing-strategy-cost-mcq-15,mcq,new,https://pricing.us-east-1.amazonaws.com/offers/v1.0/aws/AWSELB/current/us-east-1/index.csv,ALB $0.0225 per hour plus $0.008 per LCU-hour; NLB $0.0225 per hour plus $0.006 per NLCU-hour; GWLB $0.0125 per hour plus $0.004 per GLCU-hour (US East N. Virginia),2026-09-21,check-B4.3,,B4.3.md,yes
aws-d4-load-balancing-strategy-cost-mcq-15,mcq,new,https://docs.aws.amazon.com/elasticloadbalancing/latest/gateway/introduction.html,"Gateway Load Balancer deploys and scales virtual appliances (firewalls, IDS/IPS, deep packet inspection), operates at layer 3, exchanges traffic over GENEVE port 6081",2026-09-21,check-B4.3,,B4.3.md,yes
aws-d4-load-balancing-strategy-cost-mcq-15,mcq,new,https://docs.aws.amazon.com/elasticloadbalancing/latest/application/load-balancer-listeners.html,ALB listeners are HTTP/HTTPS; HTTPS listener terminates TLS; an NLB TCP listener on 443 passes encrypted traffic through to targets without decrypting,2026-09-21,check-B4.3,,B4.3.md,yes
aws-d4-scaling-method-hibernation-mcq-16,mcq,new,https://docs.aws.amazon.com/AWSEC2/latest/UserGuide/Hibernate.html,"Hibernation saves RAM to the EBS root volume; on start RAM is reloaded and processes resume; no instance usage charge while hibernated, EBS storage charged; pre-warming long-bootstrap instances is a stated use case",2026-09-21,check-B4.3,"Stem/WHY/A: one-minute resume of 96 GiB RAM not defensible; now a few minutes, and A: says resume takes the minutes needed to read the RAM image back",B4.3.md,yes
aws-d4-scaling-method-hibernation-mcq-16,mcq,new,https://docs.aws.amazon.com/AWSEC2/latest/UserGuide/hibernating-prerequisites.html,"Enable at launch only (On-Demand or Spot); Linux RAM under 150 GiB, Windows 16 GiB or less; root volume must be EBS, encrypted and large enough for RAM; gp2/gp3/io1/io2 volumes",2026-09-21,check-B4.3,,B4.3.md,yes
aws-d4-scaling-method-hibernation-mcq-16,mcq,new,https://docs.aws.amazon.com/AWSEC2/latest/UserGuide/instance-hibernate-overview.html,Not supported to keep an instance hibernated more than 60 days; instance store data lost; cannot hibernate an instance in an Auto Scaling group directly,2026-09-21,check-B4.3,,B4.3.md,yes
aws-d4-scaling-method-hibernation-mcq-16,mcq,new,https://docs.aws.amazon.com/autoscaling/ec2/userguide/ec2-auto-scaling-warm-pools.html,"Warm pool states Stopped, Running, Hibernated; Running instances in the pool incur normal instance charges and are discouraged; Stopped and Hibernated pay only for EBS volumes and Elastic IPs",2026-09-21,check-B4.3,,B4.3.md,yes
aws-bi-dashboard-choice-mcq-36,mcq,new,https://docs.aws.amazon.com/quicksight/latest/user/supported-data-sources.html,"Quick Sight relational sources include Athena, Aurora, Redshift, Redshift Spectrum, S3, OpenSearch, MySQL, PostgreSQL (RDS instances must be in AWS)",2026-09-21,check-B4.3,added source for the A: data-source list,B4.3.md,yes
aws-d4-backup-archival-selection-mcq-07,mcq,new,https://docs.aws.amazon.com/aws-backup/latest/devguide/backup-feature-availability.html,"Feature table: Amazon S3 supported with cross-Region, cross-account, incremental, PITR, full management, item-level restore; Lifecycle to cold storage column blank for S3 (supported for EBS, EFS, Timestream, DynamoDB advanced, VMware, SAP HANA, CloudFormation, OpenZFS, Aurora DSQL)",2026-09-21,check-B4.3,added source for the rewritten AWS Backup WHY,B4.3.md,yes
aws-d4-backup-archival-selection-mcq-07,mcq,new,https://docs.aws.amazon.com/aws-backup/latest/devguide/whatisbackup.html,Supported resources table lists Amazon S3 data; Vault Lock enforces WORM on backups,2026-09-21,check-B4.3,,B4.3.md,yes
aws-d4-storage-service-cheapest-mcq-02,mcq,new,https://docs.aws.amazon.com/efs/latest/ug/lifecycle-management-efs.html,"Lifecycle defaults: transition into IA after 30 days without access in Standard, into Archive after 90 days; transition back to Standard on first access optional",2026-09-21,check-B4.3,added source for the 30/90-day lifecycle option text,B4.3.md,yes
aws-d4-storage-service-cheapest-mcq-02,mcq,new,https://docs.aws.amazon.com/fsx/latest/LustreGuide/what-is.html,Lustre storage classes now include an elastic Intelligent-Tiering class as well as SSD and HDD; scratch and persistent deployments,2026-09-21,check-B4.3,basis for the rewritten Lustre WHY,B4.3.md,yes
aws-d4-storage-size-rightsizing-mcq-12,mcq,new,https://pricing.us-east-1.amazonaws.com/offers/v1.0/aws/AmazonEC2/current/us-east-1/index.csv,Price feed verified 2026-09-21: gp3 $0.08 per GB-month and $0.005 per provisioned IOPS-month; gp2 $0.10; io2 $0.125 per GB-month and $0.065 per IOPS-month; st1 $0.045; sc1 $0.015,2026-09-21,check-B4.3,added the feed URL the existing pricing row refers to,B4.3.md,yes
aws-d4-scaling-method-hibernation-mcq-16,mcq,new,https://docs.aws.amazon.com/AWSEC2/latest/UserGuide/instance-hibernate-overview.html,"On start the OS reads the RAM contents back from the EBS root volume before unfreezing processes, so resume time scales with RAM size and volume throughput",2026-09-21,check-B4.3,basis for changing the stem from about a minute to a few minutes,B4.3.md,yes
aws-control-tower-service,service,new,https://docs.aws.amazon.com/controltower/latest/userguide/what-is-control-tower.html,"Control Tower orchestrates AWS Organizations, AWS Service Catalog and IAM Identity Center to build a landing zone; controls (guardrails) are preventive, detective and proactive; Account Factory is a configurable account template built on Service Catalog provisioned products",2026-09-21,check-B4.4,,B4.4.md,yes
aws-control-tower-service,service,new,https://docs.aws.amazon.com/controltower/latest/userguide/how-controls-work.html,Preventive controls implemented with SCPs and RCPs; detective controls with AWS Config rules; proactive controls with CloudFormation hooks,2026-09-21,check-B4.4,,B4.4.md,yes
aws-control-tower-service,service,new,https://docs.aws.amazon.com/controltower/latest/userguide/how-control-tower-works.html,Security OU holds the Log Archive and Audit shared accounts (landing zone 3.3 and earlier; 4.0 lets you define your own structure); existing organizations are registered and accounts enrolled,2026-09-21,check-B4.4,"card A: 'existing accounts must be enrolled one by one' -> 'an existing organization must be registered and its OUs and accounts enrolled' (docs: register existing organizations, enroll accounts; OU registration enrols in bulk)",B4.4.md,yes
aws-directory-service,service,new,https://docs.aws.amazon.com/directoryservice/latest/admin-guide/what_is.html,"Managed Microsoft AD: actual Windows Server AD, trusts to on-prem AD, MFA, schema extensions, LDAPS, works with RDS for SQL Server; Standard Edition ~30,000 objects, Enterprise ~500,000; AD Connector: proxy forwarding sign-in to on-prem DCs, RADIUS MFA supported, not compatible with RDS SQL Server; Simple AD: Samba 4, no MFA, no trusts, no LDAPS, not compatible with RDS SQL Server; Identity Center pairs with Managed Microsoft AD",2026-09-21,check-B4.4,,B4.4.md,yes
aws-directory-service,service,new,https://docs.aws.amazon.com/directoryservice/latest/admin-guide/directory_ad_connector.html,"AD Connector redirects directory requests to on-premises AD ""without caching any information in the cloud""; does not support transitive trusts; RADIUS-based MFA supported",2026-09-21,check-B4.4,supports card claims 'stores nothing in AWS' and 'cannot form trusts',B4.4.md,yes
aws-directory-service,service,new,https://docs.aws.amazon.com/singlesignon/latest/userguide/manage-your-identity-source-ad.html,IAM Identity Center connects AWS Managed Microsoft AD or a self-managed AD through AD Connector; Samba 4-based Simple AD not supported as connected directory,2026-09-21,check-B4.4,supports card claim that Identity Center uses Managed Microsoft AD or AD Connector,B4.4.md,yes
aws-amazon-mq-service,service,new,https://aws.amazon.com/amazon-mq/faqs/,"Protocols: JMS, NMS, AMQP 0.9.1, AMQP 1.0, STOMP, MQTTv3, WebSocket; ActiveMQ active/standby across AZs; RabbitMQ three-node cluster; storage EFS (durability) or EBS (throughput); brokers run in your VPC",2026-09-21,check-B4.4,,B4.4.md,yes
aws-amazon-mq-service,service,new,https://docs.aws.amazon.com/amazon-mq/latest/developer-guide/amazon-mq-broker-architecture.html,"Active/standby broker = two brokers in two AZs sharing Amazon EFS, one active at a time, two endpoints per protocol, use the ActiveMQ failover transport; reboot failover takes a few seconds",2026-09-21,check-B4.4,,B4.4.md,yes
aws-amazon-mq-service,service,new,https://aws.amazon.com/sqs/faqs/,"""If you are using messaging with existing applications ... consider Amazon MQ ... If you are building brand new applications in the cloud, we recommend you consider Amazon SQS and Amazon SNS""",2026-09-21,check-B4.4,,B4.4.md,yes
aws-amazon-mq-service,service,new,https://docs.aws.amazon.com/amazon-mq/latest/developer-guide/working-with-activemq.html,"Amazon MQ for ActiveMQ protocols: AMQP, MQTT, MQTT over WebSocket, OpenWire, STOMP, STOMP over WebSocket; single-instance or active/standby",2026-09-21,check-B4.4,adds primary source for OpenWire (FAQ does not list it),B4.4.md,yes
aws-amazon-mq-service,service,new,https://docs.aws.amazon.com/amazon-mq/latest/developer-guide/rabbitmq-broker-architecture.html,RabbitMQ cluster deployment = three broker nodes behind a Network Load Balancer across multiple Availability Zones; single-instance = one broker in one AZ,2026-09-21,check-B4.4,supports 'three-node cluster across AZs',B4.4.md,yes
aws-x-ray-service,service,new,https://docs.aws.amazon.com/xray/latest/devguide/xray-concepts.html,"Segments, subsegments, traces grouped by trace ID, service graph/service map; default sampling = first request each second plus five percent of additional requests; annotations indexed (up to 50 per trace), metadata not indexed; Error=4xx, Fault=5xx, Throttle=429; trace and service graph data retained 30 days",2026-09-21,check-B4.4,,B4.4.md,yes
aws-batch-service-card,service,new,https://docs.aws.amazon.com/batch/latest/userguide/what-is-batch.html,"Fully managed, no batch software to install; runs on ECS, EKS, Fargate, ECS Managed Instances, Spot or On-Demand",2026-09-21,check-B4.4,,B4.4.md,yes
aws-batch-service-card,service,new,https://docs.aws.amazon.com/batch/latest/userguide/batch_components.html,"Compute environments (managed/unmanaged; Fargate, EC2, Managed Instances; min/desired/max vCPUs, Spot price threshold), job queues with priorities, job definitions (image, vCPU, memory, IAM role), jobs can depend on other jobs",2026-09-21,check-B4.4,,B4.4.md,yes
aws-batch-service-card,service,new,https://docs.aws.amazon.com/batch/latest/userguide/array_jobs.html,"Array size between 2 and 10,000; AWS_BATCH_JOB_ARRAY_INDEX; dependency types SEQUENTIAL and N_TO_N",2026-09-21,check-B4.4,,B4.4.md,yes
aws-batch-service-card,service,new,https://docs.aws.amazon.com/lambda/latest/dg/gettingstarted-limits.html,"Lambda function timeout 900 seconds (15 minutes); 5,400 seconds only for Lambda Managed Instances async/event-source invocations",2026-09-21,check-B4.4,source for the 15-minute Lambda trap in the card,B4.4.md,yes
aws-lake-formation-service-card,service,new,https://docs.aws.amazon.com/lake-formation/latest/dg/what-is-lake-formation.html,"Permissions at database, table, column, row and cell level enforced by Athena, Quick(Sight), Redshift Spectrum, EMR, Glue; data filters for row/cell security; LF-Tags; cross-account sharing; import from RDS/JDBC sources bulk or incremental; CloudTrail audit logs; custom ETL is Glue",2026-09-21,check-B4.4,,B4.4.md,yes
aws-d4-availability-by-workload-class-mcq-18,mcq,new,https://docs.aws.amazon.com/AmazonRDS/latest/UserGuide/USER_StopInstance.html,"Stopped RDS instance: not charged for instance hours, charged for provisioned storage and backup storage; maximum 7 consecutive days then automatic restart; cannot stop Multi-AZ SQL Server or instances with read replicas",2026-09-21,check-B4.4,,B4.4.md,yes
aws-d4-availability-by-workload-class-mcq-18,mcq,new,https://docs.aws.amazon.com/solutions/latest/instance-scheduler-on-aws/solution-overview.html,Instance Scheduler on AWS stops/starts EC2 and RDS on tag-defined schedules via Lambda; up to 70% savings when weekly utilization drops from 168 to 50 hours,2026-09-21,check-B4.4,"option a and A: the dev tier is an Auto Scaling group, so the schedule now scales the group to zero (Instance Scheduler ASG support) instead of stopping ASG instances; WHY b 'bills every hour' -> 'is paid for every hour' (All Upfront is prepaid)",B4.4.md,yes
aws-d4-availability-by-workload-class-mcq-18,mcq,new,https://docs.aws.amazon.com/AWSEC2/latest/UserGuide/ec2-instance-lifecycle.html,stopped state: instance usage not billed; EBS volumes still charged,2026-09-21,check-B4.4,,B4.4.md,yes
aws-d4-availability-by-workload-class-mcq-18,mcq,new,https://docs.aws.amazon.com/AWSEC2/latest/UserGuide/using-spot-instances.html,"Spot Instance interruption notice gives a two-minute warning; suited to flexible, interruptible work",2026-09-21,check-B4.4,,B4.4.md,yes
aws-d4-availability-by-workload-class-mcq-18,mcq,new,https://aws.amazon.com/rds/faqs/,"Multi-AZ billed at Multi-AZ pricing; ""a Multi-AZ standby cannot serve read requests""",2026-09-21,check-B4.4,,B4.4.md,yes
aws-d4-availability-by-workload-class-mcq-18,mcq,new,https://docs.aws.amazon.com/AmazonRDS/latest/UserGuide/USER_WorkingWithReservedDBInstances.html,Reserved DB instances: one- or three-year term; No Upfront bills discounted hourly rate for every hour within the term regardless of usage; cannot cancel,2026-09-21,check-B4.4,,B4.4.md,yes
aws-d4-availability-by-workload-class-mcq-18,mcq,new,https://docs.aws.amazon.com/solutions/latest/instance-scheduler-on-aws/ec2-auto-scaling-group-scheduling.html,Instance Scheduler schedules EC2 Auto Scaling groups via scheduled scaling actions; stopping sets min-desired-max to 0-0-0 and terminates all instances; starting restores the IS-MinDesiredMax values,2026-09-21,check-B4.4,source for the rewritten option a / A (scale the group to zero),B4.4.md,yes
aws-d4-graviton-or-burstable-choice-mcq-21,mcq,new,https://docs.aws.amazon.com/AWSEC2/latest/UserGuide/burstable-performance-instances-unlimited-mode-concepts.html,"Unlimited mode: no charge while 24-hour average CPU at or below baseline; surplus credits charged at flat rate per vCPU-hour ($0.05 t3.large example); T3 at 100% CPU costs ~1.5x an equivalent M5; t3.large breakeven 42.5%; T8i, T4g, T3a, T3 launch in unlimited mode by default",2026-09-21,check-B4.4,,B4.4.md,yes
aws-d4-graviton-or-burstable-choice-mcq-21,mcq,new,https://aws.amazon.com/ec2/pricing/on-demand/,"T4g unlimited mode surplus CPU credits $0.04 per vCPU-hour (Linux); T2/T3 $0.05 per vCPU-hour Linux, $0.096 Windows",2026-09-21,check-B4.4,,B4.4.md,yes
aws-d4-graviton-or-burstable-choice-mcq-21,mcq,new,https://docs.aws.amazon.com/ec2/latest/instancetypes/gp.html,"T4g = AWS Graviton2 (arm64), burstable with baseline and credits; M7g = Graviton3; t4g.2xlarge 8 vCPU 32 GiB; m7g.16xlarge 64 vCPU 256 GiB",2026-09-21,check-B4.4,,B4.4.md,yes
aws-d4-graviton-or-burstable-choice-mcq-21,mcq,new,https://aws.amazon.com/ec2/graviton/,Graviton-based instances cost up to 20% less than comparable x86-based EC2 instances,2026-09-21,check-B4.4,,B4.4.md,yes
aws-d4-graviton-or-burstable-choice-mcq-21,mcq,new,https://aws.amazon.com/ec2/pricing/dedicated-instances/,Dedicated Instances: per-instance hourly rate plus $2 per hour per Region while at least one Dedicated Instance runs,2026-09-21,check-B4.4,,B4.4.md,yes
aws-d4-instance-family-selection-mcq-19,mcq,new,https://docs.aws.amazon.com/ec2/latest/instancetypes/mo.html,"r7i.16xlarge 512 GiB / 64 vCPU; r7g.16xlarge 512 GiB / 64 vCPU; x2iedn.4xlarge 512 GiB / 16 vCPU; x2idn.16xlarge 2048 GiB / 64 vCPU; u7i-6tb.112xlarge 6,144 GiB; u7inh-32tb.480xlarge 32,768 GiB",2026-09-21,check-B4.4,"smallest U instance is u-3tb1.56xlarge (224 vCPU, 3,072 GiB); card A 'U instances reach 6 to 32 TiB' -> 'run from 3 to 32 TiB'",B4.4.md,yes
aws-d4-instance-family-selection-mcq-19,mcq,new,https://docs.aws.amazon.com/ec2/latest/instancetypes/gp.html,m7i.32xlarge 512 GiB / 128 vCPU; m7i.48xlarge 768 GiB / 192 vCPU; t4g.2xlarge 32 GiB / 8 vCPU,2026-09-21,check-B4.4,,B4.4.md,yes
aws-d4-instance-family-selection-mcq-19,mcq,new,https://docs.aws.amazon.com/ec2/latest/instancetypes/co.html,c7i.48xlarge 384 GiB / 192 vCPU (2 GiB per vCPU); c7g.16xlarge 128 GiB / 64 vCPU,2026-09-21,check-B4.4,,B4.4.md,yes
aws-d4-instance-family-selection-mcq-19,mcq,new,https://docs.aws.amazon.com/ec2/latest/instancetypes/ec2-instance-type-specifications.html,"Category definitions: general purpose, burstable T, compute optimized, memory optimized, storage optimized (local storage), accelerated computing",2026-09-21,check-B4.4,,B4.4.md,yes
aws-d4-instance-size-rightsizing-mcq-20,mcq,new,https://docs.aws.amazon.com/compute-optimizer/latest/ug/what-is-compute-optimizer.html,"Analyses CloudWatch utilization for last 14 days; enhanced infrastructure metrics (paid) extends lookback to 93 days; supports EC2, ASG, EBS, Lambda, ECS Fargate, RDS/Aurora etc.; opt-in required",2026-09-21,check-B4.4,,B4.4.md,yes
aws-d4-instance-size-rightsizing-mcq-20,mcq,new,https://docs.aws.amazon.com/compute-optimizer/latest/ug/view-ec2-recommendations.html,"Finding classifications Under-provisioned / Over-provisioned / Optimized; Graviton (aws-arm64) CPU architecture preference; estimated monthly savings and performance risk columns; recommendations refreshed daily, up to 3 options per instance",2026-09-21,check-B4.4,,B4.4.md,yes
aws-d4-instance-size-rightsizing-mcq-20,mcq,new,https://docs.aws.amazon.com/awssupport/latest/user/cost-optimization-checks.html,"Low Utilization Amazon EC2 Instances (legacy check): 10% or less daily average CPU and 5 MB or less network I/O on at least 4 of the previous 14 days; recommends stopping/terminating or Auto Scaling, no target size",2026-09-21,check-B4.4,,B4.4.md,yes
aws-d4-instance-size-rightsizing-mcq-20,mcq,new,https://docs.aws.amazon.com/savingsplans/latest/userguide/what-is-savings-plans.html,Savings Plans = commitment to a specified amount of compute per hour for a one- or three-year term; save up to 72%; All/Partial/No upfront,2026-09-21,check-B4.4,,B4.4.md,yes
aws-d4-instance-size-rightsizing-mcq-20,mcq,new,https://docs.aws.amazon.com/AWSEC2/latest/UserGuide/using-spot-instances.html,Spot: spare capacity below On-Demand price; two-minute interruption warning; not covered by Savings Plans,2026-09-21,check-B4.4,,B4.4.md,yes
aws-d4-scheduled-vs-predictive-scaling-mcq-17,mcq,new,https://docs.aws.amazon.com/autoscaling/ec2/userguide/predictive-scaling-policy-overview.html,"Needs at least 24 hours of metric data; analyses up to past 14 days; hourly forecast for next 48 hours updated every 6 hours; forecast-only vs forecast-and-scale; SchedulingBufferTime / Pre-launch instances; only scales out, dynamic policies needed to scale in; desired capacity = max across policies",2026-09-21,check-B4.4,,B4.4.md,yes
aws-d4-scheduled-vs-predictive-scaling-mcq-17,mcq,new,https://docs.aws.amazon.com/autoscaling/ec2/userguide/ec2-auto-scaling-predictive-scaling.html,Suited to cyclical traffic and applications that take a long time to initialize; launches capacity ahead of forecasted load versus reactive dynamic scaling; avoids scheduling capacity by hand,2026-09-21,check-B4.4,,B4.4.md,yes
aws-d4-db-backup-retention-cost-mcq-22,mcq,new,https://docs.aws.amazon.com/AmazonRDS/latest/UserGuide/USER_PIT.html,RDS uploads transaction logs to S3 every five minutes; restore to any point in time within the backup retention period; LatestRestorableTime,2026-09-21,check-B4.4,,B4.4.md,yes
aws-d4-db-backup-retention-cost-mcq-22,mcq,new,https://docs.aws.amazon.com/AmazonRDS/latest/UserGuide/USER_WorkingWithAutomatedBackups.BackupRetention.html,"Backup retention period 0 to 35 days (0 disables); default 1 day via CLI/API, 7 days via console; manual snapshot limit 100 per Region does not apply to automated backups",2026-09-21,check-B4.4,,B4.4.md,yes
aws-d4-db-backup-retention-cost-mcq-22,mcq,new,https://docs.aws.amazon.com/AmazonRDS/latest/UserGuide/USER_WorkingWithAutomatedBackups.html,Daily automated backup during backup window; subsequent snapshots incremental; manual snapshots persist until deleted (up to 100 per Region); AWS Backup can manage RDS backups,2026-09-21,check-B4.4,WHY c rewritten: hourly AWS Backup snapshot rule replacing automated backups = 60-minute RPO; continuous backups would be needed again; extra snapshots are added storage,B4.4.md,yes
aws-d4-db-backup-retention-cost-mcq-22,mcq,new,https://aws.amazon.com/rds/faqs/,"Free backup storage up to total provisioned database storage across the Region; charged only beyond that; PITR to any second within retention up to Latest Restorable Time, typically within the last five minutes; retention 0 to 35 days; Multi-AZ standby cannot serve reads",2026-09-21,check-B4.4,,B4.4.md,yes
aws-d4-db-backup-retention-cost-mcq-22,mcq,new,https://docs.aws.amazon.com/aws-backup/latest/devguide/plan-options-and-configuration.html,"AWS Backup snapshot frequency: every hour, 12 hours, daily, weekly, monthly, or cron as often as hourly; continuous backups (PITR) are a separate rule setting with retention 1 to 35 days",2026-09-21,check-B4.4,source for the rewritten WHY c,B4.4.md,yes
aws-d4-db-backup-retention-cost-mcq-22,mcq,new,https://docs.aws.amazon.com/aws-backup/latest/devguide/backup-feature-availability.html,Amazon RDS DB instance (single-AZ and Multi-AZ) supports continuous backup and point-in-time restore in AWS Backup (footnote 12),2026-09-21,check-B4.4,source for the rewritten WHY c,B4.4.md,yes
aws-d4-db-engine-license-cost-mcq-23,mcq,new,https://docs.aws.amazon.com/AmazonRDS/latest/UserGuide/Oracle.Concepts.Licensing.html,License Included supported only for Oracle SE2 (AWS holds the licence); BYOL for EE and SE2 requires your own Oracle licence with Software Update License and Support; BYOL Multi-AZ needs licences for primary and standby,2026-09-21,check-B4.4,,B4.4.md,yes
aws-d4-db-engine-license-cost-mcq-23,mcq,new,https://docs.aws.amazon.com/SchemaConversionTool/latest/userguide/CHAP_Welcome.html,"SCT converts Oracle (10.1+) to Aurora MySQL, Aurora PostgreSQL, MySQL, PostgreSQL, MariaDB; provides guidance where schema cannot be converted automatically; extension pack emulates features with Lambda/Python; can create DMS endpoints/tasks",2026-09-21,check-B4.4,,B4.4.md,yes
aws-d4-db-engine-license-cost-mcq-23,mcq,new,https://docs.aws.amazon.com/dms/latest/oracle-to-aurora-postgresql-migration-playbook/chap-oracle-aurora-pg.sql.stored.html,"""PostgreSQL PL/pgSQL language is often considered the ideal candidate to migrate from Oracle PL/SQL code""; PostgreSQL does not support Oracle packages, SCT converts them to functions named package$procedure; stored procedures: 3-star compatibility, 4-star SCT/DMS automation",2026-09-21,check-B4.4,"card A: unsourced claim 'Aurora MySQL converts less of the PL/SQL automatically' -> 'Aurora MySQL is also an SCT target, but not the one the playbook calls ideal for PL/SQL'; trimmed to 120 words",B4.4.md,yes
aws-d4-db-engine-license-cost-mcq-23,mcq,new,https://docs.aws.amazon.com/dms/latest/userguide/Welcome.html,DMS migrates data after schema conversion; one-time migrations or ongoing replication to keep source and target in sync; creates tables and primary keys only,2026-09-21,check-B4.4,,B4.4.md,yes
aws-d4-db-migration-schema-data-mcq-27,mcq,new,https://docs.aws.amazon.com/SchemaConversionTool/latest/userguide/CHAP_Welcome.html,"SCT converts Microsoft SQL Server (2008 R2 to 2022) to Aurora MySQL, Aurora PostgreSQL, MySQL, PostgreSQL, MariaDB",2026-09-21,check-B4.4,,B4.4.md,yes
aws-d4-db-migration-schema-data-mcq-27,mcq,new,https://docs.aws.amazon.com/dms/latest/userguide/CHAP_Task.CDC.html,"Full load plus CDC and CDC-only task types; for SQL Server DMS uses MS-Replication or MS-CDC and reads the transaction log via fn_dblog/fn_dump_dblog by LSN; CDC is not real-time, latency varies",2026-09-21,check-B4.4,,B4.4.md,yes
aws-d4-db-migration-schema-data-mcq-27,mcq,new,https://docs.aws.amazon.com/dms/latest/userguide/Welcome.html,DMS creates the tables and associated primary keys if they do not exist on the target; schema objects come from DMS Schema Conversion or SCT,2026-09-21,check-B4.4,WHY c: 'DMS creates only tables and primary keys' scoped to 'A DMS replication task'; names SCT or DMS Schema Conversion as the converter of procedures/views/triggers/indexes,B4.4.md,yes
aws-d4-db-migration-schema-data-mcq-27,mcq,new,https://docs.aws.amazon.com/AmazonRDS/latest/UserGuide/SQLServer.Procedural.Importing.html,"Native backup and restore uses .bak files in S3 to restore into RDS for SQL Server; ""If your database can be offline while the backup file is created, copied, and restored, we recommend ... native backup and restore ... If your on-premises database can't be offline, we recommend ... AWS Database Migration Service""; restores up to 64 TiB",2026-09-21,check-B4.4,,B4.4.md,yes
aws-d4-db-migration-schema-data-mcq-27,mcq,new,https://docs.aws.amazon.com/mgn/latest/ug/what-is-application-migration-service.html,"MGN (now AWS Transform MGN) performs continuous block-level replication of physical, virtual and cloud servers and converts them to launch on AWS (EC2); cutover windows of minutes; no database engine conversion",2026-09-21,check-B4.4,"source for WHY d (rehost, lands SQL Server on EC2, not Aurora)",B4.4.md,yes
aws-d4-db-service-choose-two-mcq-25,mcq,new,https://docs.aws.amazon.com/AmazonRDS/latest/AuroraUserGuide/aurora-serverless-v2.html,"Serverless v2 scales in 0.5 ACU increments; suited to variable, multi-tenant, new, dev/test workloads; usage measured per second; can convert provisioned to serverless and back",2026-09-21,check-B4.4,,B4.4.md,yes
aws-d4-db-service-choose-two-mcq-25,mcq,new,https://docs.aws.amazon.com/AmazonRDS/latest/AuroraUserGuide/aurora-serverless-v2-auto-pause.html,"Minimum capacity 0 ACUs enables auto-pause; idle interval min 300 seconds (default) max 86,400 seconds; no instance charge while paused (storage still billed); resume typically ~15 seconds, 30+ seconds after 24 hours paused; requires Aurora PostgreSQL 16.3/15.7/14.12/13.15+ or Aurora MySQL 3.08.0+",2026-09-21,check-B4.4,,B4.4.md,yes
aws-d4-db-service-choose-two-mcq-25,mcq,new,https://aws.amazon.com/rds/aurora/pricing/,1-year Reserved Instances discounts up to 45% and 3-year up to 66% over On-Demand; 1 ACU ~ 2 GiB memory with corresponding CPU and networking; reserved pricing discussed for provisioned instances,2026-09-21,check-B4.4,,B4.4.md,yes
aws-d4-db-service-choose-two-mcq-25,mcq,new,https://docs.aws.amazon.com/AmazonRDS/latest/AuroraUserGuide/USER_WorkingWithReservedDBInstances.html,"Aurora reserved DB instances: one- or three-year term, tied to DB instance class and Region, No Upfront bills discounted rate every hour regardless of usage, size-flexible within class, cannot be cancelled",2026-09-21,check-B4.4,,B4.4.md,yes
aws-d4-bandwidth-vpn-vs-dx-speed-mcq-34,mcq,new,https://docs.aws.amazon.com/vpn/latest/s2svpn/vpn-limits.html,"Standard VPN tunnel up to 1.25 Gbps and 140,000 PPS; large bandwidth tunnel up to 5 Gbps; ECMP on transit gateway requires dynamic routing, not supported with static routing",2026-09-21,check-B4.4,,B4.4.md,yes
aws-d4-bandwidth-vpn-vs-dx-speed-mcq-34,mcq,new,https://docs.aws.amazon.com/vpn/latest/s2svpn/VPNTunnels.html,"Standard bandwidth up to 1.25 Gbps per tunnel (default); Large Bandwidth Tunnel up to 5 Gbps only for Transit Gateway or Cloud WAN attachments, not virtual private gateway; two 5 Gbps tunnels = 10 Gbps, ECMP across connections for more",2026-09-21,check-B4.4,,B4.4.md,yes
aws-d4-bandwidth-vpn-vs-dx-speed-mcq-34,mcq,new,https://aws.amazon.com/vpn/faqs/,Each tunnel up to 1.25 Gbps; multiple VPN connections to the same virtual private gateway bound by aggregate 1.25 Gbps from AWS to on-premises; use Transit Gateway for higher throughput,2026-09-21,check-B4.4,,B4.4.md,yes
aws-d4-bandwidth-vpn-vs-dx-speed-mcq-34,mcq,new,https://docs.aws.amazon.com/vpc/latest/tgw/how-transit-gateways-work.html,Transit Gateway supports ECMP for VPN attachments (VPN ECMP support option); requires BGP; not across different ASNs; Direct Connect gateway attachments ECMP automatically,2026-09-21,check-B4.4,,B4.4.md,yes
aws-d4-bandwidth-vpn-vs-dx-speed-mcq-34,mcq,new,https://docs.aws.amazon.com/directconnect/latest/UserGuide/dedicated_connection.html,"Dedicated port speeds 1, 10, 100, 400 Gbps; up to 72 business hours for AWS to review and provision the port; LOA-CFA needed to order the cross connect; billing starts when port active or 90 days after LOA",2026-09-21,check-B4.4,,B4.4.md,yes
aws-d4-bandwidth-vpn-vs-dx-speed-mcq-34,mcq,new,https://aws.amazon.com/directconnect/pricing/,"Dedicated port-hours: 1 Gbps $0.30/h, 10 Gbps $2.25/h, 100 Gbps $22.50/h; hosted 50 Mbps $0.03/h, 1 Gbps $0.33/h, 10 Gbps $2.48/h; DTO from contiguous US Regions to US DX location $0.02/GB; data transfer in $0.00",2026-09-21,check-B4.4,,B4.4.md,yes
aws-d4-cdn-edge-caching-need-mcq-32,mcq,new,https://aws.amazon.com/cloudfront/pricing/pay-as-you-go/,"Origin fetches from AWS origins (S3, EC2, ELB) free; Always Free 1 TB data transfer out and 10,000,000 requests per month; US/Mexico/Canada next 9 TB $0.085/GB; Price Class All / 200 / 100 definitions",2026-09-21,check-B4.4,,B4.4.md,yes
aws-d4-cdn-edge-caching-need-mcq-32,mcq,new,https://docs.aws.amazon.com/AmazonCloudFront/latest/DeveloperGuide/private-content-restricting-access-to-s3.html,OAC recommended over OAI; bucket policy allows only cloudfront.amazonaws.com service principal conditioned on the distribution ARN,2026-09-21,check-B4.4,,B4.4.md,yes
aws-d4-cdn-edge-caching-need-mcq-32,mcq,new,https://docs.aws.amazon.com/AmazonS3/latest/userguide/transfer-acceleration.html,Transfer Acceleration optimizes transfers into S3 over long distances via CloudFront edge locations; use cases are uploads from around the world; additional data transfer charges may apply,2026-09-21,check-B4.4,,B4.4.md,yes
aws-d4-cdn-edge-caching-need-mcq-32,mcq,new,https://aws.amazon.com/global-accelerator/pricing/,$0.025 per accelerator-hour plus Data Transfer-Premium per GB ($0.007 to $0.105) on top of standard data transfer,2026-09-21,check-B4.4,,B4.4.md,yes
aws-d4-cdn-edge-caching-need-mcq-32,mcq,new,https://docs.aws.amazon.com/global-accelerator/latest/dg/about-endpoints.html,"Standard accelerator endpoints: Network Load Balancers, Application Load Balancers, EC2 instances, Elastic IP addresses (no S3)",2026-09-21,check-B4.4,,B4.4.md,yes
aws-d4-cdn-edge-caching-need-mcq-32,mcq,new,https://aws.amazon.com/global-accelerator/faqs/,"Global Accelerator proxies TCP/UDP packets at the edge, good for non-HTTP and static IP / fast failover; CloudFront caches content; Global Accelerator does not cache",2026-09-21,check-B4.4,,B4.4.md,yes
aws-d4-cdn-edge-caching-need-mcq-32,mcq,new,https://docs.aws.amazon.com/AmazonS3/latest/userguide/replication.html,"CRR copies objects to buckets in other Regions (compliance, latency, efficiency); replicas are stored copies in the destination Region",2026-09-21,check-B4.4,,B4.4.md,yes
aws-d4-network-connection-choice-mcq-29,mcq,new,https://aws.amazon.com/directconnect/pricing/,DTO from contiguous US Regions to a US DX location $0.02 per GB; data transfer in $0.00; hosted 1 Gbps $0.33/h; dedicated 10 Gbps $2.25/h,2026-09-21,check-B4.4,,B4.4.md,yes
aws-d4-network-connection-choice-mcq-29,mcq,new,https://docs.aws.amazon.com/lightsail/latest/userguide/amazon-lightsail-faq-data-transfer-allowance.html,Data transfer OUT to the internet overage in us-east-1/us-east-2/us-west-2: $0.09 USD/GB (AWS internet egress rate for US Regions); data transfer IN free,2026-09-21,check-B4.4,"secondary source; card WHY b and A now cite the tiered internet rate ($0.09/GB first 10 TB, $0.085 next 40 TB) from the VPN pricing example row added below",B4.4.md,yes
aws-d4-network-connection-choice-mcq-29,mcq,new,https://docs.aws.amazon.com/vpn/latest/s2svpn/vpn-limits.html,Standard VPN tunnel up to 1.25 Gbps,2026-09-21,check-B4.4,,B4.4.md,yes
aws-d4-network-connection-choice-mcq-29,mcq,new,https://docs.aws.amazon.com/directconnect/latest/UserGuide/Welcome.html,Two billing elements: port hours and outbound data transfer; private path that avoids internet service providers; hosted connections provisioned by a Direct Connect Partner,2026-09-21,check-B4.4,,B4.4.md,yes
aws-d4-network-connection-choice-mcq-29,mcq,new,https://docs.aws.amazon.com/directconnect/latest/UserGuide/dedicated_connection.html,"Dedicated connection port speeds 1, 10, 100, 400 Gbps",2026-09-21,check-B4.4,,B4.4.md,yes
aws-d4-network-connection-choice-mcq-29,mcq,new,https://aws.amazon.com/vpn/pricing/,"Site-to-Site VPN connection $0.05 per hour; pricing example: data transfer out billed at standard AWS rates, first 10 TB at $0.09 per GB and next 40 TB at $0.085 per GB",2026-09-21,check-B4.4,replaces the Lightsail page as the source for the internet egress rate; card WHY b and A now quote the tiered rate,B4.4.md,yes
aws-d4-network-review-optimizations-mcq-31,mcq,new,https://aws.amazon.com/vpc/pricing/,NAT gateway $0.045 per hour and $0.045 per GB processed (US East); public IPv4 address $0.005 per hour whether in use or idle (unassociated Elastic IPs charged the same),2026-09-21,check-B4.4,,B4.4.md,yes
aws-d4-network-review-optimizations-mcq-31,mcq,new,https://docs.aws.amazon.com/vpc/latest/privatelink/gateway-endpoints.html,"Gateway endpoints for S3 and DynamoDB: ""There is no additional charge for using gateway endpoints""; no internet gateway or NAT device needed; route added via prefix list to selected route tables",2026-09-21,check-B4.4,,B4.4.md,yes
aws-d4-throttling-strategy-mcq-33,mcq,new,https://docs.aws.amazon.com/apigateway/latest/developerguide/api-gateway-api-usage-plans.html,"Usage plans for REST APIs: who can access stages/methods, throttling limit (rate/burst) and quota limit per API key over a time interval; API keys not for authentication; limits are best-effort, use AWS Budgets and WAF for cost control",2026-09-21,check-B4.4,,B4.4.md,yes
aws-d4-throttling-strategy-mcq-33,mcq,new,https://docs.aws.amazon.com/lambda/latest/dg/configuration-concurrency.html,Reserved concurrency sets max (and min) concurrent instances for the function as a whole; reserve up to unreserved account concurrency minus 100; setting 0 stops all invocations,2026-09-21,check-B4.4,,B4.4.md,yes
aws-d4-throttling-strategy-mcq-33,mcq,new,https://docs.aws.amazon.com/waf/latest/developerguide/waf-rule-statement-type-rate-based-aggregation-options.html,"Rate-based rule aggregates by source IP by default; other keys: forwarded IP, ASN, header, cookie, query argument, query string, URI path, HTTP method, JA3/JA4, label namespace; one limit per rule instance",2026-09-21,check-B4.4,"WHY c rewritten: rate-based rule = one threshold per aggregation key over a 1-10 minute window, no per-key daily/monthly quota (a header-keyed rule could tell tiers apart, so the old 'cannot give free callers a low limit' claim was dropped)",B4.4.md,yes
aws-d4-throttling-strategy-mcq-33,mcq,new,https://docs.aws.amazon.com/apigateway/latest/developerguide/http-api-vs-rest.html,"API keys, per-client rate limiting and per-client usage throttling (usage plans): REST API yes, HTTP API no",2026-09-21,check-B4.4,"source for 'usage plans exist for REST APIs, not HTTP APIs'",B4.4.md,yes
aws-d4-throttling-strategy-mcq-33,mcq,new,https://docs.aws.amazon.com/waf/latest/developerguide/waf-rule-statement-type-rate-based-high-level-settings.html,"Rate-based rule evaluation window 60, 120, 300 or 600 seconds (default 300); lowest rate limit 10; the limit applies to each aggregation instance",2026-09-21,check-B4.4,source for the rewritten WHY c (one to ten minute window),B4.4.md,yes
aws-global-infrastructure-security-concept,concept,new,https://docs.aws.amazon.com/IAM/latest/UserGuide/reference_policies_examples_aws_deny-requested-region.html | https://aws.amazon.com/compliance/data-privacy-faq/ | https://docs.aws.amazon.com/kms/latest/developerguide/concepts.html | https://docs.aws.amazon.com/organizations/latest/userguide/orgs_manage_policies_scps_examples_general.html | https://docs.aws.amazon.com/acm/latest/userguide/acm-services.html,aws:RequestedRegion Deny with NotAction exempting cloudfront/iam/organizations/route53/support because these global services have a single endpoint physically in us-east-1; AWS 'will not move or replicate your content outside of your chosen AWS Region(s)' except to provide services you initiated or comply with law; KMS key ID unique within an account and Region (Regional resource),2026-09-21,check-B4.5,verified all claims (NotAction list cloudfront/iam/organizations/route53/support and us-east-1 endpoint; data-privacy FAQ wording; KMS key ID unique per account+Region); added Organizations SCP example and ACM (CloudFront needs cert in us-east-1) URLs; no card text change,B4.5.md,yes
aws-shared-responsibility-model,concept,new,https://aws.amazon.com/compliance/shared-responsibility-model/ | https://docs.aws.amazon.com/AmazonRDS/latest/UserGuide/USER_UpgradeDBInstance.Maintenance.html,"Security OF the cloud = AWS protects hardware, software, networking, facilities; security IN the cloud = customer, determined by services selected: EC2 (IaaS) customer patches guest OS and configures security groups; abstracted services (S3, DynamoDB) AWS operates infrastructure layer, OS and platforms, customer manages data, IAM permissions, encryption options",2026-09-21,check-B4.5,"verified OF/IN wording, EC2 guest-OS patching + security group, abstracted S3/DynamoDB; RDS OS + engine patching by RDS confirmed on RDS maintenance page (URL added); no card text change",B4.5.md,yes
aws-ddos-mitigation-pattern,pattern,new,https://docs.aws.amazon.com/whitepapers/latest/aws-best-practices-ddos-resiliency/mitigation-techniques.html | https://docs.aws.amazon.com/waf/latest/developerguide/ddos-overview.html | https://docs.aws.amazon.com/AmazonCloudFront/latest/DeveloperGuide/LocationsOfEdgeServers.html,"Edge services CloudFront (BP1) + WAF (BP2), Global Accelerator (BP1), Route 53 (BP3), ALB (BP6), security groups/NACLs (BP5), auto scaling (BP7); Shield Advanced: SRT 24x7 (requires Business Support+ or Enterprise Support), automatic application layer DDoS mitigation, cost protection for scaling-related costs, WAF request coverage included; requests rejected by CloudFront or WAF are not charged for HTTP requests or data transfer out",2026-09-21,check-B4.5,"verified Shield Standard automatic/no charge, SRT needs Business Support+ or Enterprise Support, cost protection, automatic app-layer mitigation, rejected requests not charged; FIX: 'allow only the CloudFront or ALB security group' was wrong (CloudFront has no security group) -> instances admit only the ALB security group, ALB admits only the CloudFront managed prefix list (URL added); dropped 'Push the edge out:' to stay within 120 words",B4.5.md,yes
aws-sqli-owasp-waf-pattern,pattern,new,https://docs.aws.amazon.com/waf/latest/developerguide/aws-managed-rule-groups-baseline.html | https://docs.aws.amazon.com/waf/latest/developerguide/aws-managed-rule-groups-use-case.html,"Core rule set AWSManagedRulesCommonRuleSet WCU 700 covers OWASP Top 10 vulnerabilities incl. CrossSiteScripting_* and GenericLFI_* (path traversal ../../) rules; SQL database rule group AWSManagedRulesSQLiRuleSet WCU 200 inspects query arguments, body, cookie, header and URI path for SQL injection; rule action Block; labels recorded to CloudWatch",2026-09-21,check-B4.5,"verified CRS covers OWASP Top 10 incl. CrossSiteScripting_* and GenericLFI_* (../../), SQLi rule set inspects query args/body/cookie/header/URI path, labels recorded to CloudWatch metrics; no card text change",B4.5.md,yes
aws-containerize-migration-path,concept,new,https://docs.aws.amazon.com/app2container/latest/UserGuide/what-is-a2c.html | https://docs.aws.amazon.com/AmazonECS/latest/developerguide/efs-volumes.html,"App2Container containerizes ASP.NET (Windows) and Java (Linux) apps, generates Dockerfile and ECR image, deploys to ECS/EKS/App Runner; page banner: no longer open to new customers, sign up prior to November 7 2025, AWS Transform is the successor; ECS supports EFS file systems as task volumes on EC2 and Fargate (platform 1.4.0+) so tasks share persistent storage regardless of host",2026-09-21,check-B4.5,"verified A2C banner (sign up prior to November 7, 2025; AWS Transform successor), Java/ASP.NET, ECS/EKS/App Runner; EFS volumes on Fargate 1.4.0+; no card text change",B4.5.md,yes
aws-horizontal-vs-vertical-scaling,concept,new,https://docs.aws.amazon.com/AWSEC2/latest/UserGuide/change-instance-type-of-ebs-backed-instance.html | https://docs.aws.amazon.com/AmazonRDS/latest/UserGuide/USER_ModifyInstance.Settings.html | https://docs.aws.amazon.com/AmazonRDS/latest/AuroraUserGuide/aurora-serverless-v2.how-it-works.html,"EC2: 'You must stop your instance before you can change its instance type' (EBS-backed); RDS settings table row DB instance class: 'Downtime occurs during this change', page notes Multi-AZ can minimize downtime when modifying the DB instance",2026-09-21,check-B4.5,"verified EC2 'You must stop your instance before you can change its instance type' and RDS DB instance class 'Downtime occurs during this change', Multi-AZ minimises; FIX: 'writes stay on one node until you move to Aurora Serverless v2 or DynamoDB' implied Serverless v2 removes the single writer; rewritten: Serverless v2 resizes the writer in place without interrupting connections (verified on Aurora page, URL added), only DynamoDB removes the single-writer ceiling",B4.5.md,yes
aws-managed-vs-self-hosted-rule,concept,new,https://aws.amazon.com/amazon-mq/faqs/ | https://docs.aws.amazon.com/scheduler/latest/UserGuide/what-is-scheduler.html | https://aws.amazon.com/aws-transfer-family/pricing/,"Amazon MQ = managed broker for Apache ActiveMQ and RabbitMQ, supports JMS, AMQP, STOMP, MQTT, WebSocket; use case 'migrate existing message brokers without rewriting messaging code', self-run on EC2 for custom plugins/configurations; EventBridge Scheduler: serverless, cron and rate expressions or one-time, invokes more than 270 AWS services and over 6,000 API operations; Transfer Family protocols SFTP, FTPS, FTP, AS2",2026-09-21,check-B4.5,"verified Amazon MQ engines ActiveMQ/RabbitMQ, JMS/AMQP/STOMP/MQTT/WebSocket, migrate without rewriting messaging code, self-host on EC2 for custom plugins; Scheduler serverless, cron/rate/one-time, 270+ services; Transfer Family SFTP/FTPS/FTP/AS2 to S3/EFS; no card text change",B4.5.md,yes
aws-microservice-design-principles,concept,new,https://docs.aws.amazon.com/whitepapers/latest/microservices-on-aws/distributed-data-management.html | https://docs.aws.amazon.com/elasticloadbalancing/latest/application/sticky-sessions.html,"Whitepaper: traditional apps share a single database, each microservice maintains its own data (distributed data management), trade-off eventual consistency, Saga pattern for compensating actions, event sourcing + CQRS; ALB sticky sessions route requests from the same client to the same target (duration-based AWSALB cookie or application-based)",2026-09-21,check-B4.5,"verified whitepaper distributed data management, eventual consistency, Saga, event sourcing/CQRS; ALB sticky sessions (AWSALB, app cookie; on target failure session re-stuck to a new target); no card text change",B4.5.md,yes
aws-multi-tier-architecture,concept,new,https://docs.aws.amazon.com/vpc/latest/userguide/subnet-route-tables.html | https://docs.aws.amazon.com/vpc/latest/userguide/nat-gateway-basics.html,Route to 0.0.0.0/0 via internet gateway is what makes a subnet public; private subnets egress through NAT gateway; NAT gateway is zonal so one per AZ for resiliency; security-group-referencing behaviour already on live card aws-security-group-referencing (no new number stated),2026-09-21,check-B4.5,"verified IGW route makes subnet public, zonal NAT gateway per AZ; layout claims are architectural, no numbers; no card text change",B4.5.md,yes
aws-rest-api-on-api-gateway,pattern,new,https://docs.aws.amazon.com/apigateway/latest/developerguide/api-gateway-execution-service-limits-table.html | https://docs.aws.amazon.com/apigateway/latest/developerguide/api-gateway-api-integration-types.html | https://docs.aws.amazon.com/apigateway/latest/developerguide/set-up-private-integration.html | https://docs.aws.amazon.com/apigateway/latest/developerguide/apigateway-private-apis.html,"Integration timeout 50 milliseconds - 29 seconds for all integration types; footnote: can be raised above 29 seconds (Regional and private APIs, 'Yes *') but might require a reduction in the Region-level throttle quota; payload size 10 MB; integration types AWS, AWS_PROXY, HTTP, HTTP_PROXY, MOCK; private integration = HTTP proxy integration with VPC link V2 to an NLB or ALB (connection-type VPC_LINK); private API callable only via interface VPC endpoint, resource policy with aws:SourceVpc/aws:SourceVpce",2026-09-21,check-B4.5,"verified integration timeout 50 ms-29 s, raisable above 29 s only for Regional and private APIs (edge-optimized No) possibly reducing Region-level throttle quota, payload 10 MB, integration types AWS/AWS_PROXY/HTTP/HTTP_PROXY/MOCK, VPC link V2 to NLB or ALB via HTTP_PROXY + VPC_LINK, private API needs execute-api interface endpoint and resource policy before deploy; no card text change",B4.5.md,yes
aws-distributed-design-patterns,concept,new,https://docs.aws.amazon.com/sdkref/latest/guide/feature-retry-behavior.html | https://docs.aws.amazon.com/AWSSimpleQueueService/latest/SQSDeveloperGuide/using-messagededuplicationid-property.html | https://docs.aws.amazon.com/wellarchitected/latest/reliability-pillar/rel_fault_isolation_use_bulkhead.html,"SDK standard mode: exponential backoff with full jitter, delay = random(0,1) x min(20,000 ms, base_delay x 2^retry), cap 20 seconds, max attempts 3, retry quota token bucket of 500 tokens stops retries when failures are widespread; SQS FIFO MessageDeduplicationId 5-minute deduplication window; REL10-BP03 bulkhead/cell-based architecture limits scope of impact, cells partitioned by key",2026-09-21,check-B4.5,"verified SDK formula delay = random(0,1) x min(20,000 ms, base_delay x 2^retry), cap 20 s, quota 500 tokens; FIX: quota 'stops retrying when most requests are failing' -> 'when failures are widespread' (doc: drains above ~22% sustained transient failures); SQS FIFO 5-minute window and REL10-BP03 verified",B4.5.md,yes
aws-route-tables-ha-angle,concept,new,https://docs.aws.amazon.com/vpc/latest/userguide/nat-gateway-basics.html | https://docs.aws.amazon.com/vpc/latest/userguide/subnet-route-tables.html | https://docs.aws.amazon.com/vpc/latest/userguide/nat-gateways-regional.html | https://docs.aws.amazon.com/vpc/latest/userguide/WorkWithRouteTables.html,"'Each NAT gateway is created in a specific Availability Zone ... If you have resources in multiple Availability Zones and they share one NAT gateway, and if the NAT gateway's Availability Zone is down, resources in the other Availability Zones lose internet access ... create a NAT gateway in each Availability Zone, and configure your routing to ensure that resources use the NAT gateway in the same Availability Zone'; each subnet associated with exactly one route table (main by default); local route added by default to all route tables; longest prefix match; regional NAT gateway expands across AZs automatically, no public subnet required",2026-09-21,check-B4.5,"verified NAT gateway zonal statement, one NAT gateway per AZ, one route table per subnet (main by default), local route default, longest prefix match, regional NAT gateway auto-expands with no public subnet; ADDED must_teach item: virtual private gateway route propagation (URL added); first two sentences tightened to stay within 120 words",B4.5.md,yes
aws-quick-service-card,service,new,https://aws.amazon.com/quick/quicksight/pricing/ | https://docs.aws.amazon.com/quicksight/latest/user/supported-data-sources.html,"Product now named Amazon Quick Sight, the BI capability of Amazon Quick; Author $24 per user/month, Reader $3 per user/month, 10 GB SPICE per author included, extra SPICE $0.38 per GB/month, capacity pricing 500 sessions for $250/month; positioned as serverless; supported sources include Athena, Aurora, Redshift, Redshift Spectrum, S3, OpenSearch Service, RDS engines (MySQL/PostgreSQL/SQL Server/Oracle/MariaDB), Timestream",2026-09-21,check-B4.5,"verified Amazon Quick Sight naming, serverless, Author $24 / Reader $3 per user-month, 10 GB SPICE per author, $0.38 per extra GB, capacity 500 sessions $250/month, sources Athena/Aurora/Redshift/RDS engines/S3/OpenSearch; no card text change",B4.5.md,yes
aws-data-ingestion-patterns-frequency,concept,new,https://docs.aws.amazon.com/firehose/latest/APIReference/API_BufferingHints.html | https://aws.amazon.com/datasync/pricing/,"Firehose BufferingHints IntervalInSeconds min 0 max 900 default 300; SizeInMBs min 1 max 128 default 5; DataSync per-GB pricing confirms it is a bulk transfer service (Basic $0.0125/GB); Kinesis Data Streams sub-second, replay and multiple consumers already verified on live card aws-kinesis-data-streams-vs-firehose",2026-09-21,check-B4.5,"verified BufferingHints IntervalInSeconds 0-900 default 300, SizeInMBs 1-128 default 5 (card says 0-900 s, correct vs backlog 60-900), DataSync $0.0125/GB Basic; no card text change",B4.5.md,yes
aws-secure-ingestion-access-points,concept,new,https://docs.aws.amazon.com/streams/latest/dev/vpc.html | https://docs.aws.amazon.com/firehose/latest/dev/vpc.html | https://docs.aws.amazon.com/transfer/latest/userguide/create-server-in-vpc.html | https://docs.aws.amazon.com/lake-formation/latest/dg/what-is-lake-formation.html,"Kinesis Data Streams interface VPC endpoints (PrivateLink) keep traffic off the internet, endpoint policies and IAM aws:sourceVpce condition restrict a stream to one endpoint; Firehose interface VPC endpoint com.amazonaws.region.kinesis-firehose needs no internet or NAT gateway; Transfer Family VPC hosted endpoint internal or internet-facing with Elastic IPs and security groups for source IP control (only SFTP and FTPS internet-facing); Lake Formation enforces column, row and cell-level permissions across Athena, Quick, Redshift Spectrum, EMR, Glue",2026-09-21,check-B4.5,"verified Kinesis interface endpoints need no IGW/NAT, IAM Deny with aws:sourceVpce condition, Firehose endpoint com.amazonaws.region.kinesis-firehose, Transfer Family VPC hosted internal or internet-facing with Elastic IPs and security groups (SFTP/FTPS only internet-facing), Lake Formation column/row/cell across Athena, Quick, Redshift Spectrum, EMR, Glue; no card text change",B4.5.md,yes
aws-d4-cost-features-storage-tags-billing,concept,new,https://docs.aws.amazon.com/awsaccountbilling/latest/aboutv2/activating-tags.html | https://docs.aws.amazon.com/awsaccountbilling/latest/aboutv2/cost-alloc-tags.html | https://docs.aws.amazon.com/awsaccountbilling/latest/aboutv2/cost-allocation-backfill.html | https://docs.aws.amazon.com/awsaccountbilling/latest/aboutv2/useconsolidatedbilling-effective.html | https://docs.aws.amazon.com/AmazonS3/latest/userguide/storage_lens.html,"Tag keys take up to 24 hours to appear and up to 24 hours to activate; only the management account (or standalone accounts) has the cost allocation tags manager; backfill of up to twelve months available to management account and only for tags historically present on the resource; consolidated billing combines usage from all accounts to determine volume pricing tiers (S3 and Data Transfer named), worked example 8 TB + 4 TB reaching the next tier; Storage Lens gives organization-wide storage metrics by storage class with cost-optimization recommendations",2026-09-21,check-B4.5,"verified only management account has cost allocation tags manager, up to 24 h to appear + 24 h to activate, backfill up to twelve months only for tags historically on the resource, consolidated billing combines usage for volume tiers (S3, Data Transfer named); no card text change",B4.5.md,yes
aws-d4-hybrid-storage-options,concept,new,https://aws.amazon.com/storagegateway/pricing/ | https://aws.amazon.com/about-aws/whats-new/2016/11/aws-storage-gateway-price-reductions/ | https://aws.amazon.com/datasync/pricing/ | https://aws.amazon.com/aws-transfer-family/pricing/ | https://aws.amazon.com/storagegateway/faqs/,"Storage Gateway $0.01 per GB written up to a maximum of $125.00 per gateway per month, first 100 GB per account free; DataSync Basic mode $0.0125/GB, Enhanced mode $0.015/GB plus $0.55 per task execution; Transfer Family $0.30 per hour per enabled protocol (SFTP/FTPS/FTP/AS2) and $0.04 per GB uploaded/downloaded; S3 File Gateway exposes NFS/SMB with local cache, Volume Gateway iSCSI cached/stored, Tape Gateway VTL",2026-09-21,check-B4.5,"verified Storage Gateway $0.01/GB written (pricing JSON UploadedBytes Tier 1) capped $125/gateway/month, DataSync Basic $0.0125/GB, Transfer Family $0.30/h per protocol + $0.04/GB; FIX: AS2 was listed under the $0.04/GB rate but AS2 bills per message ($0.01/message first 100,000) -> 'SFTP, FTPS or FTP endpoint ... (AS2 bills per message instead)'; closing sentence and DataSync clause tightened to 120 words",B4.5.md,yes
aws-d4-storage-types-object-file-block,concept,new,https://aws.amazon.com/ebs/pricing/ | https://aws.amazon.com/efs/pricing/ | https://aws.amazon.com/s3/pricing/ | https://aws.amazon.com/fsx/windows/pricing/,"EBS charged by the amount of GB you provision per month, gp3 $0.08 per GB-month US East with 3,000 IOPS and 125 MB/s included; EFS pay only for storage you use, no minimum fee; S3 Standard first 50 TB $0.023 per GB-month US East with lower tiers above, PUT/COPY/POST $0.005 per 1,000 requests, GET $0.0004 per 1,000",2026-09-21,check-B4.5,"verified EBS charged per provisioned GB, gp3 $0.08/GB-month us-east-1, EFS pay only for storage used, S3 Standard $0.023/GB first 50 TB, PUT $0.005/1,000, GET $0.0004/1,000; FSx billed per provisioned GB-month (URL added); no card text change",B4.5.md,yes
aws-d4-cost-features-compute-tags-sharing,concept,new,https://docs.aws.amazon.com/awsaccountbilling/latest/aboutv2/ri-behavior.html | https://docs.aws.amazon.com/awsaccountbilling/latest/aboutv2/ri-turn-off.html | https://docs.aws.amazon.com/awsaccountbilling/latest/aboutv2/consolidatedbilling-other.html | https://docs.aws.amazon.com/awsaccountbilling/latest/aboutv2/cost-alloc-tags.html | https://docs.aws.amazon.com/AWSEC2/latest/UserGuide/concepts-reserved-instances-application.html,Consolidated billing treats all accounts as one so all accounts receive the hourly cost benefit of RIs purchased by any account; commitments benefit the owner account first then other accounts; management account can deactivate sharing per account or use Prioritized/Restricted group sharing via Cost Categories; RIs and Savings Plans cannot be shared across multiple AWS Organizations; EC2 RI example: other account benefits only if it launches in the same Availability Zone as the zonal RI; AWS-generated aws:createdBy tag must be activated separately from user-defined tags,2026-09-21,check-B4.5,"verified consolidated billing shares RI/SP hourly benefit, owner account first then others, management account deactivates per account, Prioritized/Restricted groups via Cost Categories, no sharing across Organizations, zonal RI benefit only in same AZ name; 'capacity reservation stays with the purchaser' confirmed on EC2 RI billing page (URL added); aws:createdBy activated separately; no card text change",B4.5.md,yes
aws-d4-cost-tools-compute-angle,concept,new,https://docs.aws.amazon.com/cost-management/latest/userguide/sp-recommendations.html | https://docs.aws.amazon.com/cost-management/latest/userguide/budgets-managing-costs.html | https://docs.aws.amazon.com/cost-management/latest/userguide/ce-rightsizing.html | https://docs.aws.amazon.com/cost-management/latest/userguide/cost-optimization-hub.html | https://aws.amazon.com/premiumsupport/plans/ | https://docs.aws.amazon.com/savingsplans/latest/userguide/sp-rec-calculations.html | https://docs.aws.amazon.com/cur/latest/userguide/amortized-reservation.html,"Savings Plans recommendations based on past 7, 30 or 60 days of On-Demand usage; Budgets types include RI/Savings Plans utilization and coverage budgets, example alert when utilization drops below 80 percent for a day, notifications via email or SNS; Cost Explorer rightsizing recommendations identify idle/underutilized EC2 instances (AWS now recommends Cost Optimization Hub, which consolidates rightsizing, idle resource, Savings Plans and RI recommendations across accounts and Regions, rightsizing supplied by Compute Optimizer); Trusted Advisor full set of checks on Business Support+, Enterprise Support and Unified Operations; Basic gets core checks only",2026-09-21,check-B4.5,"verified lookback 7/30/60 days on On-Demand usage (Savings Plans guide URL added), Budgets RI/SP utilization and coverage budgets with 80 percent example via email/SNS, Cost Explorer rightsizing (idle/underutilized, points to Cost Optimization Hub), Hub consolidates rightsizing/idle/SP/RI across accounts and Regions with rightsizing from Compute Optimizer, CUR amortized reservation columns (URL added), Trusted Advisor full checks on Business Support+ and above, Basic core checks; no card text change",B4.5.md,yes
aws-cdn-edge-caching-pattern,pattern,new,https://docs.aws.amazon.com/AmazonCloudFront/latest/DeveloperGuide/Expiration.html,Default TTL is 24 hours when the origin sends no Cache-Control max-age; Cache-Control max-age / s-maxage / Expires and min/max/default TTL interaction table,2026-09-21,check-B4.6,"A: ""stay cached 24 hours"" reworded to ""for the 24-hour default TTL"" (Expiration.html: default TTL 24 h applies when origin sends no Cache-Control max-age)",B4.6.md,yes
aws-cdn-edge-caching-pattern,pattern,new,https://docs.aws.amazon.com/AmazonCloudFront/latest/DeveloperGuide/understanding-the-cache-key.html,Default cache key = distribution domain name + URL path only; adding query strings/headers/cookies via cache policy can cache duplicate objects and lower hit ratio; origin request policy forwards values without adding them to the key,2026-09-21,check-B4.6,"A: ""stay cached 24 hours"" reworded to ""for the 24-hour default TTL"" (Expiration.html: default TTL 24 h applies when origin sends no Cache-Control max-age)",B4.6.md,yes
aws-cdn-edge-caching-pattern,pattern,new,https://docs.aws.amazon.com/AmazonCloudFront/latest/DeveloperGuide/origin-shield.html,Origin Shield = additional caching layer between regional edge caches and origin; consolidates duplicate requests into as few as one origin request; better cache hit ratio; not a fit for dynamic/low-cacheability content,2026-09-21,check-B4.6,"A: ""stay cached 24 hours"" reworded to ""for the 24-hour default TTL"" (Expiration.html: default TTL 24 h applies when origin sends no Cache-Control max-age)",B4.6.md,yes
aws-cdn-edge-caching-pattern,pattern,new,https://docs.aws.amazon.com/AmazonCloudFront/latest/DeveloperGuide/DownloadDistS3AndCustomOrigins.html,"Supported origins: S3 bucket, MediaStore, MediaPackage, ALB, NLB, Lambda function URL, EC2 or any custom HTTP(S) server (on AWS or elsewhere), API Gateway as custom origin",2026-09-21,check-B4.6,"A: ""stay cached 24 hours"" reworded to ""for the 24-hour default TTL"" (Expiration.html: default TTL 24 h applies when origin sends no Cache-Control max-age)",B4.6.md,yes
aws-dr-backup-and-restore,pattern,new,https://docs.aws.amazon.com/wellarchitected/latest/reliability-pillar/rel_planning_for_recovery_disaster_recovery.html,"Backup and restore (RPO in hours, RTO in 24 hours or less); pilot light (RPO minutes, RTO tens of minutes); warm standby (RPO seconds, RTO minutes); strategies listed in increasing cost and decreasing RTO/RPO; deploy infrastructure with IaC then restore data",2026-09-21,check-B4.6,,B4.6.md,yes
aws-dr-backup-and-restore,pattern,new,https://docs.aws.amazon.com/whitepapers/latest/disaster-recovery-workloads-on-aws/disaster-recovery-options-in-the-cloud.html,"Backup and restore: AWS Backup covers EBS, EC2, RDS/Aurora, DynamoDB, EFS, Storage Gateway, FSx and supports copying backups across Regions; S3 CRR for objects; AMIs can be copied across Regions; redeploy infrastructure with CloudFormation/CDK; restore is not automatic (schedule test restores)",2026-09-21,check-B4.6,,B4.6.md,yes
aws-db-instance-types-pattern,pattern,new,https://docs.aws.amazon.com/AmazonRDS/latest/UserGuide/Concepts.DBInstanceClass.Types.html,"db.m = general purpose balanced compute/memory; db.r/db.x/db.z = memory-optimized; db.t = burstable baseline with burst to full CPU, db.t3 and db.t4g configured for Unlimited mode (burst beyond baseline for additional charge), db.t2 recommended only for dev/test/non-production; g suffix (db.m6g, db.r6g) = AWS Graviton",2026-09-21,check-B4.6,"A: ""a Multi-AZ standby cannot serve reads"" scoped to ""a Multi-AZ DB instance's standby"" (Multi-AZ DB clusters have readable standbys); trimmed ""processors""/""which suits"" to hold 120 words",B4.6.md,yes
aws-db-instance-types-pattern,pattern,new,https://docs.aws.amazon.com/AmazonRDS/latest/UserGuide/USER_ModifyInstance.Settings.html,DB instance class change: 'Downtime occurs during this change'; applied immediately or in the next maintenance window,2026-09-21,check-B4.6,"A: ""a Multi-AZ standby cannot serve reads"" scoped to ""a Multi-AZ DB instance's standby"" (Multi-AZ DB clusters have readable standbys); trimmed ""processors""/""which suits"" to hold 120 words",B4.6.md,yes
aws-db-instance-types-pattern,pattern,new,https://aws.amazon.com/rds/faqs/,"Multi-AZ scaling: 'These operations occur first on the standby, prior to automatic failover. As a result, your availability impact is limited to the time required for automatic failover to complete.'",2026-09-21,check-B4.6,"A: ""a Multi-AZ standby cannot serve reads"" scoped to ""a Multi-AZ DB instance's standby"" (Multi-AZ DB clusters have readable standbys); trimmed ""processors""/""which suits"" to hold 120 words",B4.6.md,yes
aws-db-instance-types-pattern,pattern,new,https://docs.aws.amazon.com/AmazonRDS/latest/UserGuide/USER_ReadRepl.html,"Read replica = read-only copy, replication is asynchronous, for read-heavy scale-out; must be created manually (no autoscaling of replicas); Multi-AZ standby cannot serve read traffic",2026-09-21,check-B4.6,"A: ""a Multi-AZ standby cannot serve reads"" scoped to ""a Multi-AZ DB instance's standby"" (Multi-AZ DB clusters have readable standbys); trimmed ""processors""/""which suits"" to hold 120 words",B4.6.md,yes
aws-d4-pat-cost-allocation-tags,pattern,new,https://docs.aws.amazon.com/awsaccountbilling/latest/aboutv2/cost-alloc-tags.html,AWS-generated and user-defined tags must be activated separately before they appear in Cost Explorer/reports; all tags can take up to 24 hours to appear; only the management account (or a standalone account) has access to the cost allocation tags manager,2026-09-21,check-B4.6,,B4.6.md,yes
aws-d4-pat-cost-allocation-tags,pattern,new,https://docs.aws.amazon.com/awsaccountbilling/latest/aboutv2/aws-tags.html,AWS-generated tag key is aws:createdBy; management account must activate it; applied only to resources created after activation; user-defined tags carry the user: prefix in the report,2026-09-21,check-B4.6,,B4.6.md,yes
aws-d4-pat-cost-allocation-tags,pattern,new,https://docs.aws.amazon.com/awsaccountbilling/latest/aboutv2/cost-allocation-backfill.html,Management account can request a backfill for up to twelve months; backfilled data available only where the resource historically carried the tag; one backfill request per 24 hours,2026-09-21,check-B4.6,,B4.6.md,yes
aws-d4-pat-cost-allocation-tags,pattern,new,https://docs.aws.amazon.com/awsaccountbilling/latest/aboutv2/custom-tags.html,User-defined tags activated in Billing console; report includes tagged and untagged resources; user: prefix,2026-09-21,check-B4.6,,B4.6.md,yes
aws-d4-pat-cost-allocation-tags,pattern,new,https://docs.aws.amazon.com/organizations/latest/userguide/orgs_manage_policies_tag-policies.html,Tag policies standardize tag keys/values across organization accounts and can enforce (prevent) noncompliant tagging operations; untagged resources are not evaluated (hence SCP needed to require a tag at creation),2026-09-21,check-B4.6,,B4.6.md,yes
aws-d4-pat-storage-auto-scaling,pattern,new,https://docs.aws.amazon.com/AmazonRDS/latest/UserGuide/USER_PIOPS.Autoscaling.html,"Autoscaling triggers when free space <= 10 percent of allocated storage for at least five minutes and fewer than four modifications in past 24 hours; increment = greater of 10 GiB, 10 percent, or predicted 7-hour growth; maximum storage threshold default 1,000 GiB; autoscaling cannot decrease storage; shrink via blue/green deployment or new instance with lower storage plus data migration",2026-09-21,check-B4.6,,B4.6.md,yes
aws-d4-pat-storage-auto-scaling,pattern,new,https://docs.aws.amazon.com/ebs/latest/userguide/ebs-modify-volume.html,"Elastic Volumes: increase size, change type, adjust performance without detaching; you can't decrease the volume size (create smaller volume and migrate with rsync/robocopy); up to four modifications per rolling 24 hours",2026-09-21,check-B4.6,,B4.6.md,yes
aws-d4-pat-storage-auto-scaling,pattern,new,https://docs.aws.amazon.com/ebs/latest/userguide/general-purpose.html,"gp3 scales performance independently of volume size; baseline 3,000 IOPS and 125 MiB/s included; gp2 performance scales with size at 3 IOPS per GiB",2026-09-21,check-B4.6,,B4.6.md,yes
aws-d4-pat-storage-auto-scaling,pattern,new,https://docs.aws.amazon.com/amazondynamodb/latest/developerguide/ServiceQuotas.html,'There is no practical limit on a table's size. Tables are unconstrained in terms of the number of items or the number of bytes.',2026-09-21,check-B4.6,,B4.6.md,yes
aws-d4-pat-storage-auto-scaling,pattern,new,https://docs.aws.amazon.com/efs/latest/ug/whatisefs.html,"EFS is serverless, fully elastic, growing and shrinking automatically as you add and remove files; no provisioning of capacity",2026-09-21,check-B4.6,,B4.6.md,yes
aws-d4-pat-ec2-hibernation,pattern,new,https://docs.aws.amazon.com/AWSEC2/latest/UserGuide/Hibernate.html,Hibernation saves RAM to EBS root volume; not charged for instance usage while stopped (hibernated); charged for EBS storage including RAM contents; pre-warm use case for long-bootstrap apps,2026-09-21,check-B4.6,"A: added ""(an Auto Scaling warm pool can hibernate its own instances)"" so the ASG restriction is not read as ""no hibernation with Auto Scaling""; trimmed wording to hold 120 words",B4.6.md,yes
aws-d4-pat-ec2-hibernation,pattern,new,https://docs.aws.amazon.com/AWSEC2/latest/UserGuide/hibernating-prerequisites.html,"Enable at launch for On-Demand or Spot; cannot enable on an existing instance; Linux RAM must be less than 150 GiB, Windows <= 16 GiB; root volume must be EBS, encrypted, large enough to store RAM; Spot request must be persistent",2026-09-21,check-B4.6,"A: added ""(an Auto Scaling warm pool can hibernate its own instances)"" so the ASG restriction is not read as ""no hibernation with Auto Scaling""; trimmed wording to hold 120 words",B4.6.md,yes
aws-d4-pat-ec2-hibernation,pattern,new,https://docs.aws.amazon.com/AWSEC2/latest/UserGuide/instance-hibernate-overview.html,Not supported hibernated more than 60 days; instance store data lost; public IPv4 released and new one assigned on start; Elastic IP retained and charged; cannot hibernate an instance in an Auto Scaling group or used by ECS,2026-09-21,check-B4.6,"A: added ""(an Auto Scaling warm pool can hibernate its own instances)"" so the ASG restriction is not read as ""no hibernation with Auto Scaling""; trimmed wording to hold 120 words",B4.6.md,yes
aws-d4-pat-aurora-io-optimized-and-licensing,pattern,new,https://docs.aws.amazon.com/AmazonRDS/latest/AuroraUserGuide/Aurora.Overview.StorageReliability.html,"Aurora Standard = pay per 1 million I/O requests on top of usage/storage, best when I/O < 25 percent of spend; I/O-Optimized = no I/O charges, best when I/O >= 25 percent of spend; switch Standard -> I/O-Optimized once every 30 days; switch I/O-Optimized -> Standard at any time",2026-09-21,check-B4.6,"A: Dedicated Hosts aside now says ""Microsoft licences bought before October 2019"" (aws.amazon.com/windows/resources/licensing: non-SA licences allowed on Dedicated Hosts only if purchased before 1 Oct 2019); dropped ""For the commercial engine,"" to hold 120 words",B4.6.md,yes
aws-d4-pat-aurora-io-optimized-and-licensing,pattern,new,https://aws.amazon.com/rds/aurora/pricing/,Standard I/O $0.20 per 1 million I/Os; I/O-Optimized $0 for I/O; instance about 30 percent higher (db.r6i.large $0.29 Standard vs $0.377 I/O-Optimized per hour); storage $0.10 vs $0.225 per GB-month (US East); save up to 40 percent when I/O exceeds 25 percent of spend,2026-09-21,check-B4.6,"A: Dedicated Hosts aside now says ""Microsoft licences bought before October 2019"" (aws.amazon.com/windows/resources/licensing: non-SA licences allowed on Dedicated Hosts only if purchased before 1 Oct 2019); dropped ""For the commercial engine,"" to hold 120 words",B4.6.md,yes
aws-d4-pat-aurora-io-optimized-and-licensing,pattern,new,https://docs.aws.amazon.com/AmazonRDS/latest/UserGuide/Oracle.Concepts.Licensing.html,RDS for Oracle: License Included only for SE2 (AWS holds the licence); BYOL for EE and SE2 requires your own Oracle licence with Software Update License and Support; BYOL Multi-AZ needs licences for primary and standby,2026-09-21,check-B4.6,"A: Dedicated Hosts aside now says ""Microsoft licences bought before October 2019"" (aws.amazon.com/windows/resources/licensing: non-SA licences allowed on Dedicated Hosts only if purchased before 1 Oct 2019); dropped ""For the commercial engine,"" to hold 120 words",B4.6.md,yes
aws-d4-pat-aurora-io-optimized-and-licensing,pattern,new,https://docs.aws.amazon.com/AmazonRDS/latest/UserGuide/SQLServer.Concepts.General.Licensing.html,"RDS for SQL Server: License Included (Enterprise, Standard, Web, Express) includes the SQL Server licence in RDS pricing; Bring Your Own Media requires a valid licence with active Software Assurance and License Mobility rights",2026-09-21,check-B4.6,"A: Dedicated Hosts aside now says ""Microsoft licences bought before October 2019"" (aws.amazon.com/windows/resources/licensing: non-SA licences allowed on Dedicated Hosts only if purchased before 1 Oct 2019); dropped ""For the commercial engine,"" to hold 120 words",B4.6.md,yes
aws-d4-pat-aurora-io-optimized-and-licensing,pattern,new,https://aws.amazon.com/windows/resources/licensing/,"Dedicated Hosts make it possible to bring Microsoft software licences that do not have Software Assurance or License Mobility benefits, as long as the licences were purchased prior to October 1, 2019 (or added as a true-up under an Enterprise Enrollment effective before that date)",2026-09-21,check-B4.6,"A: Dedicated Hosts aside now says ""Microsoft licences bought before October 2019"" (aws.amazon.com/windows/resources/licensing: non-SA licences allowed on Dedicated Hosts only if purchased before 1 Oct 2019); dropped ""For the commercial engine,"" to hold 120 words",B4.6.md,yes
aws-d4-pat-vpn-bandwidth-ecmp-dx-speed,pattern,new,https://docs.aws.amazon.com/vpn/latest/s2svpn/vpn-limits.html,"Maximum bandwidth per standard VPN tunnel up to 1.25 Gbps (140,000 PPS); large bandwidth tunnel up to 5 Gbps (400,000 PPS); on a transit gateway ECMP aggregates multiple VPN tunnels and requires dynamic routing (not static)",2026-09-21,check-B4.6,"A: added the 5 Gbps Large Bandwidth Tunnel ($0.60/h, Transit Gateway/Cloud WAN only) as the pricier alternative to ECMP so ""1.25 Gbps per tunnel"" is not taught as an absolute; ""dynamic (BGP)"" -> ""BGP""; ECMP wording now says it aggregates every tunnel (two per connection); trimmed to 120 words",B4.6.md,yes
aws-d4-pat-vpn-bandwidth-ecmp-dx-speed,pattern,new,https://aws.amazon.com/vpn/faqs/,'Multiple VPN connections to the same Virtual Private Gateway are bound by an aggregate throughput limit from AWS to on-premises of up to 1.25 Gbps'; use Transit Gateway for higher throughput (ECMP),2026-09-21,check-B4.6,"A: added the 5 Gbps Large Bandwidth Tunnel ($0.60/h, Transit Gateway/Cloud WAN only) as the pricier alternative to ECMP so ""1.25 Gbps per tunnel"" is not taught as an absolute; ""dynamic (BGP)"" -> ""BGP""; ECMP wording now says it aggregates every tunnel (two per connection); trimmed to 120 words",B4.6.md,yes
aws-d4-pat-vpn-bandwidth-ecmp-dx-speed,pattern,new,https://aws.amazon.com/vpn/pricing/,Site-to-Site VPN connection $0.05 per hour (US East Ohio); 30 days x 24 h x $0.05 = $36.00 per month in connection fees; 5 Gbps Large Bandwidth Tunnel connection $0.60 per hour (about $432 per month),2026-09-21,check-B4.6,"A: added the 5 Gbps Large Bandwidth Tunnel ($0.60/h, Transit Gateway/Cloud WAN only) as the pricier alternative to ECMP so ""1.25 Gbps per tunnel"" is not taught as an absolute; ""dynamic (BGP)"" -> ""BGP""; ECMP wording now says it aggregates every tunnel (two per connection); trimmed to 120 words",B4.6.md,yes
aws-d4-pat-vpn-bandwidth-ecmp-dx-speed,pattern,new,https://docs.aws.amazon.com/directconnect/latest/UserGuide/dedicated_connection.html,"Dedicated connection port speeds 1 Gbps, 10 Gbps, 100 Gbps, 400 Gbps; port speed cannot be changed after creation; dedicated connections can be added to a LAG to treat multiple connections as one",2026-09-21,check-B4.6,"A: added the 5 Gbps Large Bandwidth Tunnel ($0.60/h, Transit Gateway/Cloud WAN only) as the pricier alternative to ECMP so ""1.25 Gbps per tunnel"" is not taught as an absolute; ""dynamic (BGP)"" -> ""BGP""; ECMP wording now says it aggregates every tunnel (two per connection); trimmed to 120 words",B4.6.md,yes
aws-d4-pat-vpn-bandwidth-ecmp-dx-speed,pattern,new,https://docs.aws.amazon.com/directconnect/latest/UserGuide/hosted_connection.html,"Hosted connection speeds 50, 100, 200, 300, 400, 500 Mbps and 1, 2, 5, 10, 25 Gbps via an AWS Direct Connect Partner; AWS uses traffic policing on hosted connections (excess dropped, bursty traffic gets lower throughput)",2026-09-21,check-B4.6,"A: added the 5 Gbps Large Bandwidth Tunnel ($0.60/h, Transit Gateway/Cloud WAN only) as the pricier alternative to ECMP so ""1.25 Gbps per tunnel"" is not taught as an absolute; ""dynamic (BGP)"" -> ""BGP""; ECMP wording now says it aggregates every tunnel (two per connection); trimmed to 120 words",B4.6.md,yes
aws-d4-pat-ec2-hibernation,pattern,new,https://docs.aws.amazon.com/autoscaling/ec2/userguide/ec2-auto-scaling-warm-pools.html,"Warm pool instances can be kept Stopped, Running or Hibernated; Hibernated state saves RAM to the EBS root volume and bills only EBS volumes (including RAM contents) and attached Elastic IPs; instances must meet the EC2 hibernation prerequisites",2026-09-21,check-B4.6,"A: added ""(an Auto Scaling warm pool can hibernate its own instances)"" so the ASG restriction is not read as ""no hibernation with Auto Scaling""; trimmed wording to hold 120 words",B4.6.md,yes
aws-d4-pat-vpn-bandwidth-ecmp-dx-speed,pattern,new,https://docs.aws.amazon.com/vpn/latest/s2svpn/VPNTunnels.html,"Tunnel bandwidth options: standard up to 1.25 Gbps per tunnel (default), Large Bandwidth Tunnel up to 5 Gbps per tunnel; LBT available only for VPN connections attached to Transit Gateway or Cloud WAN, not virtual private gateway; both tunnels of a connection must use the same bandwidth; Accelerated VPN not supported; beyond 5 Gbps use ECMP across multiple connections (two LBT connections = ECMP across all four tunnels = 20 Gbps)",2026-09-21,check-B4.6,"A: added the 5 Gbps Large Bandwidth Tunnel ($0.60/h, Transit Gateway/Cloud WAN only) as the pricier alternative to ECMP so ""1.25 Gbps per tunnel"" is not taught as an absolute; ""dynamic (BGP)"" -> ""BGP""; ECMP wording now says it aggregates every tunnel (two per connection); trimmed to 120 words",B4.6.md,yes
aws-client-vpn-remote-workforce-mcq-33,mcq,new,https://docs.aws.amazon.com/vpn/latest/clientvpn-admin/what-is.html,"Client VPN is a managed client-based VPN using an OpenVPN-based client; authorization rules restrict access per AD/IdP group and by default no authorization rules exist; supports AD, federated and certificate auth",2026-09-21,check-B5.1,,B5.1.md,yes
aws-client-vpn-remote-workforce-mcq-33,mcq,new,https://docs.aws.amazon.com/vpn/latest/clientvpn-admin/ad.html,"AD auth via AWS Managed Microsoft AD or AD Connector; MFA supported when enabled on the directory, clients then enter user name, password and MFA code",2026-09-21,check-B5.1,,B5.1.md,yes
aws-client-vpn-remote-workforce-mcq-33,mcq,new,https://docs.aws.amazon.com/vpn/latest/s2svpn/VPC_VPN.html,"Site-to-Site VPN = IPsec connection between your on-premises network (customer gateway device) and VPC/transit gateway, i.e. network-to-network",2026-09-21,,,B5.1.md,yes
aws-client-vpn-remote-workforce-mcq-33,mcq,new,https://docs.aws.amazon.com/systems-manager/latest/userguide/session-manager.html,"Session Manager = interactive browser/CLI shell and port forwarding to managed nodes without inbound ports, bastions or SSH keys",2026-09-21,check-B5.1,,B5.1.md,yes
aws-client-vpn-remote-workforce-mcq-33,mcq,new,https://docs.aws.amazon.com/vpn/latest/clientvpn-admin/split-tunnel-vpn.html,Default routes all client traffic over the tunnel; split-tunnel pushes only endpoint route-table routes to the client and reduces AWS outbound data transfer cost,2026-09-21,check-B5.1,,B5.1.md,yes
aws-client-vpn-service,service,new,https://docs.aws.amazon.com/vpn/latest/clientvpn-admin/client-authentication.html,"Three auth types: Active Directory (user-based), mutual authentication (certificate-based), SAML 2.0 federated SSO; mutual auth can be combined with a user-based method; an ACM server certificate is required regardless of auth type",2026-09-21,check-B5.1,,B5.1.md,yes
aws-client-vpn-service,service,new,https://docs.aws.amazon.com/vpn/latest/clientvpn-admin/federated-authentication.html,"SAML IdPs tested: Okta, Microsoft Entra ID, JumpCloud, AWS IAM Identity Center; MFA supported when enabled in the IdP; one IdP per endpoint",2026-09-21,check-B5.1,,B5.1.md,yes
aws-client-vpn-service,service,new,https://docs.aws.amazon.com/vpn/latest/clientvpn-admin/split-tunnel-vpn.html,Split-tunnel: only traffic matching a route in the endpoint route table goes over the VPN,2026-09-21,check-B5.1,,B5.1.md,yes
aws-client-vpn-service,service,new,https://docs.aws.amazon.com/vpn/latest/s2svpn/VPC_VPN.html,Site-to-Site VPN connects on-premises network via customer gateway device; two tunnels per connection,2026-09-21,,,B5.1.md,yes
aws-firewall-manager-service,service,new,https://docs.aws.amazon.com/waf/latest/developerguide/fms-chapter.html,"Policy types: AWS WAF, Shield Advanced, VPC security groups and network ACLs, Network Firewall, Route 53 Resolver DNS Firewall; protections apply across accounts and automatically to new accounts/resources; scope by resource type or tag; charges are for underlying services such as WAF and Config",2026-09-21,check-B5.1,,B5.1.md,yes
aws-firewall-manager-service,service,new,https://docs.aws.amazon.com/waf/latest/developerguide/join-aws-orgs.html,Organization must be enabled for all features (consolidated billing only is not enough),2026-09-21,check-B5.1,,B5.1.md,yes
aws-firewall-manager-service,service,new,https://docs.aws.amazon.com/waf/latest/developerguide/enable-integration.html,Only the Organizations management account can create the default Firewall Manager administrator; it is automatically set as the Organizations delegated administrator; policies can be scoped by OU,2026-09-21,check-B5.1,,B5.1.md,yes
aws-firewall-manager-service,service,new,https://docs.aws.amazon.com/waf/latest/developerguide/enable-config.html,AWS Config must be enabled for each member account including the administrator account and each Region with protected resources; recording frequency must be Continuous,2026-09-21,check-B5.1,,B5.1.md,yes
aws-firewall-manager-service,service,new,https://docs.aws.amazon.com/waf/latest/developerguide/fms-prereq.html,Prerequisites list includes third-party firewall policies via AWS Marketplace subscription,2026-09-21,check-B5.1,,B5.1.md,yes
aws-network-firewall-service,service,new,https://docs.aws.amazon.com/network-firewall/latest/developerguide/what-is-aws-network-firewall.html,"Stateful managed network firewall and IDS/IPS for VPC; filters traffic to/from internet gateway, NAT gateway, VPN or Direct Connect; uses Suricata and supports Suricata-compatible rules; domain allow/deny lists; stateful protocol detection independent of port; stateless rules inspect single packets; firewall endpoints in dedicated firewall subnets, one per AZ; endpoint cannot filter traffic of its own subnet; traffic steered via VPC route tables; supported by Firewall Manager",2026-09-21,check-B5.1,,B5.1.md,yes
aws-network-firewall-service,service,new,https://aws.amazon.com/blogs/networking-and-content-delivery/deployment-models-for-aws-network-firewall/,"Centralized deployment model: dedicated inspection VPC holding firewall endpoints, attached to AWS Transit Gateway; spoke VPC route tables default to the inspection VPC attachment; handles east-west and north-south traffic",2026-09-21,check-B5.1,"added source for the ""inspection VPC behind a Transit Gateway"" clause",B5.1.md,yes
aws-network-firewall-service,service,new,https://docs.aws.amazon.com/waf/latest/developerguide/network-firewall-policies.html,"Firewall Manager Network Firewall policies offer Distributed, Centralized (single firewall in a single VPC) and Import existing firewalls management models across an Organization",2026-09-21,check-B5.1,"added source for ""managed org-wide by Firewall Manager"" in the centralized model",B5.1.md,yes
aws-artifact-audit-evidence-mcq-34,mcq,new,https://docs.aws.amazon.com/artifact/latest/ug/what-is-aws-artifact.html,"On-demand downloads of AWS security and compliance documents (ISO, PCI, SOC reports, certifications); agreements management; customers responsible for their own compliance evidence; free of charge",2026-09-21,check-B5.1,,B5.1.md,yes
aws-artifact-audit-evidence-mcq-34,mcq,new,https://docs.aws.amazon.com/securityhub/latest/userguide/what-is-securityhub.html,"Security Hub CSPM runs checks against standards (FSBP, CIS, PCI DSS, NIST) on your AWS environment and generates control findings for your resources",2026-09-21,check-B5.1,,B5.1.md,yes
aws-artifact-audit-evidence-mcq-34,mcq,new,https://docs.aws.amazon.com/config/latest/developerguide/conformance-packs.html,Conformance pack = collection of Config rules and remediation actions deployed as a single entity in an account/Region or across an organization,2026-09-21,,,B5.1.md,yes
aws-artifact-audit-evidence-mcq-34,mcq,new,https://docs.aws.amazon.com/awssupport/latest/user/trusted-advisor.html,"Trusted Advisor inspects your AWS environment and makes recommendations (cost, availability, performance, security gaps)",2026-09-21,,,B5.1.md,yes
aws-s3-access-points-multi-app-mcq-49,mcq,new,https://docs.aws.amazon.com/AmazonS3/latest/userguide/add-bucket-policy.html,Bucket policies are limited to 20 KB in size,2026-09-21,check-B5.1,,B5.1.md,yes
aws-s3-access-points-multi-app-mcq-49,mcq,new,https://docs.aws.amazon.com/AmazonS3/latest/userguide/access-points-restrictions-limitations-naming-rules.html,"Access point policies limited to 20 KB; maximum 10,000 access points per account per Region (increase available); VPC configuration cannot be changed after creation; each access point attaches to exactly one bucket",2026-09-21,check-B5.1,,B5.1.md,yes
aws-s3-access-points-multi-app-mcq-49,mcq,new,https://docs.aws.amazon.com/AmazonS3/latest/userguide/access-points-policies.html,Both the access point and the underlying bucket must permit the request; recommended bucket policy delegates control to access points with s3:DataAccessPointAccount condition; s3:AccessPointNetworkOrigin VPC condition; SCP example denying s3:CreateAccessPoint unless network origin is VPC,2026-09-21,check-B5.1,,B5.1.md,yes
aws-s3-access-points-multi-app-mcq-49,mcq,new,https://docs.aws.amazon.com/AmazonS3/latest/userguide/access-points.html,Access points are named network endpoints attached to a bucket with distinct permissions and network controls; can accept requests only from a VPC; only object operations supported,2026-09-21,,,B5.1.md,yes
aws-s3-access-points-multi-app-mcq-49,mcq,new,https://docs.aws.amazon.com/AmazonS3/latest/userguide/bucket-policies.html,Object Ownership default is Bucket owner enforced with all ACLs disabled,2026-09-21,check-B5.1,,B5.1.md,yes
aws-artifact-service,service,new,https://docs.aws.amazon.com/artifact/latest/ug/what-is-aws-artifact.html,"Downloads of ISO, PCI and SOC reports and certifications; agreements for account and organization; documents free of charge; customers responsible for their own compliance documents",2026-09-21,check-B5.1,,B5.1.md,yes
aws-artifact-service,service,new,https://docs.aws.amazon.com/artifact/latest/ug/managing-agreements.html,HIPAA BAA reviewed and accepted in Artifact; with Organizations the agreement can be accepted on behalf of all accounts and all existing and subsequent member accounts are covered,2026-09-21,check-B5.1,,B5.1.md,yes
aws-artifact-service,service,new,https://docs.aws.amazon.com/artifact/latest/ug/accept-org-agreement.html,Only the management account (signed in with Artifact permissions) accepts organization agreements; organization must be enabled for all features; acceptance covers all existing and future accounts,2026-09-21,check-B5.1,"added source for ""management account can accept once"" clause",B5.1.md,yes
aws-security-hub-service,service,new,https://docs.aws.amazon.com/securityhub/latest/userguide/what-is-securityhub.html,"Named AWS Security Hub CSPM; standards FSBP, CIS, PCI DSS, NIST; receives findings from GuardDuty, Inspector, Macie and third-party products; ASFF; security scores; automation rules; EventBridge integration; requires AWS Config recording for most controls; only detects findings generated after enablement; cross-Region aggregation into an aggregation Region; 30-day free trial",2026-09-21,check-B5.1,,B5.1.md,yes
aws-security-hub-service,service,new,https://docs.aws.amazon.com/waf/latest/developerguide/fms-chapter.html,Firewall Manager integrates with Security Hub CSPM (findings topic listed),2026-09-21,check-B5.1,,B5.1.md,yes
aws-security-hub-service,service,new,https://docs.aws.amazon.com/securityhub/latest/userguide/what-is-securityhub.html,"""For full compliance with CIS AWS Foundations Benchmark security checks, you must enable Security Hub CSPM in all supported AWS Regions""; Security Hub CSPM only receives and processes findings in the Region where it is enabled",2026-09-21,check-B5.1,added source for the USAGE line (CIS needs all supported Regions),B5.1.md,yes
aws-review-sentiment-no-ml-team-mcq-44,mcq,new,https://docs.aws.amazon.com/comprehend/latest/dg/what-is.html,"Sentiment = positive, neutral, negative or mixed; pre-trained model needs no training data; DetectSentiment example; custom classification via AutoML without ML skillset; real-time or asynchronous jobs",2026-09-21,check-B5.1,,B5.1.md,yes
aws-review-sentiment-no-ml-team-mcq-44,mcq,new,https://docs.aws.amazon.com/sagemaker/latest/dg/whatis.html,"SageMaker AI = fully managed ML service to build, train and deploy models",2026-09-21,,,B5.1.md,yes
aws-review-sentiment-no-ml-team-mcq-44,mcq,new,https://docs.aws.amazon.com/transcribe/latest/dg/what-is.html,Transcribe = automatic speech recognition converting audio to text,2026-09-21,,,B5.1.md,yes
aws-review-sentiment-no-ml-team-mcq-44,mcq,new,https://docs.aws.amazon.com/textract/latest/dg/what-is.html,"Textract detects typed and handwritten text and extracts text, forms and tables from documents/images/PDFs; Queries feature answers natural-language questions about a document; no sentiment capability listed",2026-09-21,check-B5.1,"WHY for Textract softened: ""performs no language understanding"" -> ""does not classify sentiment"" (Textract Queries answers natural-language questions, so the old wording overreached); input phrased as ""already text""",B5.1.md,yes
aws-appflow-service,service,new,https://docs.aws.amazon.com/appflow/latest/userguide/what-is-appflow.html,"Fully managed integration between SaaS apps (Salesforce, Zendesk, Slack, Marketo, ServiceNow) and AWS services (S3, Redshift); flows on demand, on schedule or event-triggered; encrypted at rest and in transit; PrivateLink support; Glue Data Catalog cataloging; partitioning; up to 100 GB per flow; EventBridge integration for Salesforce events",2026-09-21,check-B5.1,,B5.1.md,yes
aws-appflow-service,service,new,https://docs.aws.amazon.com/appflow/latest/userguide/sapodata.html,"SAP OData connector fetches, creates and updates records exposed by SAP S/4HANA and on-premises SAP through OData APIs; supports PrivateLink; destinations S3, Redshift, SAP OData",2026-09-21,check-B5.1,added source for SAP in the SaaS list,B5.1.md,yes
aws-cli-service,service,new,https://docs.aws.amazon.com/cli/latest/userguide/cli-chap-configure.html,"Precedence order: command line options, environment variables, assume role, assume role with web identity, IAM Identity Center, credentials file, custom process, configuration file, container credentials, EC2 instance profile credentials",2026-09-21,check-B5.1,,B5.1.md,yes
aws-cli-service,service,new,https://docs.aws.amazon.com/cli/latest/userguide/cli-configure-role.html,role_arn + source_profile profile makes the CLI call sts:AssumeRole; credential_source = Environment | Ec2InstanceMetadata | EcsContainer; mfa_serial prompts for MFA; external_id; temporary credentials cached in ~/.aws/cli/cache and refreshed,2026-09-21,check-B5.1,,B5.1.md,yes
aws-cli-service,service,new,https://docs.aws.amazon.com/cli/latest/userguide/cli-services-s3-commands.html,aws s3 sync copies missing or outdated files between source and target; --delete option,2026-09-21,,,B5.1.md,yes
aws-cli-service,service,new,https://docs.aws.amazon.com/cli/latest/reference/ec2/run-instances.html,"--dry-run checks whether you have the required permissions without making the request; DryRunOperation if permitted, UnauthorizedOperation otherwise",2026-09-21,check-B5.1,added source for the --dry-run clause,B5.1.md,yes
aws-comprehend-service,service,new,https://docs.aws.amazon.com/comprehend/latest/dg/what-is.html,"Insights: entities, key phrases, PII, language, sentiment, targeted sentiment, syntax; Comprehend Custom classification and entity recognition via AutoML; topic modeling; real-time or asynchronous jobs; UTF-8 text input",2026-09-21,check-B5.1,,B5.1.md,yes
aws-comprehend-service,service,new,https://docs.aws.amazon.com/comprehend/latest/dg/comprehend-medical.html,"Comprehend Medical detects medical conditions, medications, PHI in clinical text; ontology linking to ICD-10-CM, RxNorm, SNOMED CT; separate pricing",2026-09-21,,,B5.1.md,yes
aws-ecr-service,service,new,https://docs.aws.amazon.com/AmazonECR/latest/userguide/what-is-ecr.html,Managed container image registry with IAM resource-based permissions; Docker and OCI images; lifecycle policies; scan on push; cross-Region and cross-account replication as registry setting; pull through cache; ECR Public exists; extension of ECS and EKS,2026-09-21,,,B5.1.md,yes
aws-ecr-service,service,new,https://docs.aws.amazon.com/AmazonECR/latest/userguide/image-scanning.html,"Enhanced scanning = Amazon Inspector, OS and programming language packages, scan on push and continuous, EventBridge events; basic scanning = CVE database, OS only, manual or scan on push",2026-09-21,check-B5.1,,B5.1.md,yes
aws-ecr-service,service,new,https://docs.aws.amazon.com/AmazonECR/latest/userguide/pull-through-cache.html,"Upstreams: ECR Public, Kubernetes registry, Quay, Docker Hub, Azure Container Registry, GitHub Container Registry, GitLab, Chainguard, ECR; cached tag rechecked upstream at least once every 24 hours; Lambda cannot pull via pull through cache",2026-09-21,check-B5.1,,B5.1.md,yes
aws-ecs-anywhere-service,service,new,https://docs.aws.amazon.com/AmazonECS/latest/developerguide/ecs-anywhere.html,"External instances registered to an ECS cluster; EXTERNAL launch type; SSM Agent rotates IAM credentials every 30 minutes; requires IAM role and allowed ECS/SSM service domains; not supported: service load balancing, service discovery, awsvpc network mode (bridge/host/none only), capacity providers, EFS volumes, App Mesh, SELinux; Windows support deprecated",2026-09-21,check-B5.1,,B5.1.md,yes
aws-eks-anywhere-service,service,new,https://aws.amazon.com/eks/eks-anywhere/faqs/,"Customer-managed product; customers responsible for cluster lifecycle and maintenance; supports VMware vSphere, bare metal, Nutanix, Apache CloudStack, AWS Snow; uses EKS Distro; Enterprise Subscription for support and add-ons; EKS Connector registers cluster with EKS console",2026-09-21,check-B5.1,,B5.1.md,yes
aws-eks-anywhere-service,service,new,https://aws.amazon.com/eks/eks-distro/faqs/,EKS Distro = same open-source Kubernetes and dependencies deployed by EKS; fixes on best-effort basis,2026-09-21,check-B5.1,,B5.1.md,yes
aws-eks-distro-service,service,new,https://aws.amazon.com/eks/eks-distro/faqs/,"Distribution of the same open-source Kubernetes and dependencies (etcd, networking, storage plugins) deployed by EKS; runs on EC2, on premises or other clouds with your tooling; patches best effort; extended security patching aligned to EKS lifecycle of last four versions plus 60 days (14 months)",2026-09-21,check-B5.1,,B5.1.md,yes
aws-eks-distro-service,service,new,https://aws.amazon.com/eks/eks-anywhere/faqs/,EKS Anywhere uses EKS Distro and adds lifecycle automation; Enterprise Subscription provides support,2026-09-21,check-B5.1,,B5.1.md,yes
aws-health-dashboard-service,service,new,https://docs.aws.amazon.com/health/latest/ug/what-is-aws-health.html,"AWS Health Dashboard available to all customers at no additional cost; events through EventBridge at no additional cost; AWS Health API requires Business Support+, Enterprise Support or Unified Operations (or Business/Enterprise On-Ramp/Enterprise where applicable)",2026-09-21,check-B5.1,,B5.1.md,yes
aws-health-dashboard-service,service,new,https://docs.aws.amazon.com/health/latest/ug/aws-health-dashboard-status.html,Service health page shows public events without sign-in; account health view shows account-specific events; 12-month service history,2026-09-21,check-B5.1,,B5.1.md,yes
aws-health-dashboard-service,service,new,https://docs.aws.amazon.com/health/latest/ug/cloudwatch-events-health.html,"EventBridge rules react to Health events e.g. EC2 instances scheduled for updates; targets Lambda, SNS, SQS, Kinesis; organizational view and delegated administrator aggregate events across Organizations; running operations on EC2 instances automatically in response to Health events",2026-09-21,,,B5.1.md,yes
aws-health-dashboard-service,service,new,https://docs.aws.amazon.com/health/latest/ug/delegated-administrator-organizational-view.html,Delegated administrator (an account other than the management account) can view aggregated AWS Health events for the organization on the dashboard or through the API,2026-09-21,check-B5.1,"added source for ""organizational view with a delegated administrator""",B5.1.md,yes
aws-license-manager-service,service,new,https://docs.aws.amazon.com/license-manager/latest/userguide/license-manager.html,"Manages licences from Microsoft, SAP, Oracle, IBM across Regions and accounts in an organization; BYOL; hard or soft limits; tracks vCPUs, physical cores, sockets or machines; integrates with EC2 (instances, Dedicated Instances, Dedicated Hosts), RDS, Systems Manager, Organizations; on-premises tracking via Systems Manager; licence type conversion between AWS-provided and BYOL",2026-09-21,check-B5.1,,B5.1.md,yes
aws-license-manager-service,service,new,https://docs.aws.amazon.com/license-manager/latest/userguide/create-license-configuration.html,"Enforce license limit = hard limit prevents a resource from deploying; otherwise soft limit notifies; counting types vCPUs, Cores, Sockets, Instances",2026-09-21,check-B5.1,,B5.1.md,yes
aws-license-manager-service,service,new,https://docs.aws.amazon.com/license-manager/latest/userguide/config-overview.html,Tenancy rule: Dedicated Hosts required if counting type is Cores or Sockets; licence affinity to host 1-180 days,2026-09-21,check-B5.1,,B5.1.md,yes
aws-license-manager-service,service,new,https://docs.aws.amazon.com/license-manager/latest/userguide/host-resource-groups.html,"Host resource group = collection of Dedicated Hosts managed as one entity; allocate, release and recover hosts automatically; instances need core- or socket-based self-managed licences associated with their AMI",2026-09-21,check-B5.1,,B5.1.md,yes
aws-polly-service,service,new,https://docs.aws.amazon.com/polly/latest/dg/what-is.html,"Generative, long-form, neural and standard TTS voices; multiple languages; pay for text synthesized; cache and replay at no additional cost",2026-09-21,,,B5.1.md,yes
aws-polly-service,service,new,https://docs.aws.amazon.com/polly/latest/dg/how-text-to-speech-works.html,"Plaintext or SSML input controlling pronunciation, volume, pitch, rate; output MP3, Ogg Vorbis, PCM (plus mu-law/A-law); not a translation service",2026-09-21,,,B5.1.md,yes
aws-polly-service,service,new,https://docs.aws.amazon.com/polly/latest/dg/limits.html,"SynthesizeSpeech up to 3000 billed characters (6000 total), up to 5 lexicons per request; StartSpeechSynthesisTask up to 100,000 billed characters (200,000 total); up to 100 lexicons per account",2026-09-21,check-B5.1,,B5.1.md,yes
aws-polly-service,service,new,https://docs.aws.amazon.com/polly/latest/dg/asynchronous.html,Asynchronous synthesis uploads output to a required S3 bucket and optionally notifies an SNS topic,2026-09-21,,,B5.1.md,yes
aws-polly-service,service,new,https://docs.aws.amazon.com/polly/latest/dg/speechmarks.html,"Speech marks = metadata on where sentences/words start and end, visemes; used for lip-sync and highlighting words; available for neural, long-form and standard engines",2026-09-21,check-B5.1,"A: speech marks now qualified as neural, long-form and standard engines only (generative not supported per this page)",B5.1.md,yes
aws-streaming-kafka-compat-mcq-33,mcq,new,https://docs.aws.amazon.com/msk/latest/developerguide/serverless.html,"MSK Serverless runs Kafka without managing or scaling capacity; automatically provisions and scales capacity and partitions; throughput-based pricing; fully compatible with Apache Kafka clients; requires IAM access control, Kafka ACLs not supported",2026-09-21,check-B5.1,,B5.1.md,yes
aws-streaming-kafka-compat-mcq-33,mcq,new,https://docs.aws.amazon.com/msk/latest/developerguide/limits.html,"MSK Serverless quotas per cluster: 200 MBps max ingress, 400 MBps max egress, 5 MBps ingress and 10 MBps egress per partition, 2400 partitions (non-compacted), 8 MiB max message",2026-09-21,check-B5.1,,B5.1.md,yes
aws-streaming-kafka-compat-mcq-33,mcq,new,https://docs.aws.amazon.com/streams/latest/dev/introduction.html,Kinesis Data Streams applications use the Kinesis Client Library and its own API,2026-09-21,,,B5.1.md,yes
aws-streaming-kafka-compat-mcq-33,mcq,new,https://docs.aws.amazon.com/firehose/latest/dev/what-is-this-service.html,"Firehose is a managed delivery service to S3, Redshift, OpenSearch, Splunk, HTTP endpoints; producers send to it, no consumer applications",2026-09-21,,,B5.1.md,yes
aws-streaming-kafka-compat-mcq-33,mcq,new,https://docs.aws.amazon.com/amazon-mq/latest/developer-guide/welcome.html,Amazon MQ = managed broker for Apache ActiveMQ Classic and RabbitMQ using industry-standard messaging protocols,2026-09-21,check-B5.1,"WHY for Amazon MQ: protocol list changed from ""AMQP, MQTT, OpenWire and STOMP"" to the FAQ list ""JMS, AMQP, MQTT, STOMP and WebSocket""",B5.1.md,yes
aws-streaming-kafka-compat-mcq-33,mcq,new,https://aws.amazon.com/amazon-mq/faqs/,"Amazon MQ supports JMS, NMS, AMQP 0.9.1, AMQP 1.0, STOMP, MQTTv3 and WebSocket; no Kafka protocol support mentioned",2026-09-21,check-B5.1,added source for the protocol list in the Amazon MQ WHY,B5.1.md,yes
aws-managed-ai-services-map,concept,new,https://docs.aws.amazon.com/comprehend/latest/dg/what-is.html | https://docs.aws.amazon.com/polly/latest/dg/what-is.html | https://docs.aws.amazon.com/transcribe/latest/dg/what-is.html | https://docs.aws.amazon.com/translate/latest/dg/what-is.html | https://docs.aws.amazon.com/rekognition/latest/dg/what-is.html | https://docs.aws.amazon.com/textract/latest/dg/what-is.html | https://docs.aws.amazon.com/lexv2/latest/dg/what-is.html | https://docs.aws.amazon.com/kendra/latest/dg/what-is-kendra.html | https://docs.aws.amazon.com/sagemaker/latest/dg/whatis.html,"Comprehend insights = entities, key phrases, PII, language, sentiment, targeted sentiment, syntax; custom classification/entity recognition via AutoML; Polly converts text into lifelike speech; Transcribe = automatic speech recognition, streaming or batch from S3; Translate = text translation, calls Comprehend for auto language detection; Rekognition = image and video analysis, requires no ML expertise, unsafe content detection, Custom Labels; Textract = typed and handwritten text, forms, tables, no ML expertise needed; Lex V2 = conversational interfaces voice and text, no deep learning expertise necessary; Kendra banner: no longer open to new customers, explore Bedrock Knowledge Bases; SageMaker AI = fully managed ML service to build, train, deploy",2026-09-21,check-B5.2,"Q: ""caption uploaded videos"" -> ""subtitle uploaded videos"" (unambiguously Transcribe, not Rekognition labels); A: ""pay per request"" -> ""pay as you go"" (Comprehend/Transcribe/Polly bill per char/second, not per request); Kendra line reworded to match the docs banner (""explore Bedrock Knowledge Bases"", not ""replaces""); opening sentence tightened to stay under 120 words. Verified 2026-09-21: Kendra banner ""no longer open to new customers""; Comprehend insights list and custom classification; no minimum fees.",B5.2.md,yes
aws-managed-grafana-service,service,new,https://docs.aws.amazon.com/grafana/latest/userguide/what-is-Amazon-Managed-Service-Grafana.html,"Logically isolated Grafana servers called workspaces; AWS manages provisioning, setup, scaling, maintenance; integrated AWS data sources listed: CloudWatch, OpenSearch Service, X-Ray, IoT SiteWise, Timestream, Managed Service for Prometheus; also open-source, third-party and other cloud data sources; auth via SAML 2.0 IdPs and IAM Identity Center; priced per active user in a workspace",2026-09-21,check-B5.2,"verified against source_url 2026-09-21, no change",B5.2.md,yes
aws-managed-prometheus-service,service,new,https://docs.aws.amazon.com/prometheus/latest/userguide/what-is-Amazon-Managed-Service-Prometheus.html | https://docs.aws.amazon.com/prometheus/latest/userguide/AMP-ingest-methods.html | https://docs.aws.amazon.com/prometheus/latest/userguide/AMP-alert-manager.html,"Serverless Prometheus-compatible monitoring for container metrics; same data model and PromQL; automatically scales ingestion, storage, querying; data replicated across three AZs in the Region; retention 150 days default, adjustable up to 1095 days; works with EKS and self-managed Kubernetes; ingestion = AWS managed agentless scraper for EKS, or customer managed collector (Prometheus in agent mode or AWS Distro for OpenTelemetry) via Prometheus remote write",2026-09-21,check-B5.2,"A: added that the alert manager runs in the workspace and SNS is the only receiver (AMP-alert-manager.html). Verified: 150 days default / 1095 max, three AZs, remote write + AWS managed agentless scraper for EKS, ADOT.",B5.2.md,yes
aws-management-console-service,service,new,https://docs.aws.amazon.com/signin/latest/userguide/what-is-sign-in.html | https://docs.aws.amazon.com/IAM/latest/UserGuide/root-user-tasks.html,"Root user credentials = email + password used to create the account, complete access, MFA strongly recommended; sign-in paths: access portal (Identity Center), federated identity, root user, IAM user; CloudTrail automatically enabled and logs all IAM user, root user and federated console sign-in events as ConsoleLogin; root-only tasks include close account (standalone), change root email/password, activate IAM access to Billing console, restore IAM user permissions, S3 MFA Delete, register as RI Marketplace seller; AWS recommends an administrative user in IAM Identity Center for daily tasks and not using root for everyday work",2026-09-21,check-B5.2,"A: ""closing the account"" -> ""closing a standalone account"" (root-user-tasks: Organizations member accounts are closed from the management account); ""records every console action as the API call it makes"" softened to ""console actions reach it as the same API calls the CLI makes"" (CloudTrail default is management events; data events such as S3 GetObject need explicit enabling). Verified: CloudTrail auto-enabled, ConsoleLogin events for IAM/root/federated, Identity Center admin recommended for daily tasks.",B5.2.md,yes
aws-service-catalog-service,service,new,https://docs.aws.amazon.com/servicecatalog/latest/adminguide/introduction.html | https://docs.aws.amazon.com/servicecatalog/latest/adminguide/constraints.html | https://docs.aws.amazon.com/servicecatalog/latest/adminguide/constraints-launch.html,"Catalogs of approved IT services; admins assemble portfolios of products, add constraints and resource tags, grant access via IAM; product update propagates to every portfolio referencing it; constraint types: launch, notification, tag update, stack set, template; launch constraint = IAM role Service Catalog assumes when end user launches, updates or terminates a product; without it end users must have permissions for CloudFormation, the services used and Service Catalog; launch constraints apply per product-portfolio association; CloudFormation and Terraform (Open Source / Cloud) product types",2026-09-21,check-B5.2,"verified against source_url 2026-09-21, no change",B5.2.md,yes
aws-auto-scaling-service-card,service,new,https://docs.aws.amazon.com/autoscaling/plans/userguide/what-is-a-scaling-plan.html,"Scaling plan groups resources by tag or CloudFormation stack; supported resources: Aurora read replicas, EC2 Auto Scaling groups, ECS desired task count, DynamoDB table/GSI provisioned capacity, Spot Fleet target capacity (five types); dynamic scaling uses EC2 Auto Scaling and Application Auto Scaling; predictive scaling for Auto Scaling groups only; Important note: if used only for predictive scaling, set predictive scaling policies directly on the resources instead (more features); no additional charge beyond CloudWatch; predictive scaling in a plan incurs GetMetricData costs, whereas an EC2 Auto Scaling predictive policy does not",2026-09-21,check-B5.2,"verified against source_url 2026-09-21, no change",B5.2.md,yes
aws-amplify-service-card,service,new,https://docs.aws.amazon.com/amplify/latest/userguide/welcome.html | https://aws.amazon.com/amplify/faqs/,"Amplify Hosting = Git-based workflow, continuous deployment to the AWS global CDN; repos: GitHub, BitBucket, GitLab, CodeCommit; features: feature branches, custom domains, pull request previews, end-to-end testing, password protected branches, redirects, atomic deployments; frameworks: SSR (Next.js, Nuxt, Astro, SvelteKit), SPA (React, Angular, Vue, Ionic, Ember), static generators; Gen 2 = TypeScript code-first backend; FAQ: backend features provision Cognito (auth), AppSync (data/API), S3 (storage), Lambda (functions), Pinpoint (analytics)",2026-09-21,check-B5.2,"verified against source_url 2026-09-21, no change",B5.2.md,yes
aws-data-exchange-service-card,service,new,https://docs.aws.amazon.com/data-exchange/latest/userguide/what-is.html,"Share and manage data entitlements from other organizations; data grant = unit of exchange; five data set types: Files, API, Amazon Redshift, Amazon S3, AWS Lake Formation (Preview); subscribers discover products in the AWS Marketplace catalog; recipients can export files to S3 programmatically and directly access providers' S3 buckets; Redshift data sets give read-only query access without ETL; providers need no delivery/entitlement infrastructure",2026-09-21,check-B5.2,"A: Lake Formation data set type marked ""in preview"" as the docs state. Verified: five data set types, Marketplace catalog discovery, export to S3, Redshift read-only query without ETL, no entitlement infrastructure for senders.",B5.2.md,yes
aws-device-farm-service-card,service,new,https://docs.aws.amazon.com/devicefarm/latest/developerguide/welcome.html | https://docs.aws.amazon.com/devicefarm/latest/testgrid/what-is-testgrid.html,"Tests Android, iOS and web apps on real, physical phones and tablets hosted by AWS; two modes: remote access (browser or Appium from local client) and automated tests in managed environment; remote access session limit 150 minutes; only available in us-west-2 (Oregon); automated runs in parallel across devices with logs, screenshots, artifacts; test hosts and devices can connect to your VPC; native and hybrid Android/iOS; desktop browser testing = Selenium tests on multiple AWS-hosted desktop browsers in parallel, video recordings and Selenium logs, per-minute billing",2026-09-21,check-B5.2,"verified against source_url 2026-09-21, no change",B5.2.md,yes
aws-elastic-transcoder-service-card,service,new,https://aws.amazon.com/elastictranscoder/faqs/ | https://aws.amazon.com/blogs/media/migrating-workflows-from-amazon-elastic-transcoder-to-aws-elemental-mediaconvert/,"FAQ: on November 13, 2025 AWS will discontinue support for Amazon Elastic Transcoder; components: pipelines (tied to input/output S3 buckets), presets (codec, resolution), jobs, SNS notifications; blog: discontinued November 13 2025, MediaConvert is the successor; MediaConvert queues are not tied to a specific S3 bucket; job templates and parameter overrides; job status via CloudWatch events / EventBridge",2026-09-21,check-B5.2,"A: ""job templates allow parameter overrides"" -> ""presets can be overridden per job and job templates save whole job configurations"" (migration blog: MediaConvert presets overridable via API, job templates reuse full configs). Verified: discontinued November 13, 2025; pipelines tied to S3 buckets, queues not; SNS vs CloudWatch Events/EventBridge.",B5.2.md,yes
aws-kinesis-video-streams-service-card,service,new,https://docs.aws.amazon.com/kinesisvideostreams/latest/dg/what-is-kinesis-video.html | https://aws.amazon.com/kinesis/video-streams/faqs/ | https://docs.aws.amazon.com/kinesisvideostreams/latest/dg/API_CreateStream.html,"Streams live video from devices (smartphones, security cameras, webcams, cars, drones) plus non-video time-serialized data (audio, thermal, depth, RADAR); sources via GStreamer kvssink plugin or RTSP; durable storage for a specified retention period, encrypted at rest, time-indexed by producer and ingestion timestamps; FAQ: standards-compliant WebRTC for two-way audio/video, HLS and DASH playback (live latency 3 to 5 seconds), integrates with Rekognition Video and SageMaker; CreateStream DataRetentionInHours default 0 = no persistence, minimum 1 hour when set, buffer limit 5 minutes / 200 MB",2026-09-21,check-B5.2,"verified against source_url 2026-09-21, no change",B5.2.md,yes
aws-lex-service-card,service,new,https://docs.aws.amazon.com/lexv2/latest/dg/what-is.html | https://aws.amazon.com/lex/,"Conversational interfaces using voice and text; NLU + ASR; no deep learning expertise necessary; integrates with Lambda (fulfilment, enterprise connectors), Amazon Connect, Comprehend, Kendra; publishes to mobile, web, Facebook Messenger, Slack, Microsoft Teams, WhatsApp; charged only for text or speech requests; intents/slots/utterances and dialog management; Multi-Region Replication",2026-09-21,check-B5.2,"A: Alexa claim reworded to the product page wording ""powered by the same technology as Alexa"" and https://aws.amazon.com/lex/ added as source; ""hand off to Kendra or Comprehend"" -> ""integrate with Comprehend and Kendra"" (what-is.html lists them as integrations). Verified: ASR+NLU, no deep learning expertise, Lambda/Connect, Slack/Teams/WhatsApp/Messenger, charged per text or speech request.",B5.2.md,yes
aws-msk-service-card,service,new,https://docs.aws.amazon.com/msk/latest/developerguide/what-is-msk.html | https://docs.aws.amazon.com/msk/latest/developerguide/serverless.html | https://docs.aws.amazon.com/msk/latest/developerguide/msk-connect.html,"Fully managed Apache Kafka; provides control-plane operations, runs open-source Kafka so existing apps, tooling, plugins work without code changes; broker nodes per AZ (minimum one per AZ), ZooKeeper nodes or KRaft controllers; detects and replaces failed brokers reusing storage; MSK Serverless = no capacity management, throughput-based pricing, requires IAM access control (Kafka ACLs not supported); MSK Connect = managed Kafka Connect connectors (S3, OpenSearch, Debezium), auto scaling, works with MSK or self-hosted Kafka reachable from a VPC",2026-09-21,check-B5.2,"verified against source_url 2026-09-21, no change",B5.2.md,yes
aws-rekognition-service-card,service,new,https://docs.aws.amazon.com/rekognition/latest/dg/what-is.html,"Image and video analysis, requires no ML expertise; image capabilities: object/scene/concept detection, text detection (printed and handwritten), unsafe content with granular labels, celebrity recognition, facial analysis and comparison, Custom Labels, image properties; video: people pathing, segmentation, face liveness; use cases: content moderation with hierarchical labels and confidence scores, PPE detection, face-based identity verification, face collections; works with images/videos in S3 and streaming video (streaming video events)",2026-09-21,check-B5.2,"verified against source_url 2026-09-21, no change",B5.2.md,yes
aws-sagemaker-service-card,service,new,https://docs.aws.amazon.com/sagemaker/latest/dg/whatis.html | https://docs.aws.amazon.com/sagemaker/latest/dg/how-it-works-mlconcepts.html,"Fully managed ML service to build, train, deploy models; renamed Amazon SageMaker AI on December 03, 2024; next-generation Amazon SageMaker = unified platform for data, analytics and AI (Lakehouse, Unified Studio, Bedrock); workflow: generate example data (label, clean, prepare), train (built-in algorithms or bring-your-own, JumpStart), evaluate (Model Monitor), deploy via hosting services decoupled from application code; managed algorithms for large distributed data",2026-09-21,check-B5.2,"verified against source_url 2026-09-21, no change",B5.2.md,yes
aws-serverless-app-repository-service-card,service,new,https://docs.aws.amazon.com/serverlessrepo/latest/devguide/what-is-serverlessrepo.html | https://docs.aws.amazon.com/serverlessrepo/latest/devguide/serverlessrepo-publishing-applications.html | https://docs.aws.amazon.com/serverlessrepo/latest/devguide/security_iam_resource-based-policy-examples.html,"Find, deploy and publish serverless applications; publish via console, SAM CLI or SDK with code plus an AWS SAM template; integrated with the Lambda console, browse by category keyword, search by name/publisher/event source; initially private, then privately shared (specific AWS accounts) or publicly shared; consumers may need to acknowledge capabilities; public apps available in all Regions (artifacts copied to S3 in destination Region), private and privately shared only in the Region created",2026-09-21,check-B5.2,"No card text change; added application-policy examples page as source for ""shared with an organization"" (PrincipalOrgIDs). Verified: console/SAM CLI/SDK publish, private -> privately shared -> public, capabilities acknowledgement, public apps in all Regions with artifacts copied, private only in creation Region.",B5.2.md,yes
aws-textract-service-card,service,new,https://docs.aws.amazon.com/textract/latest/dg/what-is.html | https://docs.aws.amazon.com/textract/latest/dg/limits-document.html,"Detects typed and handwritten text; Document Analysis API extracts text, forms, tables; Queries in AnalyzeDocument; AnalyzeExpense for invoices/receipts; AnalyzeID for US driver's licenses and passports; no ML expertise needed; synchronous = single-page, asynchronous = multipage; formats JPEG, PNG, PDF, TIFF; sync limit 10 MB and 1 page for PDF/TIFF; async PDF/TIFF limit 500 MB and 3,000 pages; queries 15 per page sync, 30 async",2026-09-21,check-B5.2,"verified against source_url 2026-09-21, no change",B5.2.md,yes
aws-transcribe-service-card,service,new,https://docs.aws.amazon.com/transcribe/latest/dg/what-is.html,"Automatic speech recognition converting audio to text; language customization, content filtering, multi-channel audio analysis, speaker partitioning; streaming (real time) or batch from S3; HIPAA eligible with automatic PHI identification at no additional charge; pay-as-you-go per second of audio, 1-second increments, no minimum; extra charges for PII redaction and custom language models; Transcribe Medical and Call Analytics have separate Region support",2026-09-21,check-B5.2,"verified against source_url 2026-09-21, no change",B5.2.md,yes
aws-translate-service-card,service,new,https://docs.aws.amazon.com/translate/latest/dg/what-is.html | https://docs.aws.amazon.com/translate/latest/dg/how-it-works.html,"Text translation service; integrations named: Comprehend, Transcribe (subtitles/captions), Polly, S3, DynamoDB/Aurora/Redshift, Lambda, Glue; real-time input = UTF-8 text or one .txt/.html/.docx file; batch jobs = files in S3 (.txt, .html, .docx, .xlsx, .pptx, .xlf) to one or more target languages; customization: do-not-translate tags, custom terminology, brevity, profanity masking, formality, parallel data; source language auto calls Comprehend for detection",2026-09-21,check-B5.2,"verified against source_url 2026-09-21, no change",B5.2.md,yes
aws-vmware-cloud-on-aws-service-card,service,new,https://aws.amazon.com/vmware/vmwarecloudonaws/ | https://aws.amazon.com/vmware/faqs | https://docs.aws.amazon.com/evs/latest/userguide/what-is-evs.html | https://aws.amazon.com/vmware/,"Managed service combining AWS infrastructure with VMware SDDC software; as of April 30, 2024 no longer resold by AWS or its channel partners; existing customers continue via Broadcom; customers who bought through AWS cannot purchase new subscriptions, add-ons or renew; Amazon EVS deploys VMware Cloud Foundation (VCF) directly on EC2 bare metal instances within your VPC, keep VMware architecture and tooling, migrate without changing IP addresses; AWS VMware page lists migrate to EC2, Amazon EVS, Outposts as pathways",2026-09-21,check-B5.2,"A: ""AWS-native successor"" -> ""AWS-native alternative"" (AWS FAQ names no successor; EVS is the AWS-native VCF offering) and added ""workloads move without changing IP addresses"" from the EVS guide. Verified: April 30, 2024 resale end, no new subscriptions/add-ons/renewals via AWS, renew via Broadcom; EVS = VCF on EC2 bare metal in your VPC.",B5.2.md,yes
aws-d4-distributed-compute-edge,concept,new,https://aws.amazon.com/cloudfront/pricing/pay-as-you-go/,"CloudFront Functions $0.10 per 1 million invocations (2,000,000 free/month); Lambda@Edge $0.60 per 1 million requests plus $0.00005001 per GB-second; origin fetches from AWS origins to CloudFront edge locations are free of charge",2026-09-21,check-B5.3,,B5.3.md,yes
aws-d4-distributed-compute-edge,concept,new,https://docs.aws.amazon.com/AmazonCloudFront/latest/DeveloperGuide/edge-functions-choosing.html,"CloudFront Functions: viewer request/response only, submillisecond, no network / file system / request body access; Lambda@Edge: all four events incl. origin request/response, up to 30 s, network + body access; origin events run only on cache misses",2026-09-21,check-B5.3,,B5.3.md,yes
aws-d4-distributed-compute-edge,concept,new,https://docs.aws.amazon.com/outposts/latest/userguide/what-is-outposts.html,"Outposts extends AWS infrastructure to customer premises 'using local compute and storage resources for lower latency and local data processing needs'; runs EC2, ECS, EKS, EBS, S3 on Outposts locally",2026-09-21,check-B5.3,,B5.3.md,yes
aws-d4-distributed-compute-edge,concept,new,https://docs.aws.amazon.com/snowball/latest/developer-guide/whatisedge.html,"Snowball Edge 'can process data locally, run edge-computing workloads' with EC2-compatible instances and Lambda via IoT Greengrass; page banner says Snowball Edge is no longer available to new customers (AWS points to Outposts for edge compute), so the card says 'Snow Family device' for disconnected sites rather than leading with it",2026-09-21,check-B5.3,,B5.3.md,yes
aws-d4-cost-features-database-tags,concept,new,https://docs.aws.amazon.com/AmazonRDS/latest/UserGuide/USER_Tagging.html,"Taggable: DB instances, DB clusters, snapshots, reserved DB instances, automated backups; tags 'track costs by grouping expenses'; cost allocation applies to DB snapshots only when tags are on the parent DB instance in the same account and Region; orphaned snapshots 'aggregated in a single untagged line item'; copy-tags-to-snapshot option",2026-09-21,check-B5.3,,B5.3.md,yes
aws-d4-cost-features-database-tags,concept,new,https://docs.aws.amazon.com/awsaccountbilling/latest/aboutv2/cost-alloc-tags.html,User-defined and AWS-generated tags must be activated before appearing in Cost Explorer; up to 24 hours to appear; only the management account (or a standalone account) can activate cost allocation tags,2026-09-21,check-B5.3,,B5.3.md,yes
aws-d4-cost-features-database-tags,concept,new,https://docs.aws.amazon.com/AmazonRDS/latest/UserGuide/USER_WorkingWithReservedDBInstances.html,"Consolidated billing: 'all accounts in the organization can receive the hourly cost benefit of reserved DB instances that are purchased by any other account'; reserved price 'doesn't provide a discount for the costs associated with storage, backups, and I/O'; 1- or 3-year terms; billing example shows 400 GiB storage -> 400 GiB backup free",2026-09-21,check-B5.3,,B5.3.md,yes
aws-d4-cost-features-database-tags,concept,new,https://aws.amazon.com/dynamodb/reserved-capacity/,'Reserved provisioned capacity units purchased either at the payer account level or linked account level are shared with all accounts connected to the payer account'; applies only to provisioned capacity on Standard table class,2026-09-21,check-B5.3,,B5.3.md,yes
aws-d4-cost-features-database-tags,concept,new,https://docs.aws.amazon.com/amazondynamodb/latest/developerguide/reserved-capacity.html,Reserved capacity not available for on-demand mode or Standard-IA; 100-unit allocations; Region-scoped; cannot be transferred to another Region or account,2026-09-21,check-B5.3,,B5.3.md,yes
aws-d4-cost-features-database-tags,concept,new,https://aws.amazon.com/rds/faqs/,'Free backup storage is provided up to your account's total provisioned database storage across the entire region'; charged only for backup storage exceeding that; manual/final snapshots retained after DB instance deletion keep billing,2026-09-21,check-B5.3,,B5.3.md,yes
aws-d4-cost-features-database-tags,concept,new,https://aws.amazon.com/rds/aurora/pricing/,"Aurora Standard I/O $0.20 per 1 million I/Os and $0.10 per GB-month storage; I/O-Optimized no I/O charges, $0.225 per GB-month storage, ~30% higher instance price; guidance: I/O-Optimized when I/O spend exceeds 25% of total Aurora spend; backup storage free up to 100% of cluster size",2026-09-21,check-B5.3,,B5.3.md,yes
aws-d4-cost-features-database-tags,concept,new,https://docs.aws.amazon.com/AmazonRDS/latest/AuroraUserGuide/Aurora.Overview.StorageReliability.html,"'Aurora I/O-Optimized is the best choice when your I/O spending is 25% or more of your total Aurora database spending'; switch Standard -> I/O-Optimized once every 30 days, back to Standard any time",2026-09-21,check-B5.3,,B5.3.md,yes
aws-d4-cost-tools-database-angle,concept,new,https://docs.aws.amazon.com/cost-management/latest/userguide/ri-recommendations.html,"Cost Explorer reservation recommendations cover EC2, RDS, ElastiCache, OpenSearch, Redshift, MemoryDB, DynamoDB; based on On-Demand usage over past 7, 30 or 60 days; RDS recommendations scoped Single-AZ or Multi-AZ; refreshed at least every 24 hours",2026-09-21,check-B5.3,"A: ""Business Support+ or Enterprise plan"" -> ""Business-tier (now Business Support+) or Enterprise plan"": trusted-advisor.html lists Business Support+/Enterprise/Unified Operations; exam wording still says Business",B5.3.md,yes
aws-d4-cost-tools-database-angle,concept,new,https://docs.aws.amazon.com/compute-optimizer/latest/ug/view-rds-recommendations.html,"Compute Optimizer RDS: instance findings Under/Over-provisioned/Optimized for RDS MySQL, PostgreSQL and Aurora; storage tab recommends volume type, IOPS, throughput and 'New generation storage type available'; Aurora cluster finding DBClusterStorageSavingsAvailable when switching Standard -> I/O-Optimized saves money; needs 30 hours of CloudWatch metrics",2026-09-21,check-B5.3,,B5.3.md,yes
aws-d4-cost-tools-database-angle,concept,new,https://aws.amazon.com/blogs/database/how-to-optimize-amazon-rds-and-amazon-aurora-database-costs-performance-with-aws-compute-optimizer/,"Storage recommendations include 'migrating from gp2 to gp3, right sizing provisioned IOPS for io1/io2 volumes'; idle database detection (no connections, not a read replica); supported engines RDS MySQL, RDS PostgreSQL, Aurora MySQL, Aurora PostgreSQL",2026-09-21,check-B5.3,,B5.3.md,yes
aws-d4-cost-tools-database-angle,concept,new,https://docs.aws.amazon.com/awssupport/latest/user/cost-optimization-checks.html,Amazon RDS Idle DB Instances: Yellow when 'an active DB instance has not had a connection in the last 7 days',2026-09-21,check-B5.3,,B5.3.md,yes
aws-d4-cost-tools-database-angle,concept,new,https://docs.aws.amazon.com/awssupport/latest/user/trusted-advisor.html,"Trusted Advisor checks available with Business Support+, Enterprise Support or Unified Operations plan; Basic Support gets all Service Limits checks and selected Security / Fault tolerance checks only (no cost optimization checks)",2026-09-21,check-B5.3,,B5.3.md,yes
aws-d4-cost-tools-database-angle,concept,new,https://docs.aws.amazon.com/cost-management/latest/userguide/budgets-managing-costs.html,"Budget types: cost, usage, RI utilization/coverage, Savings Plans utilization/coverage; alerts on actual or forecasted amounts; usage budgets track usage limits for one or more services",2026-09-21,check-B5.3,,B5.3.md,yes
aws-d4-cost-tools-database-angle,concept,new,https://docs.aws.amazon.com/amazondynamodb/latest/developerguide/metrics-dimensions.html,ConsumedReadCapacityUnits / ConsumedWriteCapacityUnits: use Sum over one minute divided by 60 to get per-second consumption and compare with ProvisionedReadCapacityUnits / ProvisionedWriteCapacityUnits; emitted for both provisioned and on-demand tables,2026-09-21,check-B5.3,,B5.3.md,yes
aws-d4-cost-features-network-tags,concept,new,https://docs.aws.amazon.com/vpc/latest/userguide/nat-gateway-working-with.html,'Cost allocation tags are supported for NAT gateways'; up to 50 tags per NAT gateway,2026-09-21,check-B5.3,"A: ""DataTransfer-Regional-Bytes (cross-AZ or public-IP traffic inside a Region)"" -> ""(traffic between AZs inside a Region)"": CUR page defines the usage type as inter-AZ only; public-IP claim not on any ledger source",B5.3.md,yes
aws-d4-cost-features-network-tags,concept,new,https://docs.aws.amazon.com/cur/latest/userguide/cur-data-transfers-charges.html,"{Region}-DataTransfer-Regional-Bytes = data transfer between AZs in the same Region, charged both inbound and outbound so 'two DataTransfer-Regional-Bytes line items for each data transfer' per resource; {Region}-DataTransfer-Out-Bytes = to the internet; inter-Region {Src}-{Dst}-AWS-Out-Bytes charged, AWS-In-Bytes free; usage types without a Region prefix are US East (N. Virginia)",2026-09-21,check-B5.3,,B5.3.md,yes
aws-d4-cost-features-network-tags,concept,new,https://aws.amazon.com/blogs/networking-and-content-delivery/understand-aws-data-transfer-details-in-depth-from-cost-and-usage-report-using-athena-query-and-quicksight/,"Usage types NatGateway-Bytes (NAT data processing), VpcEndpoint-Bytes (PrivateLink processing), DataTransfer-Regional-Bytes, DataTransfer-Out-Bytes, AWS-Out-Bytes; NAT Gateway / Transit Gateway / PrivateLink data processing recorded under the respective service names; line items carry line_item_resource_id",2026-09-21,check-B5.3,,B5.3.md,yes
aws-d4-cost-features-network-tags,concept,new,https://aws.amazon.com/vpc/pricing/,NAT gateway $0.045 per hour and $0.045 per GB processed (US East Ohio); public IPv4 $0.005 per hour in-use and idle; VPC peering traffic crossing an AZ $0.01/GB in each direction,2026-09-21,check-B5.3,,B5.3.md,yes
aws-d4-cost-features-network-tags,concept,new,https://docs.aws.amazon.com/awsaccountbilling/latest/aboutv2/useconsolidatedbilling-effective.html,Volume discounts: 'AWS combines the usage from all accounts to determine which volume pricing tiers to apply' (data transfer example 8 TB + 4 TB reaching the next tier) and 'allocates each member account a portion of the overall volume discount based on the account's usage',2026-09-21,check-B5.3,,B5.3.md,yes
aws-d4-cost-features-network-tags,concept,new,https://aws.amazon.com/blogs/mt/using-aws-cost-explorer-to-analyze-data-transfer-costs/,"Cost Explorer Usage Type Group filter 'EC2: Data Transfer - inter-Availability Zone, Internet (Out), Region to Region (Out)'; group by Tag to split data transfer per environment/team",2026-09-21,check-B5.3,,B5.3.md,yes
aws-d4-cost-tools-network-angle,concept,new,https://docs.aws.amazon.com/cost-management/latest/userguide/manage-ad.html,"Cost Anomaly Detection uses machine learning on net unblended cost, runs ~3 times a day, up to 24 h delay; root causes ranked by dollar impact across AWS service, account, Region, usage type; monitors per service, member account, cost allocation tag or cost category; alerts by email or SNS",2026-09-21,check-B5.3,"A: ""az-id, traffic-path ..."" -> ""az-id versus next-hop-az-id, traffic-path ..."": az-id alone is the capturing interface AZ; flow-log-records.html pairs it with next-hop-az-id to show a crossing",B5.3.md,yes
aws-d4-cost-tools-network-angle,concept,new,https://docs.aws.amazon.com/vpc/latest/userguide/flow-logs-athena.html,Flow logs in S3 queried with Athena to find 'top talkers' and most-rejected IPs; CloudFormation template creates resources and predefined queries,2026-09-21,check-B5.3,,B5.3.md,yes
aws-d4-cost-tools-network-angle,concept,new,https://docs.aws.amazon.com/vpc/latest/userguide/flow-log-records.html,"Fields az-id, flow-direction (ingress/egress), pkt-dst-aws-service (e.g. S3, DYNAMODB), traffic-path values: 7 = through a gateway VPC endpoint, 8 = through an internet gateway, 2 = internet gateway or gateway endpoint, 1 = another resource in the same VPC incl. AWS-managed interface",2026-09-21,check-B5.3,,B5.3.md,yes
aws-d4-cost-tools-network-angle,concept,new,https://docs.aws.amazon.com/cost-management/latest/userguide/budgets-managing-costs.html,Usage budgets set usage limits for one or more services with notifications on actual or forecasted usage; example 'monthly usage budget with a fixed usage amount and forecasted notifications',2026-09-21,check-B5.3,,B5.3.md,yes
aws-d4-cost-tools-network-angle,concept,new,https://docs.aws.amazon.com/awssupport/latest/user/cost-optimization-checks.html,Idle Load Balancers: Yellow when no active/healthy back-end instances or 'less than 100 requests per day for the last 7 days'; Unassociated Elastic IP Addresses: Yellow when an allocated EIP is not associated with a running EC2 instance,2026-09-21,check-B5.3,,B5.3.md,yes
aws-d4-cost-tools-network-angle,concept,new,https://aws.amazon.com/vpc/pricing/,"Public IPv4 address charge $0.005 per hour for both in-use and idle addresses (applies to EC2, ELB, RDS, Elastic IPs, Global Accelerator, Site-to-Site VPN)",2026-09-21,check-B5.3,,B5.3.md,yes
aws-d4-cost-tools-network-angle,concept,new,https://aws.amazon.com/blogs/mt/using-aws-cost-explorer-to-analyze-data-transfer-costs/,"Cost Explorer grouped by usage type / usage type group separates inter-AZ, internet-out and Region-to-Region transfer; group by Tag attributes it to a team",2026-09-21,check-B5.3,,B5.3.md,yes
aws-d4-distributed-compute-edge,concept,new,https://docs.aws.amazon.com/AmazonCloudFront/latest/DeveloperGuide/lambda-cloudfront-trigger-events.html,"Origin request 'executes only when CloudFront forwards a request to your origin. When the requested object is in the CloudFront cache, the function doesn't execute'; origin response also skipped when the file is in cache and not expired (confirms 'origin events fire only on cache misses')",2026-09-21,check-B5.3,,B5.3.md,yes
aws-d4-cost-tools-database-angle,concept,new,https://docs.aws.amazon.com/compute-optimizer/latest/ug/view-idle-recommendations.html,"Idle recommendations cover Aurora and RDS databases: RDS MySQL/PostgreSQL idle = not a read replica, no database connections, low CPU and low read/write over the lookback period (default 14 days); confirms 'flags idle databases'",2026-09-21,check-B5.3,,B5.3.md,yes
aws-d4-cost-tools-database-angle,concept,new,https://docs.aws.amazon.com/awssupport/latest/user/trusted-advisor.html,"Checks available with Business Support+, Enterprise Support or Unified Operations; Basic gets Service Limits plus selected Security/Fault tolerance checks only; page carries end-of-support notices for Developer, Business and Enterprise On-Ramp (Jan 1 2027), hence card wording 'Business-tier (now Business Support+)'",2026-09-21,check-B5.3,,B5.3.md,yes
aws-d4-cost-features-network-tags,concept,new,https://docs.aws.amazon.com/awsaccountbilling/latest/aboutv2/custom-tags.html,"User-defined tags on any taggable, metered resource can be activated for cost allocation ('The behavior of cost allocation tags varies across AWS services'); tags 'are not applied to resources that were created before the tags were created'; ELB (load-balancer-tags.html), transit gateways (tgw-tagging.html) and VPC endpoints are taggable resources, NAT gateway page states cost allocation support explicitly",2026-09-21,check-B5.3,,B5.3.md,yes
aws-d4-cost-tools-network-angle,concept,new,https://docs.aws.amazon.com/vpc/latest/userguide/flow-log-records.html,"next-hop-az-id (version 11 field) = AZ of the next hop network interface, paired with az-id to tell whether an egress flow left its AZ; traffic-path 1 = another resource in the same VPC incl. AWS-managed interface (NAT gateway path), 7 = gateway VPC endpoint",2026-09-21,check-B5.3,,B5.3.md,yes
aws-s3-storage-classes,live,exists,,live card kept as-is (not re-verified in this wave),,assembler,TOPIC added: 4.1 Cost-optimized storage (row aws-d4-storage-tiering-cold-object (exists/4.1)); backlog section 3 fix: usage rewritten,aws-saa-c03.base.md,yes
aws-s3-cloudfront-oac,live,exists,,live card kept as-is (not re-verified in this wave),,assembler,TOPIC added: 1.2 Secure workloads (row aws-s3-cloudfront-oac (exists/1.2)); backlog section 3 fix: usage rewritten; wording fix (banned-word list),aws-saa-c03.base.md,yes
aws-ec2-purchase-options,live,exists,,live card kept as-is (not re-verified in this wave),,assembler,"TOPIC added: 4.2 Cost-optimized compute (row aws-d4-purchasing-options (exists/4.2)); backlog section 3 fix: difficulty -> d1, usage rewritten",aws-saa-c03.base.md,yes
aws-cloudwatch-alarm-vs-eventbridge-rule,live,exists,,live card kept as-is (not re-verified in this wave),,assembler,TOPIC added: D2 services (row aws-cloudwatch-service (exists/D2)); backlog section 3 fix: usage rewritten,aws-saa-c03.base.md,yes
aws-iam-permissions-boundary,live,exists,,live card kept as-is (not re-verified in this wave),,assembler,TOPIC added: 1.1 Secure access (row aws-iam-permissions-boundary (exists/1.1)),aws-saa-c03.base.md,yes
aws-s3-bucket-policy-vs-iam-policy,live,exists,,live card kept as-is (not re-verified in this wave),,assembler,TOPIC added: 1.1 Secure access (row aws-s3-bucket-policy-vs-iam-policy (exists/1.1)),aws-saa-c03.base.md,yes
aws-s3-block-public-access,live,exists,,live card kept as-is (not re-verified in this wave),,assembler,TOPIC added: 1.3 Data security controls (row aws-s3-block-public-access (exists/1.3)),aws-saa-c03.base.md,yes
aws-s3-encryption-options-sse,live,exists,,live card kept as-is (not re-verified in this wave),,assembler,TOPIC added: 1.3 Data security controls (row aws-s3-encryption-options-sse (exists/1.3)),aws-saa-c03.base.md,yes
aws-s3-presigned-urls,live,exists,,live card kept as-is (not re-verified in this wave),,assembler,TOPIC added: 1.2 Secure workloads (row aws-s3-presigned-urls (exists/1.2)),aws-saa-c03.base.md,yes
aws-acm-certificates-and-cloudfront-region,live,exists,,live card kept as-is (not re-verified in this wave),,assembler,TOPIC added: 1.3 Data security controls (row aws-acm-certificates-and-cloudfront-region (exists/1.3)),aws-saa-c03.base.md,yes
aws-cognito-user-pool-vs-identity-pool,live,exists,,live card kept as-is (not re-verified in this wave),,assembler,TOPIC added: 1.2 Secure workloads (row aws-cognito-user-pool-vs-identity-pool (exists/1.2)),aws-saa-c03.base.md,yes
aws-vpc-endpoints-gateway-vs-interface,live,exists,,live card kept as-is (not re-verified in this wave),,assembler,"TOPIC added: 1.2 Secure workloads (row aws-vpc-endpoints-gateway-vs-interface (exists/1.2)); backlog section 3 fix: explanation trimmed, explanation trimmed, explanation trimmed",aws-saa-c03.base.md,yes
aws-vpc-flow-logs,live,exists,,live card kept as-is (not re-verified in this wave),,assembler,TOPIC added: 1.2 Secure workloads (row aws-vpc-flow-logs (exists/1.2)),aws-saa-c03.base.md,yes
aws-ssm-session-manager-vs-bastion,live,exists,,live card kept as-is (not re-verified in this wave),,assembler,TOPIC added: 1.2 Secure workloads (row aws-ssm-session-manager-vs-bastion (exists/1.2)),aws-saa-c03.base.md,yes
aws-cloudhsm-vs-kms,live,exists,,live card kept as-is (not re-verified in this wave),,assembler,TOPIC added: 1.3 Data security controls (row aws-cloudhsm-vs-kms (exists/1.3)),aws-saa-c03.base.md,yes
aws-ec2-imdsv2,live,exists,,live card kept as-is (not re-verified in this wave),,assembler,TOPIC added: 1.2 Secure workloads (row aws-ec2-imdsv2 (exists/1.2)),aws-saa-c03.base.md,yes
aws-rds-encryption-and-iam-auth,live,exists,,live card kept as-is (not re-verified in this wave),,assembler,TOPIC added: 1.3 Data security controls (row aws-rds-encryption-and-iam-auth (exists/1.3)),aws-saa-c03.base.md,yes
aws-ebs-encryption-default,live,exists,,live card kept as-is (not re-verified in this wave),,assembler,TOPIC added: 1.3 Data security controls (row aws-ebs-encryption-default (exists/1.3)),aws-saa-c03.base.md,yes
aws-api-gateway-auth-options,live,exists,,live card kept as-is (not re-verified in this wave),,assembler,TOPIC added: 1.2 Secure workloads (row aws-api-gateway-auth-options (exists/1.2)),aws-saa-c03.base.md,yes
aws-lambda-vpc-access,live,exists,,live card kept as-is (not re-verified in this wave),,assembler,TOPIC added: 1.2 Secure workloads (no backlog row: mapped by service),aws-saa-c03.base.md,yes
aws-privatelink-expose-service,live,exists,,live card kept as-is (not re-verified in this wave),,assembler,TOPIC added: 1.2 Secure workloads (row aws-privatelink-expose-service (exists/1.2)),aws-saa-c03.base.md,yes
aws-asg-health-checks-elb-vs-ec2,live,exists,,live card kept as-is (not re-verified in this wave),,assembler,TOPIC added: 2.2 HA and fault tolerance (no backlog row: mapped by service),aws-saa-c03.base.md,yes
aws-elb-deregistration-delay,live,exists,,live card kept as-is (not re-verified in this wave),,assembler,TOPIC added: 2.2 HA and fault tolerance (no backlog row: mapped by service),aws-saa-c03.base.md,yes
aws-s3-versioning-and-mfa-delete,live,exists,,live card kept as-is (not re-verified in this wave),,assembler,TOPIC added: 1.3 Data security controls (row aws-s3-versioning-and-mfa-delete (exists/1.3)),aws-saa-c03.base.md,yes
aws-sqs-fifo-vs-standard,live,exists,,live card kept as-is (not re-verified in this wave),,assembler,TOPIC added: D2 services (row aws-sqs-service (exists/D2)),aws-saa-c03.base.md,yes
aws-sqs-long-polling,live,exists,,live card kept as-is (not re-verified in this wave),,assembler,TOPIC added: 2.1 Loosely coupled architectures (row aws-sqs-long-polling (exists/2.1)),aws-saa-c03.base.md,yes
aws-sqs-message-retention-and-size,live,exists,,live card kept as-is (not re-verified in this wave),,assembler,TOPIC added: 2.1 Loosely coupled architectures (row aws-sqs-message-retention-and-size (exists/2.1)),aws-saa-c03.base.md,yes
aws-lambda-retries-and-destinations,live,exists,,live card kept as-is (not re-verified in this wave),,assembler,TOPIC added: 2.1 Loosely coupled architectures (no backlog row: mapped by service),aws-saa-c03.base.md,yes
aws-dr-strategies-rpo-rto,live,exists,,live card kept as-is (not re-verified in this wave),,assembler,TOPIC added: 2.2 HA and fault tolerance (row aws-dr-strategy-ladder (exists/2.2)),aws-saa-c03.base.md,yes
aws-cloudfront-origin-failover,live,exists,,live card kept as-is (not re-verified in this wave),,assembler,TOPIC added: 2.2 HA and fault tolerance (no backlog row: mapped by service),aws-saa-c03.base.md,yes
aws-ebs-snapshot-cross-region-copy-and-dlm,live,exists,,live card kept as-is (not re-verified in this wave),,assembler,TOPIC added: 4.1 Cost-optimized storage (row aws-d4-backup-strategies-cost (exists/4.1)),aws-saa-c03.base.md,yes
aws-ebs-multi-attach-io2,live,exists,,live card kept as-is (not re-verified in this wave),,assembler,TOPIC added: 3.1 High-performing storage (no backlog row: mapped by service),aws-saa-c03.base.md,yes
aws-s3-transfer-acceleration,live,exists,,live card kept as-is (not re-verified in this wave),,assembler,TOPIC added: 3.1 High-performing storage (no backlog row: mapped by service),aws-saa-c03.base.md,yes
aws-cloudfront-signed-urls-vs-cookies,live,exists,,live card kept as-is (not re-verified in this wave),,assembler,TOPIC added: 1.2 Secure workloads (no backlog row: mapped by service); wording fix (banned-word list),aws-saa-c03.base.md,yes
aws-elasticache-redis-vs-memcached,live,exists,,live card kept as-is (not re-verified in this wave),,assembler,TOPIC added: 3.3 High-performing databases (row aws-elasticache-service-card (exists/3.3)),aws-saa-c03.base.md,yes
aws-api-gateway-rest-vs-http-vs-websocket,live,exists,,live card kept as-is (not re-verified in this wave),,assembler,TOPIC added: D2 services (row aws-api-gateway-service (exists/D2)),aws-saa-c03.base.md,yes
aws-opensearch-use-cases,live,exists,,live card kept as-is (not re-verified in this wave),,assembler,TOPIC added: D3 services (row aws-opensearch-service-card (exists/D3)),aws-saa-c03.base.md,yes
aws-appsync-graphql,live,exists,,live card kept as-is (not re-verified in this wave),,assembler,TOPIC added: D2 services (no backlog row: mapped by service),aws-saa-c03.base.md,yes
aws-s3-glacier-retrieval-tiers,live,exists,,live card kept as-is (not re-verified in this wave),,assembler,TOPIC added: D4 services (row aws-svc-s3-glacier (exists/D4)),aws-saa-c03.base.md,yes
aws-spot-fleet-and-interruption-handling,live,exists,,live card kept as-is (not re-verified in this wave),,assembler,TOPIC added: 4.2 Cost-optimized compute (row aws-d4-pat-spot-instances (exists/4.2)),aws-saa-c03.base.md,yes
aws-ec2-dedicated-hosts-vs-instances,live,exists,,live card kept as-is (not re-verified in this wave),,assembler,TOPIC added: 4.2 Cost-optimized compute (no backlog row: mapped by service),aws-saa-c03.base.md,yes
aws-data-transfer-costs-az-region,live,exists,,live card kept as-is (not re-verified in this wave),,assembler,TOPIC added: 4.4 Cost-optimized network (row aws-d4-pat-data-transfer-routes (exists/4.4)),aws-saa-c03.base.md,yes
aws-cloudfront-cost-reduction,live,exists,,live card kept as-is (not re-verified in this wave),,assembler,TOPIC added: 4.4 Cost-optimized network (row aws-d4-pat-cloudfront-egress-savings (exists/4.4)),aws-saa-c03.base.md,yes
aws-dynamodb-standard-ia-table-class,live,exists,,live card kept as-is (not re-verified in this wave),,assembler,TOPIC added: 4.3 Cost-optimized database (no backlog row: mapped by service),aws-saa-c03.base.md,yes
aws-fargate-spot-and-compute-savings-plans,live,exists,,live card kept as-is (not re-verified in this wave),,assembler,TOPIC added: 4.2 Cost-optimized compute (row aws-d4-pat-fargate-spot-capacity-providers (exists/4.2)),aws-saa-c03.base.md,yes
aws-trusted-advisor,live,exists,,live card kept as-is (not re-verified in this wave),,assembler,TOPIC added: D4 services (row aws-svc-trusted-advisor (exists/D4)),aws-saa-c03.base.md,yes
aws-compute-optimizer-and-rightsizing,live,exists,,live card kept as-is (not re-verified in this wave),,assembler,TOPIC added: D4 services (row aws-svc-compute-optimizer (exists/D4)),aws-saa-c03.base.md,yes
aws-ebs-gp3-vs-gp2-and-snapshot-archive,live,exists,,live card kept as-is (not re-verified in this wave),,assembler,TOPIC added: 4.1 Cost-optimized storage (row aws-d4-pat-ebs-ssd-gp3-vs-gp2-io2 (exists/4.1)),aws-saa-c03.base.md,yes
aws-efs-ia-and-lifecycle,live,exists,,live card kept as-is (not re-verified in this wave),,assembler,TOPIC added: 4.1 Cost-optimized storage (row aws-d4-pat-efs-ia-archive-lifecycle (exists/4.1)),aws-saa-c03.base.md,yes
aws-rds-reserved-and-stop-start,live,exists,,live card kept as-is (not re-verified in this wave),,assembler,TOPIC added: 4.3 Cost-optimized database (row aws-d4-pat-rds-reserved-and-stop-nonprod (exists/4.3)),aws-saa-c03.base.md,yes
aws-cloudwatch-logs-metric-filters-and-insights,live,exists,,live card kept as-is (not re-verified in this wave),,assembler,TOPIC added: D2 services (no backlog row: mapped by service),aws-saa-c03.base.md,yes
aws-systems-manager-run-command-patch-and-parameters,live,exists,,live card kept as-is (not re-verified in this wave),,assembler,TOPIC added: 1.2 Secure workloads (row aws-systems-manager-run-command-patch-and-parameters (exists/1.2)),aws-saa-c03.base.md,yes
aws-application-migration-service-mgn,live,exists,,live card kept as-is (not re-verified in this wave),,assembler,TOPIC added: D4 services (row aws-svc-application-migration-service (exists/D4)),aws-saa-c03.base.md,yes
aws-migration-strategies-7rs,live,exists,,live card kept as-is (not re-verified in this wave),,assembler,TOPIC added: 3.5 Data ingestion and transformation (row aws-migration-strategies-7rs (exists/3.5)),aws-saa-c03.base.md,yes
aws-cloudformation-vs-cdk-vs-elastic-beanstalk,live,exists,,live card kept as-is (not re-verified in this wave),,assembler,TOPIC added: D2 services (row aws-cloudformation-service (exists/D2)),aws-saa-c03.base.md,yes
aws-codedeploy-blue-green-lambda-ecs,live,exists,,live card kept as-is (not re-verified in this wave),,assembler,TOPIC added: D2 services (no backlog row: mapped by service),aws-saa-c03.base.md,yes
aws-config-rules-remediation,live,exists,,live card kept as-is (not re-verified in this wave),,assembler,TOPIC added: 1.3 Data security controls (row aws-config-rules-remediation (exists/1.3)),aws-saa-c03.base.md,yes
aws-resource-access-manager,live,exists,,live card kept as-is (not re-verified in this wave),,assembler,TOPIC added: 1.1 Secure access (row aws-resource-access-manager (exists/1.1)),aws-saa-c03.base.md,yes
aws-well-architected-pillars,live,exists,,live card kept as-is (not re-verified in this wave),,assembler,TOPIC added: D2 services (row aws-well-architected-tool-service (exists/D2)),aws-saa-c03.base.md,yes
aws-route53-resolver-hybrid-dns,live,exists,,live card kept as-is (not re-verified in this wave),,assembler,TOPIC added: 3.4 Scalable network (no backlog row: mapped by service); backlog section 3 fix: stem trimmed,aws-saa-c03.base.md,yes
aws-s3-lifecycle-rules-minimums,live,exists,,live card kept as-is (not re-verified in this wave),,assembler,TOPIC added: 4.1 Cost-optimized storage (row aws-d4-data-lifecycles (exists/4.1)),aws-saa-c03.base.md,yes
