uid,kind,domain,task,service,unit,title,must_teach,qualifier,distractor_angles,difficulty,priority,status,existing_uid,gap_note,batch
aws-abac-tag-based-access-mcq-05,mcq,D1,1.1,IAM,"S: flexible authorization model (users, groups, roles, policies)",Hundreds of projects; teams touch only resources tagged with their project,"Correct: ABAC - a single policy with Condition StringEquals aws:ResourceTag/project = aws:PrincipalTag/project, with tags set on roles/Identity Center attributes and enforced on resource creation. New projects need no new policies.",least-ops,"one IAM group and policy per project listing ARNs (does not scale, policy size limits); one account per project (plausible but heavy; not 'least change'); permissions boundary per project (caps, does not grant by tag); SCP per project (SCPs are account-level)",2,P0,new,,,B2.1 P0 新卡
aws-control-tower-new-landing-zone-mcq-11,mcq,D1,1.1,AWS Control Tower,"S: security strategy for multiple accounts (Control Tower, SCPs)",New company: 20 accounts with guardrails and self-service account creation,"Correct: Control Tower - landing zone with log archive and audit accounts, controls, and Account Factory. Plain Organizations needs you to hand-build all of it.",least-ops,"Organizations with hand-written SCPs and StackSets (works, more ops); Service Catalog alone (only provisioning); Config aggregator plus Security Hub (detective only, no account vending); one account with separate VPCs (violates blast-radius requirement)",1,P1,new,,,B4.1 P1 新卡
aws-cross-account-s3-two-policies-mcq-13,mcq,D1,1.1,Amazon S3,S: appropriate use of resource policies,Role in account B must read a bucket in account A - minimal correct change,"Correct: bucket policy in A allowing the B role ARN, plus the B role's identity policy allowing s3:GetObject on that bucket; set Object Ownership to bucket owner enforced so uploaded objects are readable. One side alone fails cross-account.",least-change,"only an identity policy in B (cross-account needs the resource side); make the bucket public and rely on Block Public Access being off (over-exposed); create an IAM user in A and share keys (long-lived keys); object ACLs per object (legacy, does not scale)",2,P0,new,,,B2.1 P0 新卡
aws-iam-groups-shared-permissions-mcq-04,mcq,D1,1.1,IAM,"S: flexible authorization model (users, groups, roles, policies)","50 developers need identical permissions, new hires must be onboarded quickly - least ops","Correct: put users in an IAM group with a customer-managed policy (or better, an Identity Center group with a permission set). Groups cannot be nested and cannot be principals in resource policies.",least-ops,inline policy copied to each user (does not scale); one shared IAM user (violates individual accountability); nested groups (do not exist); resource policies listing each user (wrong policy type),1,P0,new,,,B2.1 P0 新卡
aws-iam-mfa-for-destructive-api-mcq-02,mcq,D1,1.1,IAM,S: best practices for IAM users and root users (MFA),Require MFA before IAM users can terminate instances or delete buckets,Correct: identity policy (or permissions boundary) with Condition Bool aws:MultiFactorAuthPresent true on the destructive actions. Trap: putting the same condition in an SCP blocks service roles that never have MFA context.,most-secure,SCP denying all actions without MFA (violates constraint: breaks workload roles); strengthen the password policy (wrong feature); CloudTrail + EventBridge alert on terminate (detective only); require MFA only at console sign-in (does not cover CLI/API),2,P0,new,,,B2.1 P0 新卡
aws-identity-account-hub-roles-mcq-09,mcq,D1,1.1,IAM,"S: role-based access control strategy (STS, role switching, cross-account)","Central identity account, users switch into dev/prod accounts - what must exist where",Correct: a role in each target account whose trust policy allows the identity account (or its specific principals) plus an identity policy in the identity account allowing sts:AssumeRole on those role ARNs. SCPs and resource policies do not create this path.,least-ops,"duplicate IAM users in every account (violates single identity); an SCP that grants access to prod (SCPs never grant); resource policies on every service (unworkable); Identity Center enabled but no permission set assignments (right service, incomplete)",2,P1,new,,,B4.1 P1 新卡
aws-identity-center-with-ad-connector-mcq-16,mcq,D1,1.1,AWS IAM Identity Center,S: when to federate a directory service with IAM roles,"On-prem AD, 15 accounts, no directory data may be stored in AWS - workforce SSO design",Correct: IAM Identity Center with AD Connector (over VPN/DX) as the identity source and permission sets per group. Managed Microsoft AD with a trust stores directory data in AWS; Simple AD cannot trust; Cognito is for customers.,least-change,"Managed Microsoft AD with a two-way trust (violates 'no directory data in AWS'); Simple AD synced by script (no trust, no MFA); Cognito user pool with SAML (customer identity tool); IAM users created by a sync job (long-lived credentials)",2,P1,new,,,B4.1 P1 新卡
aws-managed-vs-inline-policy-choice-mcq-06,mcq,D1,1.1,IAM,"S: flexible authorization model (users, groups, roles, policies)",Reusable permission set updated in one place vs a one-off permission tied to a single role,"Correct: customer-managed policy for the reusable set (versioned, attach to many roles, edit once), inline policy for the strict one-to-one permission that must die with the role; AWS-managed policies cannot be edited.",least-change,edit the AWS managed policy (impossible); inline policy copied into every role (no central update); resource policy on each service (wrong policy type); permissions boundary (caps rather than grants),2,P1,new,,,B4.1 P1 新卡
aws-protect-cloudtrail-org-wide-mcq-12,mcq,D1,1.1,AWS CloudTrail,"S: security strategy for multiple accounts (Control Tower, SCPs)","No member principal, even root, can stop logging or leave the org - choose two",Correct pair: (1) SCP at the root denying cloudtrail:StopLogging/DeleteTrail/UpdateTrail and organizations:LeaveOrganization; (2) an organization trail owned by the management account writing to a central bucket. IAM policies cannot bind root; Config and log validation are detective/integrity only.,choose-two,"IAM deny policy on root in each member account (root ignores IAM); attach the SCP to the management account (no effect); Config rule cloudtrail-enabled with remediation (detective, can be raced); enable log file validation (integrity, not prevention)",3,P1,new,,,B4.1 P1 新卡
aws-role-chaining-one-hour-limit-mcq-08,mcq,D1,1.1,IAM,"S: role-based access control strategy (STS, role switching, cross-account)",Ten-hour job assumes a role from another role and dies after one hour - fix,"Correct: role chaining caps sessions at 1 hour regardless of MaxSessionDuration; have the compute's own role (instance profile/task role) be trusted directly by the target role and set MaxSessionDuration up to 12 hours, or make the job re-assume and refresh credentials.",fastest,raise MaxSessionDuration on the chained role to 12 h (ignored for chaining); use GetSessionToken (only for IAM users); switch to an IAM user with keys (violates best practice); add DurationSeconds=43200 to the AssumeRole call (rejected for chained sessions),3,P1,new,,,B4.1 P1 新卡
aws-root-user-hardening-mcq-01,mcq,D1,1.1,IAM,S: best practices for IAM users and root users (MFA),Audit finds root has access keys and no MFA - most secure remediation,"Correct: enable hardware/virtual MFA on root, delete the root access keys, and move daily work to Identity Center/roles. Root cannot be limited by IAM policies; only an SCP limits root in member accounts.",most-secure,"attach a restrictive IAM policy to root (violates: IAM policies do not apply to root); rotate the root access keys (right idea, wrong control - keys should not exist); create an admin IAM user with long-lived keys instead (violates best practice); enable CloudTrail alarms only (detective, not preventive)",1,P0,new,,,B2.1 P0 新卡
aws-scp-restrict-regions-mcq-10,mcq,D1,1.1,AWS Organizations,"S: security strategy for multiple accounts (Control Tower, SCPs)","Stop member accounts creating resources outside eu-west-1, global services intact","Correct: SCP on the root/OU that denies actions when aws:RequestedRegion is not eu-west-1, with NotAction excluding global services (IAM, Organizations, Route 53, CloudFront, STS, Support). Control Tower's Region deny control is this SCP under the hood.",least-ops,"IAM policy in each account (admins can edit it; does not bind root); Config rule flagging non-EU resources (detective only); Service Quotas set to zero in other Regions (not possible for all services); disable other Regions in each account (opt-in Regions only, not the default ones)",2,P0,new,,,B2.1 P0 新卡
aws-service-principal-resource-policy-mcq-15,mcq,D1,1.1,Amazon SNS,S: appropriate use of resource policies,S3 in account A must publish to SNS/Lambda in account B - which policy,Correct: resource-based policy on the target (SNS topic policy / Lambda resource policy) allowing the s3.amazonaws.com service principal with aws:SourceAccount/aws:SourceArn conditions. Service principals do not assume roles for notifications.,least-change,identity policy attached to 'S3' (services have no identity policy); create a role that S3 assumes (event notifications do not use roles); SCP allowing cross-account SNS (SCPs never grant); Lambda execution role granting S3 access (wrong direction),2,P1,new,,,B4.1 P1 新卡
aws-third-party-cross-account-role-mcq-07,mcq,D1,1.1,IAM,"S: role-based access control strategy (STS, role switching, cross-account)",SaaS monitoring vendor needs read access to your account - most secure,Correct: cross-account IAM role with a trust policy naming the vendor account and a Condition on sts:ExternalId; vendor calls AssumeRole and gets temporary credentials.,most-secure,"create an IAM user and email access keys (long-lived keys); make the resources public with a resource policy (over-exposed); Identity Center user for the vendor (workforce tool, still a human login); trust the vendor account without external ID (confused deputy)",2,P0,new,,,B2.1 P0 新卡
aws-web-identity-federation-mobile-mcq-17,mcq,D1,1.1,Amazon Cognito,S: when to federate a directory service with IAM roles,Mobile users sign in with Google and must upload to their own S3 prefix - which federation,Correct: Cognito identity pool exchanging the Google token for temporary credentials of a role scoped with ${cognito-identity.amazonaws.com:sub} in the resource ARN. Identity Center and SAML-to-IAM are for workforce; IAM users per app user is wrong.,least-ops,"IAM Identity Center users for customers (workforce tool); SAML federation into IAM (enterprise IdP, not Google consumer); IAM user per customer (keys on devices); presigned URLs generated with a shared key baked into the app (credential leak)",2,P1,new,,,B4.1 P1 新卡
aws-control-tower-service,service,D1,1.1,AWS Control Tower,R2 service: AWS Control Tower,"Control Tower: landing zone, guardrails (controls), Account Factory","Control Tower builds a multi-account landing zone on Organizations: log archive and audit accounts, preventive controls (SCPs), detective controls (Config rules), proactive controls (CloudFormation hooks), and Account Factory for vending accounts. Choose it for a new multi-account setup with governance; choose plain Organizations when you already have a custom structure or need only SCPs.",,,1,P1,new,,,B4.4 P1 新卡
aws-directory-service,service,D1,1.1,AWS Directory Service,R2 service: AWS Directory Service,Directory Service: Managed Microsoft AD vs AD Connector vs Simple AD,"Managed Microsoft AD = real AD in AWS, supports trusts with on-prem AD, MFA via RADIUS, needed for FSx/RDS SQL Server/WorkSpaces at scale. AD Connector = proxy to on-prem AD, no data in the cloud, needs VPN/DX, no trust. Simple AD = Samba-based, small, no trust/MFA. Identity Center can use any of the first two as identity source.",,,2,P1,new,,,B4.4 P1 新卡
aws-iam-identity-center,service,D1,1.1,AWS IAM Identity Center,R2 service: AWS IAM Identity Center,IAM Identity Center: workforce SSO with permission sets across Organization accounts,"Identity Center is the successor to AWS SSO: connect an identity source (its own store, Managed AD/AD Connector, or an external SAML/SCIM IdP), assign permission sets (which become roles in each account) to users/groups, and give people one access portal and CLI SSO. Choose it over IAM users or per-account SAML for any multi-account workforce.",,,1,P1,exists,aws-iam-identity-center,,—
aws-iam-service,service,D1,1.1,IAM,R2 service: IAM,"IAM: global identity service - users, groups, roles, policy types, evaluation logic, ABAC","IAM is global and free: users (humans with passwords/keys, avoid), groups (attach policies to many users), roles (assumed by services, federated identities or other accounts; temporary credentials), and policies (identity-based, resource-based, permissions boundaries, SCPs, session policies). Evaluation: explicit deny > SCP/boundary allow needed > explicit allow; default deny. Tag conditions enable ABAC.",,,1,P0,partial,aws-iam-roles-vs-users,"Live card covers only roles vs users; the service card must give the full object model, policy types and the evaluation summary.",B3 修补 partial 卡（补角度/补 usage/改难度）
aws-organizations-service,service,D1,1.1,AWS Organizations,R2 service: AWS Organizations,"Organizations: OUs, SCPs, consolidated billing, delegated administrators","Organizations gives one management account, OUs, SCPs, consolidated billing with shared RI/Savings Plan discounts and volume tiers, and delegated admin for services like GuardDuty and Security Hub. Management account is exempt from SCPs; SCPs filter but never grant; all-features mode is required for SCPs and tag policies.",,,1,P0,partial,aws-organizations-scp,"Live card covers SCP evaluation only; the service card must add OUs, billing benefits, delegated admin, all-features mode.",B3 修补 partial 卡（补角度/补 usage/改难度）
aws-resource-access-manager,service,D1,1.1,AWS Resource Access Manager (AWS RAM),R2 service: AWS Resource Access Manager (AWS RAM),"RAM: share subnets, Transit Gateways, Route 53 Resolver rules, licenses across accounts","RAM shares resources (VPC subnets, TGW, Resolver rules, License Manager configs, Outposts) with accounts or OUs so resources exist once; sharing within an Organization needs no acceptance. Choose it over duplicating VPCs; it does not share S3 buckets or IAM roles (those use resource policies).",,,1,P1,exists,aws-resource-access-manager,,—
aws-federated-access-concept,concept,D1,1.1,AWS IAM Identity Center,"K: AWS federated access and identity services (IAM, IAM Identity Center)","Federation options: IAM SAML/OIDC, Identity Center, Cognito - which identity for whom","Workforce users go through IAM Identity Center (SAML/SCIM from Okta/Entra/AD) or a SAML 2.0 provider in IAM (AssumeRoleWithSAML, single account); customer/app users go through Cognito (AssumeRoleWithWebIdentity). In all cases the identity ends up in an IAM role with temporary STS credentials - no IAM users are created for federated people.",,,2,P1,partial,aws-iam-identity-center,Live card covers Identity Center for multi-account SSO only; missing the IAM SAML provider path for a single account and the Cognito path for customer identities.,B3 修补 partial 卡（补角度/补 usage/改难度）
aws-global-infrastructure-security-concept,concept,D1,1.1,-,"K: AWS global infrastructure (Availability Zones, Regions)","Regions, AZs and edge as security and residency boundaries","A Region is the data-residency boundary: data never leaves it unless you replicate it; AZs are isolated fault domains inside it. IAM, Organizations, Route 53, CloudFront and WAF (for CloudFront) are global; KMS keys, ACM certificates, VPCs and most resources are Regional. To pin a company to one Region, use an SCP with aws:RequestedRegion, not IAM policies per account.",,,1,P1,new,,"absorbs aws-regions-data-residency: Same D1 content: Region is the residency boundary, list of global services, SCP",B4.5 P1 新卡
aws-multi-account-access-management,concept,D1,1.1,AWS Organizations,K: Access controls and management across multiple accounts,"Layers of multi-account access control: OU/SCP, cross-account roles, Identity Center, RAM","Four layers stack: Organizations OUs carry SCPs (guardrails, never grants), cross-account IAM roles carry the actual permissions, IAM Identity Center hands humans permission sets in every account, and RAM shares resources (subnets, TGW) without copying them. Rule: prevent with SCP, grant with roles, share with RAM.",,,2,P1,partial,aws-organizations-scp,Live card only explains SCP evaluation; the concept card must lay out the four layers and which one to reach for per requirement.,B3 修补 partial 卡（补角度/补 usage/改难度）
aws-security-best-practices-concept,concept,D1,1.1,IAM,K: AWS security best practices (principle of least privilege),"The exam's security-best-practice checklist: roles over keys, MFA, least privilege, audit","Checklist the exam expects: lock and MFA the root user with no access keys; humans sign in through Identity Center, workloads use roles (instance profiles, task roles, execution roles), never embedded keys; grant least privilege with conditions; rotate credentials; log everything with CloudTrail; encrypt by default. Whenever an option mentions long-lived access keys on a server, it is the wrong option.",,,1,P0,partial,aws-iam-roles-vs-users,"Live card covers only role-vs-user for EC2; the concept card must add root hardening, MFA, rotation, CloudTrail, and the 'access keys in an option = wrong' heuristic.",B3 修补 partial 卡（补角度/补 usage/改难度）
aws-shared-responsibility-model,concept,D1,1.1,-,K: The AWS shared responsibility model,"Shared responsibility: OF the cloud vs IN the cloud, and how the line moves by service","AWS secures the infrastructure (hardware, facilities, hypervisor, managed-service patching); the customer secures what they put in it (data, IAM, OS patching on EC2, security groups, encryption choices). The line moves: on EC2 you patch the OS, on RDS AWS patches the engine but you set encryption and access, on Lambda/S3 you own only data, code and permissions.",,,1,P1,new,,,B4.5 P1 新卡
aws-iam-access-analyzer-credential-report,pattern,D1,1.1,IAM,R3 pattern: IAM Access Analyzer and credential report,"Access Analyzer (external/unused access, policy checks) vs IAM credential report","Access Analyzer finds resources reachable from outside the zone of trust (S3, KMS, roles, SQS, secrets...) and unused roles/keys and validates/generates policies; the credential report is a CSV of every IAM user's password/key age and MFA state.",,,1,P1,exists,aws-iam-access-analyzer-credential-report,,—
aws-iam-permissions-boundary,pattern,D1,1.1,IAM,R3 pattern: permissions boundaries,Permissions boundaries: let developers create roles without escalating privilege,A permissions boundary is a managed policy that caps the maximum permissions of a user or role; combine with iam:PermissionsBoundary condition so developers can only create roles that carry the boundary. It never grants; it is the per-identity twin of an SCP.,,,3,P1,exists,aws-iam-permissions-boundary,,—
aws-iam-policy-evaluation-explicit-deny,pattern,D1,1.1,IAM,R3 pattern: IAM policy evaluation logic,"Policy evaluation: explicit deny, SCP, boundary, session, allow, default deny","Every request is denied by default; an explicit Deny anywhere wins; then SCPs, permissions boundaries and session policies must allow; then an identity-based or (same-account) resource-based Allow is needed. AdministratorAccess cannot override an SCP deny.",,,2,P1,exists,aws-iam-policy-evaluation-explicit-deny,,—
aws-iam-policy-types-pattern,pattern,D1,1.1,IAM,"R3 pattern: IAM users, groups, roles, and policies",The six policy types and which question each answers,"Identity-based (what can this principal do), resource-based (who can touch this resource; enables cross-account without a role), permissions boundary (cap on an identity), SCP (cap on an account), session policy (cap on one AssumeRole session), ACL (legacy S3). Effective permission = intersection of all caps AND (identity OR resource allow), minus any explicit deny.",,,2,P0,partial,aws-iam-policy-evaluation-explicit-deny,Live card covers evaluation order with SCP; missing the six-type taxonomy and the cap-vs-grant distinction.,B3 修补 partial 卡（补角度/补 usage/改难度）
aws-least-privilege-pattern,pattern,D1,1.1,IAM,R3 pattern: the principle of least privilege,"Least privilege: deny by default, scope ARNs and conditions, prune with Access Analyzer","Start with no permissions, grant specific actions on specific ARNs with conditions (source VPC, tags, MFA), avoid wildcards and AdministratorAccess, and prune with IAM Access Analyzer policy generation and last-accessed data. Option-scanning rule: the answer that names exact actions/resources beats the one that attaches a broad managed policy.",,,1,P0,new,,,B2.5 P0 新卡
aws-mfa-pattern,pattern,D1,1.1,IAM,R3 pattern: multi-factor authentication [MFA],"MFA: device types, enforcing it on root and users, aws:MultiFactorAuthPresent, MFA delete","MFA types: virtual TOTP, FIDO security key, hardware TOTP. Root and every IAM user should have it; enforce it on API actions with a Condition on aws:MultiFactorAuthPresent (trap: roles used by services have no MFA context, so do not put that condition in SCPs that also hit workloads); S3 MFA delete needs the root user and CLI. Identity Center and Cognito bring their own MFA.",,,2,P0,new,,,B2.5 P0 新卡
aws-organizations-scp,pattern,D1,1.1,AWS Organizations,R3 pattern: service control policies [SCPs],"SCPs: guardrails that cap, never grant; inheritance through OUs; management account exempt","SCPs apply to every principal in member accounts including root; they filter (deny-list or allow-list) but grant nothing, inherit down the OU tree, and never affect the management account or service-linked roles. A user still needs an IAM allow.",,,2,P1,exists,aws-organizations-scp,,—
aws-s3-bucket-policy-vs-iam-policy,pattern,D1,1.1,Amazon S3,R3 pattern: resource policies for AWS services,Resource-based policies: bucket policy plus identity policy for cross-account access,Cross-account S3 access needs the bucket owner's bucket policy to allow the foreign principal and the caller's identity policy to allow the action; same-account access needs either. Object Ownership 'bucket owner enforced' removes ACL surprises.,,,2,P1,exists,aws-s3-bucket-policy-vs-iam-policy,,—
aws-sts-assume-role-cross-account,pattern,D1,1.1,IAM,R3 pattern: cross-account access,"Cross-account roles: trust policy, external ID for third parties, no shared keys","Create a role in the resource account whose trust policy names the partner account (and an ExternalId to prevent the confused deputy), and let the partner AssumeRole; never hand out IAM user keys. Same pattern for your own accounts without the external ID.",,,2,P1,exists,aws-sts-assume-role-cross-account,absorbs aws-role-switching-pattern: Two-allow rule (trust policy + sts:AssumeRole identity allow) is the live cross-,—
aws-sts-temporary-credentials,pattern,D1,1.1,IAM,R3 pattern: AWS STS,"STS APIs and session rules: AssumeRole variants, GetSessionToken, durations","STS issues temporary credentials: AssumeRole (roles, cross-account), AssumeRoleWithSAML (enterprise IdP), AssumeRoleWithWebIdentity (Cognito/OIDC), GetSessionToken (MFA-protected calls for IAM users), GetFederationToken (legacy broker). Sessions last 15 minutes to 12 hours (role MaxSessionDuration), but role chaining is capped at 1 hour. Credentials cannot be revoked early except by a policy with aws:TokenIssueTime.",,,2,P0,partial,aws-sts-assume-role-cross-account,"Live card covers AssumeRole with external ID; missing the other STS APIs, duration limits, role-chaining cap and revocation trick.",B3 修补 partial 卡（补角度/补 usage/改难度）
aws-alb-only-public-tier-mcq-25,mcq,D1,1.2,Elastic Load Balancing,S: network segmentation strategies (public and private subnets),Web servers have public IPs; must not be reachable directly but still patch,"Correct: internet-facing ALB in public subnets, EC2 in private subnets without public IPs, egress for patches via NAT gateway (or SSM/patch endpoints). The instances keep working through the ALB.",most-secure,keep public IPs but tighten the SG to the ALB (still addressable); move instances to private subnets and add an IGW route (makes them public again); use Elastic IPs (still public); put instances in an isolated subnet with no NAT (breaks patching),2,P1,new,,,B4.1 P1 新卡
aws-block-single-ip-nacl-mcq-18,mcq,D1,1.2,Amazon VPC,"S: VPC architectures with security components (SG, route tables, NACLs, NAT)",One IP is attacking instances with public IPs (no ALB) - block it fastest,Correct: add a low-numbered Deny rule for that /32 to the subnet's NACL. Security groups cannot deny; WAF needs CloudFront/ALB/API Gateway in front; route tables act on destinations.,fastest,"security group deny rule (does not exist); WAF IP set (no supported resource in front); blackhole route (routes are destination based); Shield Advanced (DDoS, not one IP)",1,P0,new,,,B2.1 P0 新卡
aws-client-vpn-remote-workforce-mcq-33,mcq,D1,1.2,AWS Client VPN,"S: securing external network connections (VPN, Direct Connect)",Remote employees need access to private VPC apps with AD credentials and MFA - least ops,"Correct: AWS Client VPN endpoint with Active Directory (or SAML/Identity Center) authentication, MFA, and authorization rules per group; associated with private subnets.",least-ops,"Site-to-Site VPN from each home (site, not user); bastion host with public SSH and keys (violates best practice); Direct Connect to each employee (impossible); Session Manager only (shell to EC2, not general app access)",1,P2,new,,,B5.1 P2 长尾
aws-db-password-rotation-no-code-mcq-28,mcq,D1,1.2,AWS Secrets Manager,"S: integrating AWS services to secure applications (Shield, WAF, Identity Center, Secrets Manager)",RDS password must rotate every 30 days with no custom code - least ops,"Correct: Secrets Manager with managed rotation for RDS (built-in Lambda rotator); app fetches the secret at runtime via its role. Parameter Store has no native rotation; KMS stores keys, not secrets.",least-ops,"Parameter Store SecureString with a scheduled Lambda you write (custom code); store in KMS (KMS does not store secrets); environment variables updated by a pipeline (manual, exposed); IAM DB authentication (valid alternative in some stems, but not 'rotate the password')",1,P0,new,,,B2.2 P0 新卡
aws-encrypt-direct-connect-traffic-mcq-31,mcq,D1,1.2,AWS Direct Connect,"S: securing external network connections (VPN, Direct Connect)",Regulator requires encryption of all traffic on the Direct Connect link - most secure,Correct: IPsec Site-to-Site VPN over a Direct Connect public VIF (or MACsec on a dedicated 10/100 Gbps connection). A private VIF alone is isolated but not encrypted; application TLS covers only some flows.,most-secure,"use a private VIF (isolation, no encryption); rely on TLS in applications (does not cover all protocols); Client VPN (for users, not sites); PrivateLink over DX (private path, not link encryption)",2,P1,new,,,B4.1 P1 新卡
aws-firewall-manager-enforce-waf-org-mcq-30,mcq,D1,1.2,AWS Firewall Manager,"S: integrating AWS services to secure applications (Shield, WAF, Identity Center, Secrets Manager)","Same web ACL on every ALB in 40 accounts, including future ALBs - least ops",Correct: Firewall Manager WAF policy from the delegated admin account (requires Organizations and Config); it auto-associates the web ACL with in-scope resources as they appear.,least-ops,"CloudFormation StackSets deploying web ACLs (does not associate future ALBs); SCP requiring WAF (SCPs cannot enforce associations); Security Hub control (detective); Config rule with remediation per account (works but per-account setup, more ops)",2,P1,new,,,B4.1 P1 新卡
aws-isolation-account-vs-vpc-vs-subnet-mcq-24,mcq,D1,1.2,AWS Organizations,S: network segmentation strategies (public and private subnets),"Prod and dev must have separate blast radius, billing and guardrails - what boundary","Correct: separate AWS accounts under Organizations (SCPs, billing, IAM boundary), with VPCs per account; subnets and security groups only segment networks, not identities or bills.",most-secure,separate subnets in one VPC (network only); separate security groups (host only); separate Regions in one account (same IAM/billing boundary); tag-based ABAC in one account (does not bound blast radius or bills),2,P1,new,,,B4.1 P1 新卡
aws-nacl-ephemeral-ports-timeout-mcq-21,mcq,D1,1.2,Amazon VPC,"S: VPC architectures with security components (SG, route tables, NACLs, NAT)",Custom NACL allows 443 inbound but clients time out; SG is fine - fix,Correct: NACLs are stateless; add an outbound allow for ephemeral ports 1024-65535 (and inbound ephemeral for outbound-initiated flows). Security groups already handle return traffic statefully.,least-change,add an outbound rule to the security group (already stateful); add inbound port 80 (wrong direction/port); lower the rule number of the 443 rule (order is not the issue); change the route table (routing is fine),3,P1,new,,,B4.1 P1 新卡
aws-nat-gateway-per-az-mcq-20,mcq,D1,1.2,Amazon VPC,"S: VPC architectures with security components (SG, route tables, NACLs, NAT)",Three AZs share one NAT gateway; AZ outage cut egress - most available fix,Correct: one NAT gateway per AZ with a route table per private subnet pointing at its local NAT. Cross-AZ NAT also incurs data transfer charges.,most-available,"second NAT gateway in the same AZ (same failure domain); NAT instances in an ASG (more ops, still cross-AZ); attach the IGW route to private subnets (makes them public); replace with interface endpoints for everything (only covers AWS services)",2,P0,new,,"overlaps aws-single-nat-gateway-spof-mcq-31: write it from a different angle/scenario (Identical stem (one NAT in one AZ, AZ outage cuts egress), identical a)",B2.1 P0 新卡
aws-private-egress-to-s3-dynamodb-mcq-22,mcq,D1,1.2,Amazon VPC,"S: VPC architectures with security components (SG, route tables, NACLs, NAT)","Private instances need only S3 and DynamoDB, no internet - least cost","Correct: gateway VPC endpoints for S3 and DynamoDB (free, route-table entries). NAT gateway and interface endpoints both cost hourly plus per GB.",least-cost,"NAT gateway (hourly + per-GB); interface endpoints for S3 and DynamoDB (works, but hourly per AZ); IGW with public IPs (violates no-internet); Transit Gateway to a shared egress VPC (heavy and paid)",2,P0,new,,moved: A least-cost qualifier in the security domain duplicates aws-d4-transfer-cost-ro,B2.1 P0 新卡
aws-rds-publicly-accessible-fix-mcq-23,mcq,D1,1.2,Amazon RDS,S: network segmentation strategies (public and private subnets),RDS instance is publicly accessible and reachable from the internet - most secure fix,"Correct: place it in a DB subnet group of private/isolated subnets, set Publicly Accessible = No, and restrict the SG to the app tier SG. Encryption, IAM auth and WAF do not remove network exposure.",most-secure,"keep public but add a NACL deny for 0.0.0.0/0 on 3306 (still public, brittle); enable encryption at rest (does not affect reachability); enable IAM DB authentication (auth, not exposure); put WAF in front (WAF cannot front RDS)",1,P0,new,,,B2.1 P0 新卡
aws-s3-lock-to-vpc-endpoint-mcq-14,mcq,D1,1.2,Amazon S3,S: appropriate use of resource policies,Instances reach only company buckets; buckets accept only VPC traffic,Correct: gateway endpoint policy restricting Resource to the company bucket ARNs plus a bucket policy Deny with Condition StringNotEquals aws:sourceVpce. Gateway endpoints have no security group; instances have no NAT so aws:SourceIp is wrong.,most-secure,security group on the gateway endpoint (does not exist); bucket policy on aws:SourceIp of the NAT gateway (no NAT in design; public IP based); IAM policy on the instance role alone (does not stop other principals); NACL allowing only S3 IP ranges (does not scope buckets),3,P1,new,,moved: The decision is gateway-endpoint policy plus aws:sourceVpce; the exam guide list,B4.1 P1 新卡
aws-shield-advanced-justification-mcq-27,mcq,D1,1.2,AWS Shield,"S: integrating AWS services to secure applications (Shield, WAF, Identity Center, Secrets Manager)","Need DDoS cost protection, 24/7 response team and L7 visibility - which tier","Correct: Shield Advanced (subscription, includes WAF costs for protected resources, SRT, cost credits for scaling during attacks). Shield Standard gives none of those; WAF alone gives L7 rules only.",most-secure,"Shield Standard (no SRT/cost protection); WAF only (no DDoS cost credits); GuardDuty (detection, not mitigation); Firewall Manager alone (deploys policies; still needs Shield Advanced)",2,P1,new,,,B4.1 P1 新卡
aws-three-tier-security-group-chain-mcq-19,mcq,D1,1.2,Amazon VPC,"S: VPC architectures with security components (SG, route tables, NACLs, NAT)",Web/app/DB tiers behind an ALB - most secure security-group design,"Correct: ALB SG allows 443 from 0.0.0.0/0; web SG allows 80/443 only from the ALB SG; DB SG allows 3306 only from the app SG; SG-to-SG references, no CIDRs, no 0.0.0.0/0 on the DB.",most-secure,"DB SG allows 3306 from the VPC CIDR (wider than needed); one SG for all tiers allowing all internal traffic (no segmentation); NACL-only design (stateless, no resource references); DB SG allows app subnet CIDR (breaks when tiers scale or move)",2,P0,new,,,B2.1 P0 新卡
aws-vpn-customer-gateway-redundancy-mcq-32,mcq,D1,1.2,AWS Site-to-Site VPN,"S: securing external network connections (VPN, Direct Connect)",Customer-gateway failure took the VPN site offline - most available design,Correct: second customer gateway device with its own Site-to-Site VPN connection (each already has two tunnels to two AWS endpoints); or DX with VPN backup. A second VGW is not possible per VPC.,most-available,"add a second tunnel to the existing connection (already has two; same CGW); attach a second virtual private gateway (one per VPC); Accelerated VPN (performance, not CGW redundancy); Client VPN as backup (users, not site)",2,P1,new,,,B4.1 P1 新卡
aws-waf-cannot-attach-nlb-mcq-29,mcq,D1,1.2,AWS WAF,"S: integrating AWS services to secure applications (Shield, WAF, Identity Center, Secrets Manager)",SQL injection against an API behind an NLB - change that enables WAF,"Correct: WAF attaches to CloudFront, ALB, API Gateway, AppSync and Cognito, not NLB; put CloudFront (or replace NLB with ALB) in front and attach the web ACL there. Shield Advanced on NLB handles DDoS, not injection.",least-change,"attach WAF directly to the NLB (unsupported); Shield Advanced on the NLB (DDoS only); security-group rules on port 443 (no L7 inspection); GuardDuty (detects, does not block)",2,P1,new,,,B4.1 P1 新卡
aws-waf-rate-based-http-flood-mcq-26,mcq,D1,1.2,AWS WAF,"S: integrating AWS services to secure applications (Shield, WAF, Identity Center, Secrets Manager)",HTTP flood from thousands of rotating IPs against an ALB - least ops mitigation,Correct: WAF web ACL on the ALB with a rate-based rule (requests per 5 minutes per IP) plus the Bot Control managed rule group; optionally CloudFront in front. Shield Standard already covers L3/4; NACLs cannot keep up with rotating IPs.,least-ops,"NACL deny rules per IP (unmanageable); Shield Standard (already on, L3/4 only); scale the ASG bigger (absorbs cost, no mitigation); security group rule limits (allow-only)",2,P0,new,,,B2.2 P0 新卡
aws-client-vpn-service,service,D1,1.2,AWS Client VPN,R2 service: AWS Client VPN,Client VPN: managed OpenVPN for remote users with AD/SAML/certificate auth,"Client VPN is the managed OpenVPN endpoint for people (not sites): authenticates with Active Directory, SAML (Identity Center/Okta) or mutual TLS certificates, supports MFA, authorization rules per group, and split tunnel. Choose it for remote staff reaching private resources; choose Site-to-Site VPN for office-to-VPC, Session Manager when only EC2 shell access is needed.",,,1,P2,new,,,B5.1 P2 长尾
aws-cognito-user-pool-vs-identity-pool,service,D1,1.2,Amazon Cognito,R2 service: Amazon Cognito,"Cognito: user pools (auth, hosted UI, MFA, IdPs) vs identity pools (AWS credentials)","User pools authenticate app users and return JWTs (hosted UI, MFA, social and SAML IdPs, Lambda triggers); identity pools exchange any identity (user pool, Google, SAML, unauthenticated guests) for temporary IAM credentials via STS. Customer-facing apps only: workforce SSO is Identity Center.",,,2,P1,exists,aws-cognito-user-pool-vs-identity-pool,,—
aws-detective-service,service,D1,1.2,Amazon Detective,R2 service: Amazon Detective,Detective: investigate GuardDuty/Security Hub findings with a behaviour graph,"Detective ingests CloudTrail, VPC Flow Logs and GuardDuty findings into a graph so you can answer 'what else did this principal/IP touch and since when'. It is the post-alert investigation tool; it does not detect (GuardDuty), scan (Inspector) or aggregate (Security Hub).",,,1,P2,partial,aws-guardduty-inspector-macie-detective,Live card gives Detective one clause; service card must state its data sources and its position after GuardDuty in the workflow.,B3 修补 partial 卡（补角度/补 usage/改难度）
aws-direct-connect-service,service,D1,1.2,AWS Direct Connect,R2 service: AWS Direct Connect,"Direct Connect: dedicated/hosted, VIF types, DX Gateway, unencrypted by default","DX is a private physical link (dedicated 1/10/100 Gbps or hosted sub-1 Gbps) with weeks of lead time; private VIF to a VGW/DX Gateway, transit VIF to TGW, public VIF for public AWS endpoints. Traffic is not encrypted: add VPN over DX or MACsec. Resilience needs a second connection or VPN backup.",,,2,P1,partial,aws-direct-connect-encryption,"Live card covers encryption and DX Gateway; missing VIF types, dedicated vs hosted, lead time, resiliency models.",B3 修补 partial 卡（补角度/补 usage/改难度）
aws-firewall-manager-service,service,D1,1.2,AWS Firewall Manager,R2 service: AWS Firewall Manager,"Firewall Manager: org-wide WAF, Shield Advanced, SG and Network Firewall enforcement","Firewall Manager applies WAF web ACLs, Shield Advanced protection, security-group baselines and Network Firewall/Route 53 DNS Firewall policies to every matching resource across an Organization, including resources created later. Requires Organizations, a delegated admin account and Config enabled. Choose it when the stem says 'all accounts' and 'automatically for new resources'.",,,2,P2,new,,,B5.1 P2 长尾
aws-guardduty-service,service,D1,1.2,Amazon GuardDuty,R2 service: Amazon GuardDuty,"GuardDuty: agentless threat detection from CloudTrail, VPC Flow Logs, DNS logs; org-wide","GuardDuty analyses CloudTrail events, VPC Flow Logs, DNS logs plus optional S3, EKS, RDS login, Lambda and malware protection to produce findings (compromised credentials, crypto mining, unusual API calls) without agents; enable org-wide with a delegated admin; route findings to EventBridge for automated response. Not a vulnerability scanner and not a firewall.",,,1,P1,partial,aws-guardduty-inspector-macie-detective,"Live card is a four-way picker; missing data sources, protection plans, org delegation and EventBridge response pattern.",B3 修补 partial 卡（补角度/补 usage/改难度）
aws-inspector-service,service,D1,1.2,Amazon Inspector,R2 service: Amazon Inspector,"Inspector: continuous vulnerability and reachability scanning of EC2, ECR, Lambda","Inspector automatically scans EC2 (via SSM agent), container images in ECR and Lambda functions for CVEs and unintended network exposure, scoring findings and sending them to Security Hub/EventBridge. Choose it for 'unpatched software' or 'known vulnerabilities'; not for threats (GuardDuty) or data (Macie).",,,1,P1,partial,aws-guardduty-inspector-macie-detective,"Live card gives Inspector one clause; service card must state its targets (EC2/ECR/Lambda), SSM-agent dependency and continuous mode.",B3 修补 partial 卡（补角度/补 usage/改难度）
aws-network-firewall-service,service,D1,1.2,AWS Network Firewall,R2 service: AWS Network Firewall,Network Firewall: managed VPC firewall with domain filtering and Suricata IPS rules,"Network Firewall sits in its own subnet as a Gateway Load Balancer-style endpoint that route tables steer traffic through; it filters by domain name, Suricata IPS rules, protocols and IP sets, and is often centralised in an inspection VPC via Transit Gateway. Choose it for egress domain allow-lists or IDS/IPS; security groups and NACLs cannot filter by domain, WAF is HTTP-only.",,,2,P2,new,,,B5.1 P2 长尾
aws-privatelink-expose-service,service,D1,1.2,AWS PrivateLink,R2 service: AWS PrivateLink,PrivateLink: expose or consume a service privately without peering or CIDR clashes,"PrivateLink puts a service behind an NLB (or GWLB) as an endpoint service; consumers create interface endpoints in their own VPC. Only the consumer initiates, overlapping CIDRs are fine, and it scales to thousands of consumer VPCs; use peering/TGW when both sides must initiate.",,,2,P1,exists,aws-privatelink-expose-service,,—
aws-secrets-manager-vs-parameter-store,service,D1,1.2,AWS Secrets Manager,R2 service: AWS Secrets Manager,Secrets Manager: KMS-encrypted secrets with managed rotation and cross-account access,"Secrets Manager stores secrets encrypted with KMS, rotates them with built-in Lambda rotators for RDS/Redshift/DocumentDB or custom Lambdas, supports resource policies for cross-account access and replication to other Regions; charged per secret and per API call. Parameter Store SecureString is the free alternative without rotation.",,,2,P1,exists,aws-secrets-manager-vs-parameter-store,,—
aws-shield-service,service,D1,1.2,AWS Shield,R2 service: AWS Shield,"Shield Standard vs Advanced: free L3/4 protection vs paid SRT, cost protection, WAF","Shield Standard is free and always on for every AWS customer at L3/L4. Shield Advanced ($3,000/month, 1-year commitment) adds near-real-time visibility, 24/7 DDoS Response Team, DDoS cost protection (scaling credits), WAF at no extra charge and health-based detection for EC2/EIP, ELB, CloudFront, Global Accelerator and Route 53. Choose Advanced only when the stem names SRT, cost protection or L7 DDoS on those resources.",,,1,P1,partial,aws-waf-vs-shield,"Live card contrasts WAF with Shield; missing the Standard vs Advanced split, price/commitment, SRT and cost protection.",B3 修补 partial 卡（补角度/补 usage/改难度）
aws-site-to-site-vpn-vs-direct-connect,service,D1,1.2,AWS Site-to-Site VPN,R2 service: AWS Site-to-Site VPN,"Site-to-Site VPN: IPsec over the internet, two tunnels, VGW or TGW attachment","Site-to-Site VPN is IPsec from a customer gateway to a virtual private gateway or Transit Gateway: minutes to set up, encrypted, about 1.25 Gbps per tunnel, two tunnels per connection for AZ redundancy; add a second customer gateway for on-prem redundancy, Accelerated VPN for consistent global paths. Choose DX for bandwidth/consistency, VPN for speed of setup, encryption or DX backup.",,,2,P1,exists,aws-site-to-site-vpn-vs-direct-connect,"Quality: add the two-tunnel default, ~1.25 Gbps per tunnel, and TGW attachment option to the explanation.",—
aws-systems-manager-run-command-patch-and-parameters,service,D1,1.2,AWS Systems Manager,R2 service: AWS Systems Manager,"Systems Manager: Session Manager, Run Command, Patch Manager, Parameter Store, Automation","SSM manages EC2 and on-prem servers through the agent and an instance role: Session Manager (no SSH, logged shells), Run Command, Patch Manager with maintenance windows, Parameter Store for config/secrets, Automation for runbooks (used by Config remediation). Not a monitoring service and not a secret-rotation service.",,,2,P1,exists,aws-systems-manager-run-command-patch-and-parameters,Quality: name Session Manager and Automation runbooks inside the same card so the SSM feature list is complete.,—
aws-vpc-service,service,D1,1.2,Amazon VPC,R2 service: Amazon VPC,"VPC basics: CIDR, subnets per AZ, IGW, route tables, DNS attributes, limits","A VPC is a Regional private network with a /16 to /28 CIDR (plus secondary CIDRs); subnets are AZ-bound and get a route table; an Internet Gateway plus a 0.0.0.0/0 route makes a subnet public; enableDnsHostnames/Support are needed for private hosted zones and interface endpoints. Five reserved IPs per subnet, default limit 5 VPCs per Region. Everything in D1 networking hangs off this model.",,,1,P0,new,,,B2.4 P0 新卡
aws-waf-service,service,D1,1.2,AWS WAF,R2 service: AWS WAF,"WAF: web ACLs, managed rules, rate-based rules; CloudFront/ALB/API GW/AppSync only","WAF filters HTTP(S) requests with web ACLs made of AWS managed rule groups (SQLi, XSS, bot control, IP reputation), custom rules (geo, headers, IP sets) and rate-based rules; it attaches to CloudFront, ALB, API Gateway, AppSync, Cognito user pools and App Runner, never to NLB or EC2 directly. Priced per web ACL, rule and million requests.",,,1,P0,partial,aws-waf-vs-shield,"Live card compares WAF with Shield; missing attachment points, rate-based rules, managed rule groups and pricing.",B3 修补 partial 卡（补角度/补 usage/改难度）
aws-app-credentials-security-concept,concept,D1,1.2,AWS Secrets Manager,K: Application configuration and credentials security,"Where app secrets belong: roles, Secrets Manager, Parameter Store, IMDSv2","Never store credentials in code, AMIs, user data or env files in a repo. Give compute an IAM role (credentials delivered via IMDSv2 on EC2, task role on ECS, execution role on Lambda), keep third-party secrets in Secrets Manager (rotation) or Parameter Store SecureString (cheap, no rotation), and fetch at runtime with KMS-encrypted values.",,,2,P0,partial,aws-secrets-manager-vs-parameter-store,Live card is the Secrets Manager vs Parameter Store comparison; the concept card must add the role-based credential delivery chain and the anti-patterns (keys in user data/AMI/repo).,B3 修补 partial 卡（补角度/补 usage/改难度）
aws-guardduty-inspector-macie-detective,concept,D1,1.2,Amazon GuardDuty,"K: Security services with appropriate use cases (Cognito, GuardDuty, Macie)","Security-service picker: GuardDuty, Inspector, Macie, Detective, Security Hub, Cognito","GuardDuty = threat detection from logs (no agents); Inspector = vulnerability scanning of EC2/ECR/Lambda; Macie = sensitive data in S3; Detective = investigate findings; Security Hub = aggregate and score; Cognito = customer sign-in. The trigger words in the stem (threat, CVE, PII, root cause, compliance score, user sign-up) pick the service.",,,2,P1,exists,aws-guardduty-inspector-macie-detective,Quality: add Security Hub and Cognito to the picker so all six trigger words are covered.,—
aws-network-traffic-control-concept,concept,D1,1.2,Amazon VPC,"K: Control ports, protocols, and network traffic on AWS","Layered traffic control: route table, NACL, security group, host, Network Firewall","Traffic is decided in order by route table (can it get there), NACL at the subnet (stateless, allow and deny, numbered), security group at the ENI (stateful, allow only), then the OS firewall; Network Firewall adds domain/IPS filtering at the VPC edge and WAF at HTTP layer. Match the requirement to the layer: block an IP = NACL, restrict by source resource = SG referencing, restrict domains = Network Firewall.",,,2,P0,new,,,B2.5 P0 新卡
aws-secure-application-access-concept,concept,D1,1.2,Amazon Cognito,K: Secure application access,"Front-door, admin and object-level access patterns for applications",User access: Cognito user pool or ALB/API Gateway authentication before requests reach compute. Admin access: Session Manager instead of SSH/bastions. Object access: presigned URLs or CloudFront signed URLs/OAC instead of public buckets. Service-to-service: IAM roles and VPC endpoints instead of public endpoints.,,,2,P1,partial,aws-alb-authentication-cognito-oidc,Live card covers only ALB-level login; the concept card must be the map of all four access surfaces so the learner can classify a scenario before choosing a service. | also covered in part by live aws-cloudfront-signed-urls-vs-cookies,B3 修补 partial 卡（补角度/补 usage/改难度）
aws-vpc-endpoints-gateway-vs-interface,concept,D1,1.2,AWS PrivateLink,K: AWS service endpoints,"Public, gateway and interface endpoints: private paths to AWS services, locked down","Gateway endpoints (S3, DynamoDB only) are free route-table entries usable only from inside the VPC; interface endpoints (PrivateLink) are ENIs with private IPs, hourly cost, reachable from on-premises over VPN/DX. Both accept an endpoint policy; the bucket can require aws:sourceVpce.",,,2,P1,exists,aws-vpc-endpoints-gateway-vs-interface,Quality: add endpoint policies and the aws:sourceVpce bucket-policy pairing; current explanation stops at gateway vs interface.,—
aws-waf-vs-shield,concept,D1,1.2,AWS WAF,"K: Threat vectors external to AWS (DDoS, SQL injection)","Threat to control: L3/4 flood -> Shield, L7 injection/bots -> WAF, keys -> GuardDuty","DDoS at network/transport layer is absorbed by Shield Standard (free, automatic) or Shield Advanced (paid, SRT, cost protection) plus edge services (CloudFront, Route 53, Global Accelerator); SQL injection, XSS, bad bots and HTTP floods are stopped by WAF rules attached to CloudFront, ALB, API Gateway or AppSync. Neither runs on NLB or EC2 directly.",,,2,P1,exists,aws-waf-vs-shield,Quality: mention that WAF cannot attach to NLB and that CloudFront in front is the standard fix.,—
aws-alb-authentication-cognito-oidc,pattern,D1,1.2,Elastic Load Balancing,R3 pattern: ALB authentication with Cognito or OIDC,ALB built-in authentication: authenticate-cognito / authenticate-oidc listener rules,"An HTTPS ALB listener rule can authenticate users against a Cognito user pool or any OIDC IdP before forwarding, passing identity in x-amzn-oidc-* headers; no login code on the targets.",,,2,P1,exists,aws-alb-authentication-cognito-oidc,,—
aws-api-gateway-auth-options,pattern,D1,1.2,Amazon API Gateway,R3 pattern: API Gateway authorizers,"API Gateway auth: IAM, Cognito authorizer, Lambda authorizer; API keys are not auth","IAM authorisation for AWS callers, Cognito user pool authorizer for app users, Lambda authorizer for custom tokens; API keys with usage plans meter and throttle but do not authenticate; resource policies restrict by IP/VPC/account.",,,2,P1,exists,aws-api-gateway-auth-options,,—
aws-ddos-mitigation-pattern,pattern,D1,1.2,AWS Shield,R3 pattern: DDoS,"DDoS defence in depth: Shield, edge absorption, WAF rate limits, small attack surface",Layer it: Shield Standard on everything; put CloudFront/Route 53/Global Accelerator in front so the edge absorbs floods; hide origins in private subnets behind ALB with WAF rate-based rules and bot control; autoscale to absorb; Shield Advanced for cost protection and SRT on high-value apps. Do not answer 'bigger instances' or 'NACL each IP'.,,,2,P1,new,,,B4.5 P1 新卡
aws-direct-connect-encryption,pattern,D1,1.2,AWS Direct Connect,R3 pattern: encrypting Direct Connect traffic,"DX is unencrypted: VPN over public VIF or MACsec, DX Gateway for multi-Region","Direct Connect provides isolation, not encryption; encrypt with an IPsec VPN over a public VIF (VGW/TGW as endpoint) or MACsec on dedicated 10/100 Gbps ports; a DX Gateway reaches VPCs in multiple Regions from one connection.",,,3,P1,exists,aws-direct-connect-encryption,,—
aws-ec2-imdsv2,pattern,D1,1.2,Amazon EC2,R3 pattern: instance metadata credentials (IMDSv2),IMDSv2: session-oriented metadata to stop SSRF credential theft,Instance role credentials come from the metadata service; IMDSv1 answers any GET so an SSRF bug leaks them. IMDSv2 requires a PUT to get a token with a hop limit and TTL; enforce it with HttpTokens=required at launch or in launch templates and at account level.,,,3,P1,exists,aws-ec2-imdsv2,,—
aws-nacl-rules-pattern,pattern,D1,1.2,Amazon VPC,R3 pattern: network ACLs,"NACLs: stateless, numbered rules, ephemeral ports, blocking a single IP at the subnet","NACLs are stateless subnet filters evaluated by rule number (lowest first, first match wins, implicit deny at *); you must allow return traffic on ephemeral ports 1024-65535 in both directions; default NACL allows all, custom ones deny all. Use them to deny a specific CIDR; do not use them as the primary control (SGs are).",,,2,P1,partial,aws-vpc-security-group-vs-nacl,"Live card only contrasts stateful vs stateless; missing rule numbering, ephemeral-port trap, default vs custom NACL, and the block-an-IP use.",B3 修补 partial 卡（补角度/补 usage/改难度）
aws-public-private-subnet-segmentation,pattern,D1,1.2,Amazon VPC,R3 pattern: using public subnets and private subnets,Public/private/isolated subnet tiers: what defines each and what goes where,"A subnet is public only because its route table points 0.0.0.0/0 at an IGW and instances get public IPs; private subnets route egress through NAT; isolated (database) subnets have no internet route at all. Standard three-tier: load balancers/NAT/bastions public, app private, databases isolated, each tier replicated per AZ; Lambda and RDS should never need a public subnet.",,,1,P0,partial,aws-vpc-private-subnet-nat,absorbs aws-subnet-tiers-pattern: Same public/private/isolated definitions and the same 'RDS in a public subnet' t,B3 修补 partial 卡（补角度/补 usage/改难度）
aws-route-tables-pattern,pattern,D1,1.2,Amazon VPC,R3 pattern: route tables,"Route tables: main vs custom, one per subnet, local route, longest prefix, propagation","Every subnet uses exactly one route table (main by default); the local route for the VPC CIDR cannot be removed; 0.0.0.0/0 to an IGW makes a subnet public, to a NAT gateway keeps it private with egress, to a VGW/TGW sends on-prem traffic; most specific prefix wins; VGW routes can propagate automatically. Gateway endpoints and peering also live here, so 'cannot reach X' questions often end in a missing route.",,,2,P0,partial,aws-vpc-peering-vs-transit-gateway,"absorbs aws-vpc-routing-pattern: Same route-table rules (one per subnet, local route, longest prefix, propagation",B3 修补 partial 卡（补角度/补 usage/改难度）
aws-s3-cloudfront-oac,pattern,D1,1.2,Amazon CloudFront,R3 pattern: private origin with Origin Access Control,"Keep S3 private behind CloudFront with OAC so every request passes the edge, WAF and TLS",OAC signs CloudFront's origin requests; the bucket policy allows only that distribution's service principal; Block Public Access stays on; SSE-KMS buckets are supported (unlike the old OAI).,,,2,P1,exists,aws-s3-cloudfront-oac,,—
aws-s3-presigned-urls,pattern,D1,1.2,Amazon S3,R3 pattern: presigned URLs,Presigned URLs: time-limited object access using the signer's permissions,"A presigned URL carries the signer's credentials and expiry (max 7 days with IAM user keys, session lifetime with roles); the client needs no AWS credentials; it grants exactly one operation on one object. Use for uploads/downloads from apps; use CloudFront signed URLs/cookies for CDN-scale private content.",,,1,P1,exists,aws-s3-presigned-urls,,—
aws-security-group-referencing,pattern,D1,1.2,Amazon VPC,R3 pattern: security group referencing,Reference a security group as the source instead of maintaining IP lists,Allow the DB port from the app tier's security group ID; membership follows scaling automatically. Works across peered VPCs in the same Region; not across Regions.,,,2,P1,exists,aws-security-group-referencing,,—
aws-sqli-owasp-waf-pattern,pattern,D1,1.2,AWS WAF,R3 pattern: SQL injection,Injection/OWASP attacks: WAF managed rule groups plus least-privilege data access,"SQL injection, XSS and path traversal are HTTP-layer attacks: attach WAF with the AWS managed Core (CRS) and SQL database rule groups to CloudFront/ALB/API Gateway; back it with parameterised queries and a DB user that has only the needed rights. Shield, security groups and GuardDuty do not inspect request bodies.",,,1,P1,new,,,B4.5 P1 新卡
aws-ssm-session-manager-vs-bastion,pattern,D1,1.2,AWS Systems Manager,R3 pattern: Session Manager instead of bastion hosts,"Session Manager: no inbound ports, IAM-controlled, logged shells; replaces bastions","With the SSM agent, an instance role and (in private subnets) SSM interface endpoints or NAT, Session Manager gives shell/port-forwarding access with no SSH port, no keys, IAM permissions per instance tag, and session logs to S3/CloudWatch.",,,2,P1,exists,aws-ssm-session-manager-vs-bastion,,—
aws-vpc-flow-logs,pattern,D1,1.2,Amazon VPC,R3 pattern: VPC Flow Logs,Flow Logs: accepted/rejected 5-tuples per ENI/subnet/VPC; what they cannot show,"Flow Logs capture metadata (src/dst IP, port, protocol, ACCEPT/REJECT) at VPC, subnet or ENI level into CloudWatch Logs or S3; REJECT rows point at SG/NACL drops; they never contain payloads and skip DNS to the resolver, DHCP, metadata and Windows licence traffic. Use Traffic Mirroring for packets.",,,1,P1,exists,aws-vpc-flow-logs,,—
aws-vpc-private-subnet-nat,pattern,D1,1.2,Amazon VPC,R3 pattern: NAT gateways,"NAT gateway: managed egress for private subnets, per AZ, no inbound, hourly + per GB",A NAT gateway lives in a public subnet and lets private-subnet resources initiate outbound IPv4 traffic; deploy one per AZ with per-AZ route tables for resilience; it never accepts inbound connections; IPv6 uses an egress-only IGW instead; prefer gateway endpoints for S3/DynamoDB to avoid NAT charges.,,,2,P1,exists,aws-vpc-private-subnet-nat,,—
aws-vpc-security-group-vs-nacl,pattern,D1,1.2,Amazon VPC,R3 pattern: security groups,"Security groups: stateful ENI firewall, allow-only, default deny in / allow out","Security groups are stateful (return traffic allowed automatically), evaluate all rules, allow only (no deny), attach to ENIs, and can reference other security groups or prefix lists as sources; default SG allows all outbound and inbound only from itself.",,,1,P1,exists,aws-vpc-security-group-vs-nacl,,—
aws-acm-cert-region-for-cloudfront-mcq-39,mcq,D1,1.3,AWS Certificate Manager (ACM),S: encrypting data in transit (ACM using TLS),ACM cert issued in ap-southeast-2 cannot be selected on CloudFront - fix,Correct: request/import the certificate in us-east-1; CloudFront only reads ACM certs there (ALB/API Gateway use the cert in their own Region).,fastest,"request the cert in the distribution's 'Region' (CloudFront is global; us-east-1 specifically); export the cert and install on the origin (ACM public certs are not exportable; origin cert is separate); use ACM Private CA (private certs not trusted by browsers); upload to IAM certificate store (legacy, unnecessary)",1,P0,new,,,B2.2 P0 新卡
aws-acm-certificate-not-renewing-mcq-51,mcq,D1,1.3,AWS Certificate Manager (ACM),S: rotating encryption keys and renewing certificates,ACM certificate is 30 days from expiry and has not renewed - most likely cause and fix,Correct: ACM auto-renews only DNS-validated (CNAME still present) or email-validated (owner responds) certs that are associated with a resource; imported certificates never auto-renew - re-import or replace with an ACM-issued cert. Check the CNAME record and association first.,least-ops,"ACM renews imported certificates automatically (false); redeploy the ALB to trigger renewal (no effect); buy a third-party cert every year (ops burden); move to IAM certificate store (legacy, no renewal)",2,P1,new,,,B4.2 P1 新卡
aws-artifact-audit-evidence-mcq-34,mcq,D1,1.3,AWS Artifact,S: aligning AWS technologies to meet compliance requirements,Auditor wants AWS's SOC 2 and PCI attestation documents - where,"Correct: AWS Artifact reports (and agreements such as the BAA). Security Hub, Config and Trusted Advisor describe your posture, not AWS's certifications.",fastest,"Security Hub PCI standard (your resources, not AWS's audit); Config conformance pack (your resources); Trusted Advisor security checks (your resources); open a Support case (slower, unnecessary)",1,P2,new,,,B5.1 P2 长尾
aws-backup-vault-lock-ransomware-mcq-45,mcq,D1,1.3,AWS Backup,S: implementing data backups and replications,Central backups for EBS/RDS/DynamoDB/EFS that even an admin cannot delete,"Correct: AWS Backup plan by tag into a vault with Vault Lock in compliance mode, copied to a second account/Region. Object Lock is S3-only and DLM is EBS-only.",most-secure,"S3 Object Lock (only S3); Data Lifecycle Manager policies (EBS only, deletable); scripted snapshots with MFA delete (MFA delete is S3 only; scripts deletable); cross-Region snapshot copy without a locked vault (still deletable)",2,P1,new,,,B4.2 P1 新卡
aws-continuous-compliance-org-mcq-35,mcq,D1,1.3,AWS Security Hub,S: aligning AWS technologies to meet compliance requirements,Continuously check 50 accounts against CIS benchmark with one dashboard - least ops,Correct: Security Hub with the CIS standard enabled org-wide via delegated admin (uses Config underneath). Conformance packs per account work but have no cross-account scoring dashboard without extra setup.,least-ops,"Config conformance packs deployed per account (more ops, no unified score); Inspector (vulnerabilities only); Macie (S3 data only); AWS Artifact (AWS's reports, not your posture)",2,P1,new,,,B4.1 P1 新卡
aws-end-to-end-tls-alb-targets-mcq-40,mcq,D1,1.3,Elastic Load Balancing,S: encrypting data in transit (ACM using TLS),Compliance requires encryption all the way to the instances behind an ALB - most secure,"Correct: HTTPS listener with an ACM cert on the ALB plus an HTTPS target group (instances present their own cert, self-signed is accepted by ALB), or NLB TLS passthrough for true end-to-end. Private subnets do not equal encryption.",most-secure,"HTTPS listener with HTTP targets in private subnets (plaintext inside VPC); install the ACM public cert on the instances (not exportable); Site-to-Site VPN inside the VPC (nonsense); restrict the SG to the ALB (access control, not encryption)",2,P1,new,,,B4.2 P1 新卡
aws-kms-admin-vs-user-separation-mcq-43,mcq,D1,1.3,AWS KMS,S: implementing access policies for encryption keys,Security team manages keys but never decrypts; app decrypts but never administers,"Correct: key policy with two statements - administrators get kms:Create*/Describe*/Enable*/Put*/Update*/Revoke*/Disable*/Get*/List*/ScheduleKeyDeletion/CancelKeyDeletion, users get Encrypt/Decrypt/ReEncrypt*/GenerateDataKey*/DescribeKey; keep 'Enable IAM User Permissions' scoped or removed. AWS-managed keys cannot express this.",most-secure,"single statement giving both kms:* (no separation); rely on IAM policies with the default key policy (root delegation lets any IAM admin grant themselves use); grants for administrators (grants are for use, not admin); use the AWS-managed aws/s3 key (no editable policy)",3,P1,new,,,B4.2 P1 新卡
aws-kms-cross-account-decrypt-mcq-42,mcq,D1,1.3,AWS KMS,S: implementing access policies for encryption keys,Account B role must decrypt S3 objects encrypted with a customer-managed key in account A,"Correct: key policy in A grants kms:Decrypt (and DescribeKey) to account B (root or role), and B's role identity policy allows kms:Decrypt on that key ARN, plus the S3 bucket policy for the object. KMS keys cannot be exported, copied or shared via RAM.",least-change,identity policy in B only (key policy must allow B); bucket policy alone (S3 access without key access still fails); share the key with RAM (unsupported); copy the key to account B (keys are not exportable),2,P0,new,,,B2.2 P0 新卡
aws-kms-rotation-key-types-mcq-50,mcq,D1,1.3,AWS KMS,S: rotating encryption keys and renewing certificates,Yearly rotation for imported-material and asymmetric keys - approach,"Correct: automatic rotation is only for symmetric customer-managed keys with KMS-generated material; imported, asymmetric, HMAC and custom-key-store keys need manual rotation: create a new key and repoint the alias, keeping the old key for decrypting existing data. No re-encryption of old data is required.",least-ops,enable automatic rotation on the imported-material key (unsupported); re-encrypt all data with the new key (unnecessary; alias swap suffices); delete the old key after rotation (breaks decryption of old ciphertext); switch to an AWS-managed key (loses control; still symmetric only),2,P1,new,,,B4.2 P1 新卡
aws-kms-viaservice-condition-mcq-44,mcq,D1,1.3,AWS KMS,S: implementing access policies for encryption keys,"Key may be used only through S3 in eu-west-1, never by direct API calls",Correct: key policy condition kms:ViaService = s3.eu-west-1.amazonaws.com (and kms:CallerAccount); direct Decrypt calls from users are denied even with the key ARN allowed in IAM.,most-secure,"aws:SourceIp condition (users in the office still call KMS directly); separate key per service without a condition (does not stop direct calls); grants to the S3 service (grants are created by the service, not a restriction); permissions boundary on users (does not bind service usage)",3,P1,new,,,B4.2 P1 新卡
aws-macie-find-pii-buckets-mcq-48,mcq,D1,1.3,Amazon Macie,"S: implementing policies for data access, lifecycle, and protection",Discover which of 300 buckets contain PII and alert on public exposure - least ops,"Correct: Macie with automated sensitive-data discovery and bucket policy findings, sending to Security Hub/EventBridge. GuardDuty/Inspector do not read object content.",least-ops,"GuardDuty S3 protection (threat activity, not content); Inspector (vulnerabilities); Athena scans with regex (custom, manual); Config s3-bucket-public-read-prohibited (exposure only, no PII)",1,P1,new,,,B4.2 P1 新卡
aws-object-lock-compliance-vs-governance-mcq-47,mcq,D1,1.3,Amazon S3,"S: implementing policies for data access, lifecycle, and protection",Financial records must be undeletable for 7 years even by root - which control,Correct: S3 Object Lock in compliance mode with a 7-year retention period (versioning required). Governance mode can be bypassed with s3:BypassGovernanceRetention; MFA delete and bucket policies can be undone by root/admins.,most-secure,governance mode retention (bypassable); versioning plus MFA delete (root can still delete); bucket policy denying s3:DeleteObject (admins change the policy); lifecycle rule with 7-year expiration (expiry is not immutability),2,P0,new,,,B2.2 P0 新卡
aws-rds-encrypt-existing-instance-mcq-37,mcq,D1,1.3,Amazon RDS,S: encrypting data at rest (KMS),Existing unencrypted RDS instance must be encrypted at rest - least downtime path,"Correct: take a snapshot, copy it with a KMS key, restore from the encrypted copy, cut over (or DMS for near-zero downtime). Encryption cannot be enabled in place and an unencrypted instance cannot have encrypted replicas.",least-change,"modify the instance and tick 'encrypt' (not possible); create an encrypted read replica and promote (not possible from unencrypted source); enable EBS encryption by default (does not apply to RDS); enable TDE (only Oracle/SQL Server, still not KMS at-rest for the volume)",2,P0,new,,,B2.2 P0 新卡
aws-s3-access-points-multi-app-mcq-49,mcq,D1,1.3,Amazon S3,"S: implementing policies for data access, lifecycle, and protection",Hundreds of apps need prefix-level access to one bucket; policy hit size limit,"Correct: S3 Access Points, one per app/team with its own policy (and optional VPC restriction), delegating from a bucket policy that trusts the access points. Splitting into hundreds of buckets or ACLs is the trap.",least-ops,"one giant bucket policy (20 KB limit, unmanageable); separate bucket per app (breaks the single data lake); object ACLs (legacy, per-object); presigned URLs per app (temporary, not a policy model)",3,P2,new,,,B5.1 P2 长尾
aws-s3-deny-non-tls-mcq-41,mcq,D1,1.3,Amazon S3,S: encrypting data in transit (ACM using TLS),Reject any S3 request that is not over HTTPS - least ops,"Correct: bucket policy Deny s3:* with Condition Bool aws:SecureTransport false (and s3:TlsVersion for minimum TLS). SSE settings cover rest, not transit.",least-ops,"enable SSE-KMS (at rest); enable Block Public Access (exposure, not transport); require a VPC endpoint (private path, still may be HTTP); attach an ACM cert to the bucket (buckets cannot hold certs)",2,P0,new,,,B2.2 P0 新卡
aws-s3-replicate-existing-objects-mcq-46,mcq,D1,1.3,Amazon S3,S: implementing data backups and replications,Compliance copy in another Region incl. old objects and deletions - choose two,Correct pair: enable versioning on both buckets and create a CRR rule with delete-marker replication; run S3 Batch Replication (or Batch Operations copy) for pre-existing objects. Plain CRR copies only new writes; KMS objects need the key allowed.,choose-two,"enable CRR only (skips existing objects); Transfer Acceleration (upload speed, not copying); DataSync S3-to-S3 (works but no ongoing replication semantics/delete markers); lifecycle transition to another Region (lifecycle cannot move across Regions)",3,P1,new,,,B4.2 P1 新卡
aws-s3-sse-kms-audit-revoke-mcq-36,mcq,D1,1.3,Amazon S3,S: encrypting data at rest (KMS),Need per-object decrypt audit trail and ability to revoke access to one dataset's key,"Correct: SSE-KMS with a customer-managed key (key policy you control, CloudTrail logs each Decrypt); enable S3 Bucket Keys to cut KMS request cost. SSE-S3 and AWS-managed keys give no revocation; SSE-C makes you ship keys.",most-secure,SSE-S3 (no per-key audit or revocation); SSE-KMS with the aws/s3 AWS-managed key (cannot edit its policy); SSE-C (client must send key each call); client-side encryption with an app-held key (no CloudTrail decrypt audit),2,P0,new,,,B1 黄金五张（MCQ，跑通流程）
aws-share-encrypted-ami-cross-account-mcq-38,mcq,D1,1.3,Amazon EC2,S: encrypting data at rest (KMS),Share an encrypted AMI/snapshot with another account - what must be true,Correct: the snapshot must be encrypted with a customer-managed KMS key whose key policy grants the target account kms:DescribeKey/ReEncrypt/CreateGrant/Decrypt; then share the snapshot/AMI with that account (it re-encrypts with its own key). AWS-managed aws/ebs keys cannot be shared; encrypted snapshots cannot be public.,least-change,share as-is with the aws/ebs key (unsupported); make the snapshot public (blocked for encrypted); copy unencrypted then share (violates encryption requirement); use RAM to share the KMS key (RAM does not share KMS keys),3,P1,new,,,B4.1 P1 新卡
aws-stale-credentials-audit-mcq-03,mcq,D1,1.3,IAM,S: best practices for IAM users and root users (MFA),Find users without MFA or with 90-day-old keys across 30 accounts - least ops,"Correct: Config managed rules (iam-user-mfa-enabled, access-keys-rotated) via an organization aggregator, or the IAM credential report per account; the org-wide, continuous answer is Config/Security Hub. Trusted Advisor covers MFA on root only at Basic tier.",least-ops,"download credential report from each account monthly (manual, not continuous); CloudTrail Insights (wrong feature: anomalies, not posture); Inspector (wrong service: vulnerabilities); GuardDuty (wrong service: threats)",2,P1,new,,moved: The correct answer is Config managed rules through an org aggregator / Security,B4.1 P1 新卡
aws-acm-certificates-and-cloudfront-region,service,D1,1.3,AWS Certificate Manager (ACM),R2 service: AWS Certificate Manager (ACM),"ACM: free public certificates for ALB/CloudFront/API Gateway, Regional, auto-renewal rules","ACM issues free public TLS certificates usable only on integrated services (ALB, NLB TLS, CloudFront, API Gateway, App Runner), never installed on EC2 directly; certificates are Regional except CloudFront which needs us-east-1. Auto-renews DNS-validated certs that are in use; imported certs and email-validated ones need manual renewal. ACM Private CA issues internal certs (paid).",,,2,P1,exists,aws-acm-certificates-and-cloudfront-region,Quality: add the renewal conditions and Private CA so the card also serves the 'renewing certificates' skill.,—
aws-artifact-service,service,D1,1.3,AWS Artifact,R2 service: AWS Artifact,"AWS Artifact: download AWS compliance reports (SOC, PCI, ISO) and accept agreements (BAA)",Artifact is the self-service portal for AWS's own audit reports and certifications and for accepting agreements such as the HIPAA BAA. It says nothing about your workload's compliance; for that use Security Hub standards or Config conformance packs. Trigger phrase: auditor asks for evidence of AWS's compliance.,,,1,P2,new,,,B5.1 P2 长尾
aws-backup-service,service,D1,1.3,AWS Backup,R2 service: AWS Backup,"AWS Backup: central backup plans, vaults, Vault Lock, cross-account/cross-Region copy","AWS Backup applies backup plans (schedule, retention, lifecycle to cold storage) to EBS, RDS/Aurora, DynamoDB, EFS, FSx, S3, EC2 and more by tag, stores recovery points in vaults, and Vault Lock (compliance mode) makes them undeletable even by admins; copies to other accounts/Regions for DR. Choose it whenever the stem says 'multiple services' or 'central policy' for backups.",,,1,P1,exists,aws-backup-service,,—
aws-cloudhsm-vs-kms,service,D1,1.3,AWS CloudHSM,R2 service: AWS CloudHSM,"CloudHSM: single-tenant FIPS 140-2 L3 HSM cluster, your keys, KMS custom key store","CloudHSM is a dedicated HSM cluster in your VPC where only you hold the keys (AWS cannot recover them); FIPS 140-2 Level 3, supports PKCS#11/JCE/KSP for Oracle TDE, SSL offload, custom PKI. Use as a KMS custom key store when AWS services must use HSM-held keys. Choose KMS unless the stem says single-tenant, own the HSM, Level 3, or a non-AWS crypto API.",,,2,P1,exists,aws-cloudhsm-vs-kms,,—
aws-cloudtrail-service,service,D1,1.3,AWS CloudTrail,R2 service: AWS CloudTrail,"CloudTrail: API audit log; organization trail, data vs management events, log integrity","CloudTrail records who called which API; management events are on by default (90 days in event history), data events (S3 object, Lambda invoke) and Insights cost extra. Use an organization trail delivering to a locked-down S3 bucket with log file validation for tamper evidence. Not for resource configuration history (Config) or metrics (CloudWatch).",,,1,P1,partial,aws-cloudtrail-vs-config-vs-cloudwatch,"Live card is the three-way comparison; missing org trail, data vs management events, log file validation, and CloudTrail Lake.",B3 修补 partial 卡（补角度/补 usage/改难度）
aws-config-rules-remediation,service,D1,1.3,AWS Config,R2 service: AWS Config,"AWS Config: configuration history, rules, conformance packs, auto-remediation","Config records resource configuration over time, evaluates managed/custom rules (encrypted-volumes, restricted-ssh, s3-bucket-public-read-prohibited) and remediates through SSM Automation; aggregators give an org-wide view. It is detective, not preventive: pair with SCPs for prevention.",,,2,P1,exists,aws-config-rules-remediation,"Quality: add that Config is a prerequisite for Firewall Manager and Security Hub, and note per-rule-evaluation pricing.",—
aws-kms-service,service,D1,1.3,AWS KMS,R2 service: AWS KMS,"KMS: key types, key policy vs grants, symmetric/asymmetric, Regional, limits, pricing","KMS is the Regional managed key service every AWS encryption integration uses: key types (AWS-owned, AWS-managed, customer-managed), symmetric (default) or asymmetric/HMAC keys, access via key policy first then IAM (if the key policy delegates), grants for service use, 4 KB direct-encrypt limit (envelope for larger), scheduled deletion 7-30 days, multi-Region keys for cross-Region decrypt. Choose customer-managed keys for audit, revocation, cross-account or rotation control.",,,2,P0,partial,aws-kms-key-rotation-and-multi-region,"Live card covers rotation and multi-Region only; missing key-type taxonomy, key policy vs IAM vs grants, size limit, deletion window, pricing.",B3 修补 partial 卡（补角度/补 usage/改难度）
aws-macie-service,service,D1,1.3,Amazon Macie,R2 service: Amazon Macie,Macie: ML discovery of sensitive data in S3 plus bucket exposure findings,"Macie inventories S3 buckets, flags public/unencrypted/shared buckets, and runs discovery jobs with managed and custom data identifiers to find PII, credentials and financial data; findings go to Security Hub/EventBridge. Only S3. Choose it for 'find/classify sensitive data', not for threat detection or DLP on network traffic.",,,1,P1,partial,aws-guardduty-inspector-macie-detective,"Live card gives Macie one clause; service card must add discovery jobs, custom identifiers, bucket-level findings and the S3-only scope.",B3 修补 partial 卡（补角度/补 usage/改难度）
aws-security-hub-service,service,D1,1.3,AWS Security Hub,R2 service: AWS Security Hub,Security Hub: aggregate findings and run CIS/PCI/FSBP standards across the org,"Security Hub collects findings from GuardDuty, Inspector, Macie, Config, Firewall Manager and partners into one ASFF feed, runs security standards checks and scores each account, aggregates across Regions/accounts with a delegated admin, and triggers automated response through EventBridge. It does not detect or scan itself; needs Config.",,,1,P2,new,,,B5.1 P2 长尾
aws-data-access-governance-concept,concept,D1,1.3,Amazon S3,K: Data access and governance,"Data governance toolkit: Block Public Access, Access Analyzer, data events, ABAC, Macie","Governance is 'who can reach data and can we prove it': S3 Block Public Access and Access Analyzer stop and detect exposure, CloudTrail data events log object-level reads, tag-based (ABAC) policies scope access by classification, Macie discovers sensitive data, and Lake Formation centralises table/column grants for analytics. Prevent, detect, prove.",,,2,P1,partial,aws-iam-access-analyzer-credential-report,"Live card covers external-access findings only; missing data-event logging, tag-based scoping and classification-driven controls.",B3 修补 partial 卡（补角度/补 usage/改难度）
aws-data-recovery-concept,concept,D1,1.3,AWS Backup,K: Data recovery,"Data recovery ladder: versioning, PITR, snapshots, Vault Lock, cross-Region copies","Match recovery need to mechanism: accidental overwrite/delete = S3 versioning or DynamoDB/RDS PITR (35 days max), image of a point in time = snapshot, protection from a malicious admin = Backup Vault Lock / Object Lock, loss of a Region = cross-Region copy. RPO is set by backup frequency; the exam's 'even an administrator cannot delete' phrase means vault lock or Object Lock compliance mode.",,,2,P1,partial,aws-backup-service,Live card is AWS Backup only; the concept card must give the ladder from versioning to PITR to immutable vaults and the RPO link.,B3 修补 partial 卡（补角度/补 usage/改难度）
aws-data-retention-classification-concept,concept,D1,1.3,Amazon S3,K: Data retention and classification,"Retention and classification: Object Lock, lifecycle expiry, log retention, Macie","Retention floors come from Object Lock (S3) or Glacier Vault Lock (legal hold and retention periods); retention ceilings come from lifecycle expiration and CloudWatch Logs retention settings. Classification is tags plus Macie discovery, then ABAC policies and separate KMS keys per class.",,,2,P1,partial,aws-s3-object-lock-worm,"Live card covers only Object Lock modes; missing expiry-side controls, Glacier Vault Lock, log retention, and classification-to-control mapping.",B3 修补 partial 卡（补角度/补 usage/改难度）
aws-encryption-key-management-concept,concept,D1,1.3,AWS KMS,K: Encryption and appropriate key management,"Encryption map: at rest vs in transit, KMS key types, CloudHSM, ACM, client-side","At rest: KMS keys (AWS-owned: free and invisible; AWS-managed aws/service: rotated yearly, no policy control; customer-managed: your key policy, rotation and cross-account use) or CloudHSM for single-tenant FIPS 140-2 Level 3. In transit: ACM certificates on ALB/CloudFront/API Gateway, TLS to RDS, VPN/MACsec for links. Pick customer-managed whenever the stem says audit, revoke, cross-account or own policy.",,,2,P0,partial,aws-kms-envelope-encryption,"Live card explains envelope encryption mechanics; missing the key-type taxonomy, in-transit half and the 'which key type when' decision rule. | overlaps aws-kms-service: write it from a different angle/scenario (Both P0 D1 cards teach the AWS-owned / AWS-managed / customer-managed )",B3 修补 partial 卡（补角度/补 usage/改难度）
aws-ebs-encryption-default,pattern,D1,1.3,Amazon EBS,R3 pattern: EBS encryption by default,EBS: encryption by default per Region; encrypt existing volumes through snapshot copy,"Enable 'encryption by default' per Region so every new volume/snapshot copy uses the chosen KMS key; existing unencrypted volumes are fixed by snapshot, copy-with-encryption, create volume, swap. Encrypted snapshots can only be shared with a customer-managed key.",,,2,P1,exists,aws-ebs-encryption-default,,—
aws-kms-envelope-encryption,pattern,D1,1.3,AWS KMS,R3 pattern: envelope encryption,"Envelope encryption: GenerateDataKey, encrypt locally, store wrapped key with data","KMS encrypts at most 4 KB directly, so services call GenerateDataKey, encrypt data locally with the plaintext data key, discard it, and store the KMS-wrapped copy alongside the ciphertext; decrypt reverses it with one KMS call per object.",,,3,P1,exists,aws-kms-envelope-encryption,,—
aws-kms-key-policy-grants,pattern,D1,1.3,AWS KMS,R3 pattern: access policies for encryption keys,KMS key policy vs IAM vs grants; cross-account use; kms:ViaService; admin/user split,"The key policy is the root of access: the default policy delegates to IAM in the same account ('Enable IAM User Permissions'); without that statement IAM policies do nothing. Cross-account use needs the key policy to allow the external account AND an identity policy there. Grants give services temporary use (EBS, RDS). Separate key administrators (kms:Create*/Put*/Schedule*) from key users (Encrypt/Decrypt/GenerateDataKey); restrict use to a service with kms:ViaService.",,,2,P0,new,,,B2.5 P0 新卡
aws-kms-key-rotation-and-multi-region,pattern,D1,1.3,AWS KMS,R3 pattern: rotating encryption keys,KMS rotation: which key types rotate automatically; multi-Region keys avoid re-encrypt,"Automatic rotation (yearly by default, configurable 90-2560 days) applies to customer-managed symmetric keys with KMS-generated material; AWS-managed keys rotate yearly; imported, asymmetric, HMAC and custom-key-store keys need manual rotation via a new key and alias swap. Old material is kept so nothing is re-encrypted. Multi-Region keys share material so a replica Region can decrypt.",,,2,P1,exists,aws-kms-key-rotation-and-multi-region,,—
aws-rds-encryption-and-iam-auth,pattern,D1,1.3,Amazon RDS,R3 pattern: RDS encryption at rest and IAM database authentication,RDS: encrypt an existing instance via snapshot copy; IAM DB auth without passwords,"Encryption cannot be turned on in place: snapshot, copy the snapshot with a KMS key, restore, repoint. Encrypted instances have encrypted replicas/snapshots. IAM database authentication issues 15-minute tokens for MySQL/PostgreSQL so apps use their role instead of a stored password.",,,2,P1,exists,aws-rds-encryption-and-iam-auth,,—
aws-s3-block-public-access,pattern,D1,1.3,Amazon S3,R3 pattern: S3 Block Public Access,Block Public Access: account and bucket level overrides any public policy or ACL,"Block Public Access settings at account level override bucket level; when on, PutBucketPolicy with a public grant is rejected and existing public grants are ignored. Turn it off only for the specific bucket that must be public, or better serve it through CloudFront with OAC.",,,1,P1,exists,aws-s3-block-public-access,,—
aws-s3-cross-region-replication,pattern,D1,1.3,Amazon S3,R3 pattern: S3 replication for compliance copies,"CRR/SRR: versioning both sides, role, Batch Replication for old objects, delete markers","Replication requires versioning on source and destination and a role; it copies new objects only, so historic data needs S3 Batch Replication; delete-marker replication is opt-in; KMS-encrypted objects need the key allowed for the role; use Replication Time Control for a 15-minute SLA.",,,2,P1,exists,aws-s3-cross-region-replication,,—
aws-s3-encryption-options-sse,pattern,D1,1.3,Amazon S3,R3 pattern: S3 server-side encryption options,"SSE-S3 vs SSE-KMS vs SSE-C vs DSSE and client-side: audit, control and cost","SSE-S3 is default and free; SSE-KMS adds key policies, CloudTrail per-decrypt audit and revocation but KMS request costs (mitigate with S3 Bucket Keys); SSE-C means you send the key each request; client-side means S3 never sees plaintext. Enforce a choice with a bucket policy on s3:x-amz-server-side-encryption.",,,2,P1,exists,aws-s3-encryption-options-sse,,—
aws-s3-object-lock-worm,pattern,D1,1.3,Amazon S3,R3 pattern: S3 Object Lock,"Object Lock: compliance vs governance mode, retention periods, legal holds",Object Lock (needs versioning) makes object versions WORM: compliance mode cannot be shortened or removed by anyone including root until retention ends; governance mode can be bypassed by principals with s3:BypassGovernanceRetention; legal hold is indefinite until removed.,,,2,P1,exists,aws-s3-object-lock-worm,,—
aws-s3-versioning-and-mfa-delete,pattern,D1,1.3,Amazon S3,R3 pattern: S3 versioning and MFA delete,Versioning makes deletes recoverable; MFA delete requires root plus MFA to purge versions,"With versioning, a delete adds a delete marker and old versions stay; MFA delete (root user, CLI only) requires an MFA code to permanently delete a version or change the versioning state, so stolen credentials cannot wipe data.",,,1,P1,exists,aws-s3-versioning-and-mfa-delete,,—
aws-tls-in-transit-pattern,pattern,D1,1.3,AWS Certificate Manager (ACM),R3 pattern: AWS Certificate Manager [ACM] using TLS,"TLS everywhere: terminate at the edge, re-encrypt to targets, force TLS on S3/RDS/APIs","Terminate TLS with an ACM cert on CloudFront/ALB/NLB/API Gateway; for end-to-end encryption use an HTTPS target group (self-signed certs on instances are accepted by ALB) or NLB TLS passthrough. Force TLS on S3 with a Deny on aws:SecureTransport=false, on RDS with rds.force_ssl / require_secure_transport, and on links with VPN or MACsec. ACM certs never go on EC2.",,,2,P0,new,,,B2.5 P0 新卡
aws-45-minute-job-not-lambda-mcq-15,mcq,D2,2.1,Lambda,Determining when to use serverless technologies and patterns,"Nightly 45-minute batch job, runs once a day; least ops",Run it as an ECS Fargate task (or AWS Batch on Fargate) started by an EventBridge Scheduler rule; no host to manage and no runtime ceiling.,least-ops,violates constraint: Lambda stops at 15 minutes; violates qualifier: an EC2 instance with cron must be patched and runs idle; plausible but over-engineered: splitting into Lambda chunks orchestrated by Step Functions adds complexity the requirement never asked for,2,P0,new,,,B1 黄金五张（MCQ，跑通流程）
aws-amazon-mq-jms-no-code-change-mcq-11,mcq,D2,2.1,Amazon MQ,Determining the AWS services required to achieve loose coupling,On-prem app uses ActiveMQ/JMS and cannot be changed; migrate the broker,Amazon MQ (ActiveMQ) active/standby across two AZs; the app keeps its JMS/OpenWire client and endpoints change only in config.,least-change,"violates constraint: SQS requires rewriting the messaging code; wrong service: SNS is push fan-out, no JMS; wrong service: Kinesis Data Streams is a streaming service with a different API",1,P1,new,,,B4.2 P1 新卡
aws-asg-predictable-daily-spike-mcq-05,mcq,D2,2.1,Auto Scaling,Determining scaling strategies for components,"Known 9 am spike, reactive scaling too slow; most performant at least cost","Add a scheduled scaling action (or predictive scaling) that raises desired capacity before 9 am and lowers it after, keeping target tracking for the rest of the day; capacity is ready before the load arrives.",most-performant,violates qualifier: lowering the target-tracking CPU threshold still reacts after load arrives and over-provisions all day; right service wrong feature: a warm pool shortens launch time but still waits for the alarm; violates qualifier: running peak capacity 24x7 meets performance but not cost,2,P0,new,,,B2.2 P0 新卡
aws-asg-scale-workers-on-queue-mcq-06,mcq,D2,2.1,Auto Scaling,Determining scaling strategies for components,Worker fleet consuming SQS falls behind; scale on the right metric,"Target tracking on a custom backlog-per-instance metric (ApproximateNumberOfMessagesVisible / running instances) so workers scale with queue depth, not CPU.",most-performant,right service wrong feature: CPU target tracking misses I/O-bound workers idling while the queue grows; violates constraint: scheduled scaling cannot follow unpredictable producer bursts; wrong metric: step scaling on NetworkIn measures the wrong thing,2,P1,new,,overlaps aws-queue-backlog-per-instance-mcq-08: write it from a different angle/scenario (Identical decision (target tracking on ApproximateNumberOfMessagesVisi),B4.2 P1 新卡
aws-eventbridge-content-routing-saas-mcq-03,mcq,D2,2.1,EventBridge,"Designing event-driven, microservice, multi-tier architectures",Order events to five services with different filters plus a SaaS endpoint; least ops,EventBridge custom bus with one rule per consumer (content filtering on the event body) and an API destination for the SaaS partner; producers PutEvents once and never know consumers.,least-ops,wrong service: SNS filter policies work for AWS targets but the SaaS API destination and schema registry need EventBridge; violates qualifier: one SQS queue per consumer written to by the producer couples producer to every consumer; wrong service: Kinesis Data Streams needs consumer apps and shard management for a low-volume routing job,2,P1,new,,,B4.2 P1 新卡
aws-helm-charts-portable-cluster-mcq-13,mcq,D2,2.1,EKS,Determining when to use containers,Team has Helm charts and must keep on-prem portability,Amazon EKS (managed node groups or Fargate profiles): certified Kubernetes so charts and manifests run unchanged and remain portable.,least-change,"violates constraint: ECS Fargate is not Kubernetes, charts must be rewritten as task definitions; violates constraint: Lambda container images abandon the orchestration model; violates constraint: Elastic Beanstalk multi-container Docker is ECS underneath",1,P0,new,,spec note: Keep as the EKS keyword overlay on aws-eks-vs-ecs at d1; relabel qualifier to 'which service'.,B2.3 P0 新卡
aws-java-monolith-to-containers-mcq-14,mcq,D2,2.1,ECS,Determining when to use containers,"Containerise a Java monolith with in-memory sessions, minimal rework; choose two","(1) Use AWS App2Container to build the image and ECS task definition, push to ECR, run on ECS Fargate behind an ALB; (2) move session state to ElastiCache Redis (or enable ALB stickiness as the interim) so tasks are stateless and can scale.",choose-two,"violates qualifier: rewriting as Lambda functions is a refactor, not containerisation; violates constraint: rehosting on EC2 with MGN is not containers; violates constraint: EKS Anywhere keeps it on-prem hardware the question wants to leave",3,P1,new,,,B4.2 P1 新卡
aws-lambda-critical-function-throttled-mcq-17,mcq,D2,2.1,Lambda,Determining when to use serverless technologies and patterns,Payment function throttled by a noisy batch function in the same account,Set reserved concurrency on the payment function (a guaranteed slice of the account pool) and optionally cap the batch function's reserved concurrency.,most-available,"right service wrong feature: provisioned concurrency removes cold starts, it does not guarantee capacity against the account limit; wrong lever: raising the timeout changes nothing about concurrency; violates constraint: moving the function to another Region changes the architecture and latency",2,P1,new,,,B4.2 P1 新卡
aws-lambda-sqs-batch-partial-failure-mcq-10,mcq,D2,2.1,Lambda,Determining the AWS services required to achieve loose coupling,One bad record makes Lambda reprocess the whole SQS batch; most efficient fix,Enable ReportBatchItemFailures on the event source mapping and return the failed message IDs; only those messages return to the queue.,most-performant,"violates qualifier: batch size 1 works but multiplies invocations and cost; wrong feature: a longer visibility timeout delays the retry, still whole-batch; wrong feature: a DLQ on the queue catches the poison message after maxReceiveCount but the good nine are still reprocessed each time",2,P1,partial,aws-lambda-event-source-mappings-sqs-batching,"Concept card fully teaches this spec's answer: event source mapping poll model, batch size / batching window / 6 MB triggers, whole-batch retry, ReportBatchItemFailures, idempotent handlers. Spec is mcq kind, so the scenario overlay with distractors (batch size 1, DLQ, visibility timeout) is still missing.",B3 修补 partial 卡（补角度/补 usage/改难度）
aws-order-queue-between-tiers-mcq-01,mcq,D2,2.1,SQS,"Designing event-driven, microservice, multi-tier architectures",Web tier must not lose orders when slow backend spikes; least ops,"Put an SQS standard queue between the web tier and worker ASG and scale workers on queue depth; the queue absorbs spikes and retries via visibility timeout, so no order is lost while the backend catches up.",least-ops,wrong service: SNS pushes directly with no buffer so slow consumers drop messages; right service wrong feature: Kinesis Data Streams buffers but needs shard sizing and ordering the case never asked for; violates qualifier: vertically scaling the worker instance keeps the coupling and a ceiling,2,P0,new,,,B2.2 P0 新卡
aws-order-workflow-with-human-wait-mcq-21,mcq,D2,2.1,Step Functions,Using purpose-built AWS services for workloads,Multi-step order flow with retries and a 2-day human approval; least code,Step Functions Standard workflow with Retry/Catch per state and .waitForTaskToken for the approval; execution can pause up to a year.,least-ops,violates qualifier: chaining Lambda functions re-implements retries and state; violates constraint: SQS between steps cannot hold a callback token for days without custom bookkeeping; right service wrong feature: Express workflows cap at 5 minutes,2,P1,new,,,B4.2 P1 新卡
aws-rds-reporting-read-replica-mcq-07,mcq,D2,2.1,RDS,Determining scaling strategies for components,Reporting queries slow the production RDS writer; least change,Create a read replica and point the reporting tool at its endpoint; reads leave the writer with no schema or code change beyond a connection string.,least-change,right service wrong feature: Multi-AZ standby cannot serve reads; violates qualifier: ElastiCache needs application code to read/write the cache; violates qualifier: a larger instance class means a failover/reboot window and does not separate the workloads,2,P0,new,,,B2.2 P0 新卡
aws-s3-upload-fanout-processing-mcq-02,mcq,D2,2.1,SNS,"Designing event-driven, microservice, multi-tier architectures","S3 uploads must trigger three independent processors, each retriable; most resilient","S3 event notification -> SNS topic -> one SQS queue per processor -> Lambda/ECS consumers: each consumer has its own buffer, retries and DLQ, and adding a fourth processor changes nothing upstream (EventBridge with three rules is the equivalent answer).",most-available,violates qualifier: one Lambda invoked directly by S3 doing all three steps couples them and one failure blocks the rest; right service wrong feature: a single SQS queue means one consumer group so processors compete for the same message; violates constraint: cron job listing the bucket every minute adds latency and misses nothing only by luck,2,P0,new,,"overlaps aws-fanout-independent-consumers-mcq-06: write it from a different angle/scenario (Same answer (SNS to SQS per processor, each with own retry/DLQ) and sa)",B2.2 P0 新卡
aws-scale-to-zero-low-traffic-api-mcq-16,mcq,D2,2.1,Lambda,Determining when to use serverless technologies and patterns,New API with hours of zero traffic; least cost,API Gateway HTTP API + Lambda + DynamoDB on-demand: every layer bills per request and idles at zero.,least-cost,violates qualifier: ALB + EC2 ASG has a minimum instance and hourly ALB charge; violates qualifier: ECS Fargate service keeps at least one task running; violates qualifier: provisioned Aurora bills every hour (Aurora Serverless v2 no longer scales to zero either),1,P0,new,,spec note: Rewrite the Aurora distractor as 'provisioned Aurora bills every hour; Serverless v2 only reaches zero with auto-pause c,B2.3 P0 新卡
aws-session-store-behind-alb-mcq-20,mcq,D2,2.1,ElastiCache,"Recommending compute, storage, networking, database technologies",Users lose sessions on scale-in behind an ALB; most performant without sticky sessions,"Externalise sessions to ElastiCache for Redis with Multi-AZ auto-failover (sub-millisecond, survives node loss); DynamoDB with TTL is the serverless alternative when latency is less critical.",most-performant,"violates qualifier: ALB sticky sessions pin users and lose them when the target dies; wrong service: RDS adds milliseconds per request for key-value reads; wrong service: EFS is a file system, not a session cache",2,P1,new,,,B4.2 P1 新卡
aws-single-az-three-tier-to-ha-mcq-04,mcq,D2,2.1,ELB,"Designing event-driven, microservice, multi-tier architectures",Single-AZ three-tier app must survive an AZ failure; choose two,(1) Put the app tier in an Auto Scaling group spanning at least two AZs behind an ALB whose subnets are in both AZs; (2) convert the RDS instance to Multi-AZ. Together every tier survives one AZ loss with automatic failover.,choose-two,"right service wrong feature: an RDS read replica in the same AZ scales reads but does not fail over automatically; violates qualifier: a second Region with Route 53 failover is DR, more than the AZ requirement and far costlier; violates constraint: larger instance types (vertical) leave the single-AZ SPOF in place",3,P0,new,,,B1 黄金五张（MCQ，跑通流程）
aws-spiky-container-api-no-hosts-mcq-12,mcq,D2,2.1,Fargate,Determining when to use containers,Containerised API with spiky traffic and nobody to patch hosts; least ops,"ECS on Fargate with service auto scaling behind an ALB: per-task billing, AWS patches the hosts, tasks scale with request count.",least-ops,violates qualifier: ECS EC2 launch type leaves AMIs and patching to the team; violates qualifier: EKS with self-managed nodes adds Kubernetes and host operations; superseded: Elastic Beanstalk single-container Docker still runs on EC2 you own,1,P0,new,,,B2.3 P0 新卡
aws-sqs-fifo-per-product-order-mcq-08,mcq,D2,2.1,SQS,Determining the AWS services required to achieve loose coupling,Inventory updates per product must be ordered and never duplicated,SQS FIFO queue with MessageGroupId = product ID and content-based or explicit deduplication ID; ordering is per group so different products still process in parallel.,choose-two,right service wrong feature: a standard queue with an idempotent consumer removes duplicates but not reordering; wrong service: SNS FIFO alone has no consumer buffer without an SQS FIFO subscription; wrong service: Kinesis Data Streams orders per shard but adds shard management and checkpointing for a queueing job,2,P0,new,,"spec note: Make it single-answer with FIFO vs standard-plus-idempotent-consumer as the real trade-off, mark partial → aws-sqs-fifo-",B2.2 P0 新卡
aws-sqs-poison-message-blocking-mcq-09,mcq,D2,2.1,SQS,Determining the AWS services required to achieve loose coupling,A malformed message keeps crashing consumers and blocking the queue; choose two,(1) Attach a redrive policy with maxReceiveCount so the message moves to a dead-letter queue after N receives; (2) set the visibility timeout longer than the maximum processing time so healthy messages are not redelivered mid-processing.,choose-two,"right service wrong feature: raising message retention keeps the poison message longer; wrong feature: switching to FIFO adds ordering, not isolation; wrong feature: long polling cuts empty receives, unrelated to failures",3,P1,new,,,B4.2 P1 新卡
aws-api-management-lifecycle,concept,D2,2.1,API Gateway,API creation and management,"API management: stages, throttling, usage plans, canary, custom domains","API Gateway is the managed front door: stages map to environments, stage variables and canary deployments release safely, usage plans + API keys meter clients, the account default is 10,000 RPS / 5,000 burst per Region, custom domain needs an ACM cert in the API's Region (us-east-1 for edge-optimized). Trap: an ALB or a Lambda function URL is enough when you need no metering, caching or auth transformation.",,,2,P1,partial,aws-api-gateway-caching-and-throttling,live card covers stage cache + usage plans; missing stages/canary/custom domain/ALB-vs-APIGW rule,B3 修补 partial 卡（补角度/补 usage/改难度）
aws-container-orchestration-choice,concept,D2,2.1,EKS,"The orchestration of containers (ECS, EKS)",ECS vs EKS: Kubernetes only when the requirement says Kubernetes,"Choose EKS when the requirement mentions Kubernetes, Helm, portability or existing manifests; choose ECS otherwise for AWS-native simplicity. Both run on Fargate or EC2.",,,1,P1,exists,aws-eks-vs-ecs,overlaps aws-container-orchestration-ecs-eks: write it from a different angle/scenario (The D2 concept is the live aws-eks-vs-ecs card with no gap; the D3 con),—
aws-containerize-migration-path,concept,D2,2.1,ECS,How to migrate applications into containers,"Path to containers: image, ECR, ECS/EKS, externalised state","Steps: build an image (Dockerfile or App2Container for existing Java/.NET apps) -> push to ECR -> run on ECS or EKS, choosing Fargate when nobody should manage hosts -> move state to EFS volumes, ElastiCache, or a database -> inject config/secrets from SSM Parameter Store or Secrets Manager. Trap: a container that writes to its own filesystem is not horizontally scalable.",,,2,P1,new,,,B4.5 P1 新卡
aws-edge-accelerator-offload,concept,D2,2.1,CloudFront,How to appropriately use edge accelerators (CDN),"Edge accelerators: CloudFront vs Global Accelerator, and when neither","CloudFront caches HTTP(S) at 600+ edge locations and terminates TCP/TLS near the viewer so even dynamic pages get faster; use it to offload origin and cut data-transfer cost. Global Accelerator gives two static anycast IPs and routes TCP/UDP over the AWS backbone with no caching, for non-HTTP or fixed-IP needs. Neither helps when the bottleneck is the database or a write path.",,,2,P1,partial,aws-global-accelerator-vs-cloudfront,"D3 card covers the choice; origin-offload/scaling angle and when neither applies missing | overlaps aws-edge-networking-cloudfront-vs-ga: write it from a different angle/scenario (D2 and D3 both teach CloudFront (HTTP cache, TLS near viewer) vs Globa)",B3 修补 partial 卡（补角度/补 usage/改难度）
aws-event-driven-architecture,concept,D2,2.1,EventBridge,Event-driven architectures,"Event-driven design: sources, routers, idempotent consumers","Producers emit events (S3 notifications, DynamoDB Streams, EventBridge from AWS services and SaaS, application PutEvents); a router (EventBridge rules, SNS) fans them to consumers (Lambda, SQS, Step Functions) that must be idempotent because delivery is at-least-once and ordering is not guaranteed. Benefits: producers never wait or know consumers, spikes are absorbed. Failure handling: retries, DLQs, archive/replay.",,,2,P0,partial,aws-sqs-sns-eventbridge-choice,"choice card lists the routers; event sources, at-least-once/idempotency rule and failure path missing",B3 修补 partial 卡（补角度/补 usage/改难度）
aws-horizontal-vs-vertical-scaling,concept,D2,2.1,Auto Scaling,Horizontal scaling and vertical scaling,Scale out vs scale up: when each is the only option,"Horizontal = add instances/tasks (ASG, ECS service auto scaling, read replicas): no ceiling, no downtime, needs stateless tiers and a load balancer. Vertical = bigger instance/class: has a ceiling, requires a stop/start or RDS failover, but is the only option for a single-writer database or licence-bound app. Decision: stateless -> horizontal; single writer -> vertical or Aurora/global tables.",,,1,P1,new,,,B4.5 P1 新卡
aws-load-balancing-scaling-angle,concept,D2,2.1,ELB,Load balancing concepts (T2.1 scaling angle),"Load balancing for scale: target groups, health checks, ASG attachment","A load balancer decouples clients from a fleet: targets register in target groups, only healthy targets get traffic, and attaching the group to an Auto Scaling group makes scale-out invisible to clients. ALB (layer 7) routes per host/path to different microservices; NLB (layer 4) handles millions of TCP/UDP connections with static IPs. Trap: a load balancer does not add capacity, the ASG does.",,,1,P1,partial,aws-alb-vs-nlb,live card covers L4 vs L7; target-group/health-check/ASG integration model missing | also covered in part by live aws-asg-health-checks-elb-vs-ec2 | overlaps aws-load-balancing-concepts: write it from a different angle/scenario (D2 'scaling angle' and D3 'concepts' both map to live aws-alb-vs-nlb a),B3 修补 partial 卡（补角度/补 usage/改难度）
aws-managed-vs-self-hosted-rule,concept,D2,2.1,-,AWS managed services with appropriate use cases,"Managed-service substitution rule: SFTP, queues, secrets, cron, brokers","When a requirement says least operational overhead, replace the self-run component with its managed twin: SFTP on EC2 -> Transfer Family, RabbitMQ/ActiveMQ on EC2 -> Amazon MQ, home-grown queue -> SQS, cron box -> EventBridge Scheduler, secrets in config files -> Secrets Manager. Managed wins unless the requirement names a protocol or OS-level control the managed service cannot give.",,,2,P1,new,,spec note: Keep as a d1 intro card only if the deck wants a rule-of-thumb section; otherwise merge into aws-security-best-practices,B4.5 P1 新卡
aws-microservice-design-principles,concept,D2,2.1,-,Design principles for microservices (stateless vs stateful),"Microservice principles: stateless, own datastore, async, isolated failure","Each service is independently deployable, owns its data store, talks to others through APIs or events not shared tables, and keeps no local session state so any instance can serve any request and be replaced. Stateful pieces (sessions, uploads, locks) move to ElastiCache, DynamoDB, S3 or EFS. Trap: sticky sessions and shared databases are the two ways a design stops being microservices.",,,2,P1,new,,spec note: Keep only the 'shared database and sticky sessions are the two ways a design stops being microservices' trap as a line i,B4.5 P1 新卡
aws-multi-tier-architecture,concept,D2,2.1,ELB,Multi-tier architectures,"Three-tier layout: which subnet, which AZ, what sits between tiers","Web/app/data tiers live in separate subnets: ALB in public subnets, app ASG in private subnets, database in isolated private subnets, every tier in at least two AZs. Tiers talk through a load balancer or a queue so each scales and fails independently; security groups reference the upstream tier's group rather than CIDRs. Trap: putting the database in a public subnet or in one AZ.",,,1,P1,new,,"overlaps aws-multi-tier-topology-pattern: write it from a different angle/scenario (D2 concept, D3 pattern, D3 aws-subnet-tiers-pattern and D1 aws-public-)",B4.5 P1 新卡
aws-queue-vs-topic-vs-bus,concept,D2,2.1,SQS,Queuing and messaging concepts (publish/subscribe),"Queue vs topic vs event bus: buffering, fan-out, routing","Queue (SQS): one consumer group, buffered, retried, pulled. Topic (SNS): push fan-out to many subscribers, no buffering. Bus (EventBridge): content-based routing rules, schema registry, SaaS and AWS-service events. Combine SNS->SQS for durable fan-out.",,,2,P1,exists,aws-sqs-sns-eventbridge-choice,,—
aws-read-replica-use-cases,concept,D2,2.1,RDS,When to use read replicas,"Read replicas: scale reads, serve remote Regions, never for HA",Read replica = asynchronous copy for read scaling or a distant Region; promotion is manual; Multi-AZ is the HA answer. Up to 15 replicas for RDS MySQL/PostgreSQL/MariaDB and Aurora; replication lag means eventual consistency for readers.,,,2,P1,exists,aws-rds-multi-az-vs-read-replica,"add the replica count limit and lag/consistency caveat | overlaps aws-database-replication-read-replicas: write it from a different angle/scenario (Both are async-copy-for-reads, up to 15 replicas, manual promotion, Mu)",—
aws-serverless-stack-decision,concept,D2,2.1,Lambda,"Serverless technologies and patterns (Fargate, Lambda)",Serverless stack map and the Lambda/Fargate/EC2 decision rule,"Serverless = no hosts to patch, pay per use, scales to zero: Lambda (<=15 min, <=10 GB RAM, 6 MB sync payload), Fargate (long-running containers, up to 16 vCPU/120 GB), API Gateway, S3, DynamoDB, SQS/SNS/EventBridge, Step Functions, Aurora Serverless v2. Rule: event-driven and short -> Lambda; long-running or container-native -> Fargate; needs GPU, custom kernel or licence-bound -> EC2.",,,2,P0,partial,aws-lambda-limits-timeout-payload,"live card gives the 15-minute trap; full serverless suite and the three-way decision rule missing | overlaps aws-compute-services-use-case-map: write it from a different angle/scenario (Three concept cards (D2 serverless-stack-decision, D3 compute-services)",B3 修补 partial 卡（补角度/补 usage/改难度）
aws-storage-type-characteristics,concept,D2,2.1,S3,"Storage types with associated characteristics (object, file, block)","Object vs file vs block: access model, sharing scope, durability","Object (S3): HTTP API, whole-object writes, unlimited, 11 nines, shared by anything with credentials. File (EFS/FSx): POSIX/SMB mounted by many instances across AZs. Block (EBS): raw device for one instance in one AZ, lowest latency, boot and database volumes. Decide by who needs to access it and how (API, mount, device).",,,1,P1,partial,aws-ebs-vs-efs-vs-instance-store,"D3 card covers EC2-attached choices; object storage characteristics and the access-model rule missing | overlaps aws-storage-types-object-file-block: write it from a different angle/scenario (D2, D3 and D4 each have an object-vs-file-vs-block concept card with t)",B3 修补 partial 卡（补角度/补 usage/改难度）
aws-workflow-orchestration-vs-choreo,concept,D2,2.1,Step Functions,Workflow orchestration (Step Functions),Orchestration vs choreography: when a state machine beats a chain of events,"Use Step Functions when a process has ordered steps, branching, retries with backoff, parallel/Map fan-out, timeouts, human approval or callbacks (.waitForTaskToken) and you need to see execution state; use events/queues (choreography) when services are independent and nobody needs the end-to-end state. Trap: Lambda calling Lambda synchronously to sequence work doubles cost and loses failure visibility.",,,2,P1,partial,aws-step-functions-standard-vs-express,live card is Standard vs Express; the orchestration-vs-choreography rule and error handling primitives missing,B3 修补 partial 卡（补角度/补 usage/改难度）
aws-alb-routing-and-targets,pattern,D2,2.1,ELB,Application Load Balancer (ALB),"ALB: listener rules, target types, one ALB for many microservices","Listener rules match host, path, header, query string, HTTP method or source IP and forward to target groups (weighted for blue/green); target types instance, IP (containers, on-prem via peering/DX), Lambda; per-target-group health checks; HTTP/2, gRPC, WebSockets; dynamic port mapping with ECS. One ALB can front many services; NLB is the answer for static IP or non-HTTP.",,,2,P0,partial,aws-alb-vs-nlb,"L7 vs L4 covered; ALB rule/target-group model missing | absorbs aws-alb-features-pattern: Both list listener rules, target types instance/IP/Lambda, sticky sessions, WAF/",B3 修补 partial 卡（补角度/补 usage/改难度）
aws-cdn-edge-caching-pattern,pattern,D2,2.1,CloudFront,content delivery network (CDN),CDN pattern: cache at the edge to offload the origin,"CloudFront serves cached responses from the edge; cache hit ratio is driven by cache-key design (which headers/cookies/query strings vary), TTLs and Origin Shield; dynamic content still gains TLS/TCP termination near users; origins can be S3, ALB, EC2, API Gateway or any HTTP host. Not a fit for non-HTTP protocols or when every response is unique and latency is dominated by the backend.",,,1,P1,new,,,B4.6 P1 新卡
aws-rest-api-on-api-gateway,pattern,D2,2.1,API Gateway,REST API,"REST API on API Gateway: resources, methods, integration types, VPC link","Resources/methods map HTTP verbs; integration types are Lambda proxy, HTTP, AWS service, mock and VPC link (private ALB/NLB); request validation and mapping templates transform payloads; deploy to a stage; canary shifts a percentage; private REST APIs via interface endpoint + resource policy. Trap: REST integration timeout is 29 s (now raisable) so long work goes async.",,,2,P1,new,,,B4.5 P1 新卡
aws-sqs-long-polling,pattern,D2,2.1,Amazon SQS,queuing and messaging concepts: long vs short polling,SQS long polling: ReceiveMessageWaitTimeSeconds cuts empty receives,Long polling (1–20 s) returns as soon as a message exists and avoids paying for empty ReceiveMessage calls; short polling samples a subset of servers and can return empty.,,,1,P1,exists,aws-sqs-long-polling,live card kept as the SQS polling sub-card,—
aws-sqs-message-retention-and-size,pattern,D2,2.1,Amazon SQS,"queuing and messaging concepts: retention, size, delay","SQS quotas: 4-day default retention (60 s–14 d), 256 KB body, Extended Client via S3, delay queues",Retention up to 14 days lets consumers be offline; bodies above 256 KB go through the Extended Client Library (S3 pointer); delay queues postpone visibility.,,,1,P1,exists,aws-sqs-message-retention-and-size,live card kept as the SQS quotas sub-card,—
aws-stateless-vs-stateful-workloads,pattern,D2,2.1,ElastiCache,stateless workloads compared with stateful workloads,Stateless vs stateful: externalise session state to scale and survive failure,"Stateless tiers keep nothing between requests so any instance can serve any user and scale-in loses nothing; session data goes to ElastiCache Redis (fast, Multi-AZ) or DynamoDB with TTL (serverless), uploads to S3, shared files to EFS. Sticky sessions are a stop-gap that concentrates load and loses sessions on failure. Stateful workloads (databases, brokers) get EBS/EFS and failover, not horizontal scaling.",,,1,P0,new,,,B2.5 P0 新卡
aws-alarm-on-healthy-host-count-mcq-29,mcq,D2,2.2,CloudWatch,Identifying metrics based on business requirements for HA,Page the team when fewer than two healthy targets remain behind the ALB,CloudWatch alarm on the target group's HealthyHostCount metric (threshold < 2) with an SNS action; it measures exactly the business condition.,most-available,"wrong metric: CPUUtilization says nothing about health-check failures; wrong service: a Route 53 health check monitors the endpoint from outside, not the count of healthy targets; wrong feature: an EventBridge instance-state rule fires on stop/terminate, not on failed HTTP health checks",1,P1,new,,,B4.2 P1 新卡
aws-baseline-stacks-many-accounts-mcq-23,mcq,D2,2.2,CloudFormation,Determining automation strategies to ensure infrastructure integrity,"Identical baseline in 40 accounts and 3 Regions, detect out-of-band changes","CloudFormation StackSets deployed from the management/delegated admin account with service-managed permissions, plus drift detection (or AWS Config) to flag manual changes.",least-ops,"violates qualifier: CLI scripts per account are neither declarative nor drift-aware; wrong service: Elastic Beanstalk manages application environments, not account baselines; right service wrong feature: Service Catalog is for self-service products, not pushing a mandatory baseline",1,P1,new,,,B4.2 P1 新卡
aws-central-backups-cross-region-mcq-34,mcq,D2,2.2,AWS Backup,Implementing strategies for durability and availability of data,"EBS, RDS, DynamoDB, EFS backups: 35-day retention, cross-Region copy, audit; least ops","AWS Backup plan with a tag-based selection, a vault (Vault Lock for immutability) and a cross-Region copy rule; Backup Audit Manager reports compliance.",least-ops,"right service wrong scope: Data Lifecycle Manager covers EBS snapshots and AMIs only; violates qualifier: per-service scripts and Lambda schedules must be maintained and audited by hand; wrong service: S3 CRR replicates buckets, not these resources",1,P0,new,,"overlaps aws-backup-vault-lock-ransomware-mcq-45: write it from a different angle/scenario (Both answer 'AWS Backup plan by tag, vault with Vault Lock, cross-Regi)",B2.3 P0 新卡
aws-dr-24h-objectives-lowest-cost-mcq-39,mcq,D2,2.2,AWS Backup,Selecting an appropriate DR strategy,"RTO and RPO of 24 hours, lowest possible cost",Backup and restore: AWS Backup daily plans with cross-Region copy and CloudFormation templates to rebuild in the DR Region.,least-cost,violates qualifier: pilot light keeps a live database replica running; violates qualifier: warm standby runs the whole stack; violates constraint: keeping snapshots only in the primary Region does not survive a Regional event,1,P1,new,,"spec note: Keep mcq-37 (pilot light) and mcq-38 (warm standby), whose boundary is the real exam trap, and fold the 24 h case into t",B4.3 P1 新卡
aws-dr-rto-1h-rpo-minutes-mcq-37,mcq,D2,2.2,RDS,Selecting an appropriate DR strategy,"RTO 1 hour, RPO a few minutes, minimise standby cost","Pilot light: cross-Region read replica (or Aurora Global) keeps data current while app tier exists only as AMIs/launch templates and an ASG at zero, scaled up on failover.",least-cost,violates constraint: backup and restore gives an RPO of hours; violates qualifier: warm standby runs compute all the time; violates qualifier: multi-site active-active is the most expensive option,2,P0,new,,,B2.3 P0 新卡
aws-dr-rto-minutes-rpo-seconds-mcq-38,mcq,D2,2.2,Route 53,Selecting an appropriate DR strategy,"RTO a few minutes, RPO seconds, some standby spend acceptable","Warm standby: a scaled-down but fully working copy in the DR Region with continuous data replication, Route 53 failover routing with health checks, ASG scaled up on failover.",most-available,violates constraint: pilot light needs tens of minutes to provision compute; violates constraint: backup and restore cannot meet seconds of RPO; over-spec: active-active meets it but costs more than the requirement tolerates,2,P0,new,,,B2.3 P0 新卡
aws-find-slow-microservice-hop-mcq-30,mcq,D2,2.2,X-Ray,Identifying metrics based on business requirements for HA,Which downstream call in a 12-service request chain adds the latency?,"AWS X-Ray tracing: instrument the services, use the service map and trace timelines to see per-hop latency and errors.",fastest,"wrong service: CloudWatch Logs Insights searches logs but does not correlate one request across services; wrong service: CloudTrail records control-plane API calls; wrong service: VPC Flow Logs show accepted/rejected packets, not application latency",1,P1,new,,,B4.2 P1 新卡
aws-golden-ami-instance-refresh-mcq-24,mcq,D2,2.2,EC2,Determining automation strategies to ensure infrastructure integrity,Patched-in-place instances drift; ensure every instance matches a tested image,"Immutable pipeline: EC2 Image Builder bakes a golden AMI, a launch template version references it, and ASG instance refresh replaces the fleet; nothing is modified in place.",most-secure,"plausible mutable: SSM Patch Manager patches in place, leaving drift and no rollback image; detects only: an AWS Config rule reports drift but does not fix it; wrong service: Elastic Beanstalk rolling deployment applies only to Beanstalk apps",2,P1,new,,,B4.2 P1 新卡
aws-legacy-app-too-many-connections-mcq-40,mcq,D2,2.2,RDS,Using AWS services that improve reliability of legacy applications,Legacy app floods RDS with short connections and breaks on failover; no code change,"Put RDS Proxy in front: connection pooling absorbs the churn and the proxy hides failover from clients, cutting failover impact without touching the app.",least-change,violates qualifier: a larger instance raises max_connections but not failover behaviour; right service wrong feature: a read replica does not help a write-heavy connection storm; violates qualifier: migrating to Aurora Serverless v2 is a platform change,2,P1,new,,"overlaps aws-db-connection-storm-mcq-15: write it from a different angle/scenario (Both are 'connection storm, no code change, put RDS Proxy in front' wi)",B4.3 P1 新卡
aws-legacy-clients-hardcoded-ip-mcq-41,mcq,D2,2.2,EC2,Using AWS services that improve reliability of legacy applications,Clients hard-code the server's IP; failover to a standby must keep the same IP,"Elastic IP reassociation (or moving a secondary ENI) to the standby instance, triggered by a CloudWatch alarm + Lambda or a script; no DNS involved.",least-change,violates constraint: Route 53 failover changes the answer but clients never resolve DNS; violates constraint: an ALB presents its own changing IPs; plausible: an NLB gives static IPs but they differ from the one clients already use,2,P1,partial,aws-elastic-ip-and-eni-failover,"Concept card fully teaches this spec's decision: remap an Elastic IP to the standby for a fixed public IP, move a secondary ENI when private IP / MAC / security groups must follow. Spec is mcq kind, so the scenario overlay (distractors like Route 53 alias, NLB static IP) is still missing. Also supplies the 'EIP' layer of aws-failover-strategy-catalogue.",B3 修补 partial 卡（补角度/补 usage/改难度）
aws-rds-restore-before-bad-deploy-mcq-36,mcq,D2,2.2,RDS,Implementing strategies for durability and availability of data,Restore the database to 10 minutes before a bad deployment corrupted rows,"Point-in-time restore from automated backups (transaction logs every 5 minutes within the retention window) to a new instance, then repoint the app.",fastest,wrong feature: the last manual/daily snapshot loses up to a day; violates constraint: a read replica already replicated the corruption; violates constraint: Multi-AZ failover switches to a standby holding the same bad rows,1,P1,partial,aws-aurora-backtrack-and-cloning,"Covers the Aurora-specific answers to this scenario: Backtrack (in-place rewind up to 72 h, must be enabled at creation, MySQL only) and copy-on-write cloning for prod-sized test copies. Spec's core RDS path is missing: automated backups + point-in-time restore to a new instance, endpoint swap, 35-day retention limit, snapshot vs PITR. Cloning half also feeds aws-d4-db-service-choose-two-mcq-25.",B3 修补 partial 卡（补角度/补 usage/改难度）
aws-relational-cross-region-rpo-1s-mcq-28,mcq,D2,2.2,Aurora,Determining the AWS services for HA/FT across Regions or AZs,Relational DB with cross-Region RPO ~1 s and RTO under a minute; least ops,Aurora Global Database: storage-level replication with typical <1 s lag and managed failover/switchover in about a minute.,least-ops,right family wrong feature: RDS cross-Region read replica has engine-level lag and manual promotion; violates constraint: Multi-AZ stays inside one Region; wrong service: DMS continuous replication needs a replication instance to run and monitor,2,P0,partial,aws-aurora-global-database,"Concept card fully teaches the decision behind this spec (Aurora Global Database: 1 primary + up to 10 secondaries, storage-level replication <1 s lag, managed failover with RTO in minutes, global writer endpoint). Spec is mcq kind, so the 4-option scenario overlay is still missing. Also supplies the 'Aurora Global' layer of aws-failover-strategy-catalogue.",B3 修补 partial 卡（补角度/补 usage/改难度）
aws-review-sentiment-no-ml-team-mcq-44,mcq,D2,2.2,Comprehend,Using purpose-built AWS services for workloads (HA),Classify sentiment of support tickets without ML expertise; least ops,"Amazon Comprehend sentiment/entity detection via API, optionally a custom classifier from labelled tickets.",least-ops,"violates qualifier: SageMaker means building and hosting a model; wrong modality: Transcribe converts speech to text; wrong modality: Textract extracts text from scanned documents, Polly produces speech",1,P2,new,,"task note: same task 2.2, unit 'AWS managed services with appropriate use cases (Comprehend | spec note: Acceptable as a P2 d1 keyword card; fold into aws-managed-ai-services-map as its worked example rather than a separate M",B5.1 P2 长尾
aws-route53-failover-to-static-page-mcq-27,mcq,D2,2.2,Route 53,Determining the AWS services for HA/FT across Regions or AZs,"If the primary Region's app fails, automatically serve a static sorry page from S3","Route 53 failover routing: primary record alias to the ALB with a health check, secondary record alias to an S3 static website (or CloudFront); Route 53 switches when the check fails.",most-available,"wrong policy: weighted routing splits traffic all the time; wrong policy: latency routing has no notion of failure without health checks and would keep sending to the closest failed Region; wrong policy: geolocation routes by origin of the query, not health",2,P0,new,,,B2.3 P0 新卡
aws-s3-survive-delete-and-region-loss-mcq-35,mcq,D2,2.2,S3,Implementing strategies for durability and availability of data,S3 data must survive accidental deletes and a Regional loss; choose two,"(1) Enable versioning on the bucket (required for replication anyway) so deletes become delete markers; (2) configure Cross-Region Replication to a versioned bucket in another Region, leaving delete-marker replication off so a delete does not propagate.",choose-two,"violates constraint: S3 One Zone-IA lowers resilience; wrong feature: a lifecycle rule to Glacier changes cost tier, not resilience; wrong feature: Intelligent-Tiering optimises access cost only",3,P0,new,,,B2.3 P0 新卡
aws-single-az-asg-make-regional-ha-mcq-26,mcq,D2,2.2,Auto Scaling,Determining the AWS services for HA/FT across Regions or AZs,ALB and ASG in one AZ; make it survive AZ loss at least cost,Add subnets in a second (and third) AZ to the ASG and the ALB; the ASG rebalances and the ALB gets a node in each AZ; no extra Region needed.,least-cost,violates qualifier: a second Region with Route 53 failover costs far more than the requirement needs; violates constraint: larger instances stay in one AZ; right service wrong feature: a Route 53 health check on a single-AZ ALB has nowhere to fail over,1,P0,new,,overlaps aws-single-az-three-tier-to-ha-mcq-04: write it from a different angle/scenario (mcq-04's two correct answers are exactly mcq-26 (add AZs to ASG/ALB) a) | spec note: Drop.,B2.3 P0 新卡
aws-single-nat-gateway-spof-mcq-31,mcq,D2,2.2,VPC,Implementing designs to mitigate single points of failure,One NAT gateway in AZ-a; an AZ-a outage cuts egress from AZ-b instances,Deploy a NAT gateway in each AZ and give each AZ's private subnets their own route table pointing at the local NAT gateway.,most-available,"superseded: a NAT instance pair with failover scripts is the old pattern and still a managed-by-you SPOF; wrong feature: a second NAT gateway in the same AZ dies with the AZ; violates constraint: gateway/interface VPC endpoints only reach AWS services, not the internet",2,P0,new,,,B2.3 P0 新卡
aws-single-rds-instance-az-failure-mcq-32,mcq,D2,2.2,RDS,Implementing designs to mitigate single points of failure,Single RDS instance must survive an AZ failure with no application change,"Modify the instance to Multi-AZ: synchronous standby in another AZ, automatic failover behind the same DNS endpoint.",least-change,right service wrong feature: a read replica needs manual promotion and an endpoint change; violates constraint: more frequent snapshots still mean an outage and data loss; violates qualifier: a cross-Region instance changes the architecture and endpoints,1,P0,new,,overlaps aws-single-az-three-tier-to-ha-mcq-04: write it from a different angle/scenario (Second half of mcq-04; also the same decision as the live aws-rds-mult),B2.3 P0 新卡
aws-single-redis-node-spof-mcq-33,mcq,D2,2.2,ElastiCache,Implementing designs to mitigate single points of failure,Single Redis node cache is a SPOF; automatic recovery required,ElastiCache for Redis replication group with at least one replica in another AZ and Multi-AZ automatic failover; the primary endpoint DNS repoints on failure.,most-available,wrong engine: Memcached has no replication or failover; violates qualifier: a bigger node is still one node; wrong feature: daily snapshots restore manually and lose recent data,2,P1,partial,aws-elasticache-redis-cluster-mode-and-multi-az,"Concept card fully teaches this spec's fix: Redis/Valkey replication group with read replica and Multi-AZ automatic failover, primary endpoint DNS repoint, async replication data-loss caveat; plus cluster mode for datasets bigger than one node. Spec is mcq kind, so the scenario overlay is missing.",B3 修补 partial 卡（补角度/补 usage/改难度）
aws-single-stateful-legacy-instance-mcq-42,mcq,D2,2.2,EC2,Using AWS services that improve reliability of legacy applications,Stateful legacy single instance must recover from host failure automatically,"EC2 automatic recovery (simplified recovery or a CloudWatch StatusCheckFailed_System alarm with the recover action): the instance restarts on new hardware keeping instance ID, private/Elastic IPs and EBS volumes.",least-change,"plausible: an ASG with min/max 1 replaces the instance but with a new ID and private IP, breaking the stateful setup unless an ENI/EIP is re-attached; violates constraint: Multi-AZ does not exist for EC2; violates qualifier: manual restore from snapshot is not automatic",2,P1,partial,aws-ec2-auto-recovery-and-status-checks,"Concept card teaches the underlying mechanism: system vs instance status checks, simplified automatic recovery keeping instance ID, private/Elastic IPs and metadata. Spec is mcq kind (scenario overlay missing) and its full answer set should also contrast the CloudWatch recover alarm action and an ASG of size 1 with EBS-backed state.",B3 修补 partial 卡（补角度/补 usage/改难度）
aws-two-region-active-writes-mcq-25,mcq,D2,2.2,DynamoDB,Determining the AWS services for HA/FT across Regions or AZs,Users in two continents must write locally and keep working if a Region fails,DynamoDB global tables (multi-active) with Route 53 latency routing and health checks; failover is just routing since every replica accepts writes.,most-available,"right service wrong feature: Aurora Global Database has a single writer Region; violates constraint: RDS cross-Region read replica is read-only until promoted; wrong service: S3 CRR replicates objects, not a transactional table",2,P0,new,,,B2.3 P0 新卡
aws-distributed-design-patterns,concept,D2,2.2,-,Distributed design patterns,"Distributed patterns: backoff+jitter, idempotency, circuit breaker, bulkhead","Retry with exponential backoff and jitter (SDKs do this), make every operation idempotent (tokens, FIFO dedupe), fail fast with circuit breakers, isolate blast radius with bulkheads/cells and separate accounts, level load with queues, and let health checks route around bad nodes. Trap: retries without backoff turn a blip into a retry storm.",,,2,P1,new,,,B4.5 P1 新卡
aws-dr-strategy-ladder,concept,D2,2.2,-,Disaster recovery (DR) strategies,"DR ladder: backup/restore, pilot light, warm standby, active-active vs RPO/RTO","Four strategies rise in cost as RPO/RTO fall; set the objectives from business impact first, then pick the cheapest rung that meets them.",,,2,P0,exists,aws-dr-strategies-rpo-rto,absorbs aws-rpo-rto-numbers-mapping: Both map to live aws-dr-strategies-rpo-rto. The ladder's must_teach is one sente,—
aws-failover-strategy-catalogue,concept,D2,2.2,Route 53,Failover strategies,"Failover layers and their timings: DNS, LB, Multi-AZ, EIP, Aurora Global","Pick the failover layer by scope: within a fleet the load balancer drops unhealthy targets in seconds; within a Region RDS Multi-AZ fails over in 60-120 s (Aurora <30 s, ElastiCache Redis ~1 min); across Regions Route 53 failover routing with health checks is bounded by DNS TTL, Aurora Global managed failover takes ~1 min; IP-bound clients need Elastic IP reassociation. Active-passive vs active-active decides whether failover is a switch or just routing.",,,2,P0,partial,aws-route53-health-checks-failover,live card is a health-check trap; the catalogue of layers and their timings missing,B3 修补 partial 卡（补角度/补 usage/改难度）
aws-global-infrastructure-az-region,concept,D2,2.2,-,"AWS global infrastructure (AZs, Regions, Route 53)",When multi-AZ is enough and when a second Region is required,"Multi-AZ covers data-centre loss with synchronous replication; a second Region is needed only for Regional outage, data residency or global latency, and nothing replicates across Regions unless you configure it; Route 53 is the global glue.",,,1,P1,exists,aws-multi-az-vs-multi-region,"absorbs aws-region-pattern: D2 P2 pattern repeats the D2 concept (which is the live aws-multi-az-vs-multi-re | absorbs aws-regions-pattern: Region selection factors (latency, residency, service availability, price) are a",—
aws-immutable-infrastructure,concept,D2,2.2,EC2,Immutable infrastructure,"Immutable infrastructure: replace, never patch in place","Servers are never modified after launch: bake a golden AMI (EC2 Image Builder), deploy via launch template + ASG instance refresh or blue/green, and roll back by relaunching the previous image. Benefits: no drift, reproducible, fast rollback. Mutable tools (SSM Patch Manager, in-place rolling) are the distractors when the question says drift or integrity.",,,1,P1,partial,aws-elastic-beanstalk-deployment-policies,"live card shows the immutable deployment policy; the principle, golden AMI and instance refresh missing",B3 修补 partial 卡（补角度/补 usage/改难度）
aws-load-balancing-ha-angle,concept,D2,2.2,ELB,Load balancing concepts (T2.2 HA angle),"Load balancing for HA: multi-AZ nodes, cross-zone, health checks, stickiness trade-off","ELB places a node in every enabled AZ; cross-zone balancing (on for ALB, off by default for NLB/GWLB) evens traffic across uneven AZs; health checks remove bad targets; sticky sessions pin users to one target and undermine both.",,,2,P1,exists,aws-elb-cross-zone-and-sticky-sessions,,—
aws-managed-ai-services-map,concept,D2,2.2,Comprehend,"AWS Managed Services with appropriate use cases (Comprehend, Polly)","Managed AI services: pick the API, do not build the model","When a requirement says no ML expertise, choose the API service: Comprehend (text NLP, sentiment, entities, PII), Polly (text to speech), Transcribe (speech to text), Translate, Rekognition (images/video), Textract (documents/forms), Lex (chatbots), Kendra (enterprise search). SageMaker only when a custom model is explicitly required.",,,1,P2,new,,,B5.2 P2 长尾
aws-proxy-concepts-rds-proxy,concept,D2,2.2,RDS,Proxy concepts (RDS Proxy),Connection pooling proxy: why RDS Proxy fixes Lambda and speeds failover,"RDS Proxy pools and shares connections, queues surplus requests, and cuts Multi-AZ failover time by up to 66% by bypassing DNS; auth via IAM/Secrets Manager.",,,2,P1,exists,aws-rds-proxy,,—
aws-route-tables-ha-angle,concept,D2,2.2,VPC,Basic networking concepts (route tables),"Route tables as an HA tool: one per AZ, NAT per AZ","A route table is attached per subnet; the local route is implicit, 0.0.0.0/0 -> IGW makes a subnet public, -> NAT gateway makes it private with egress. For HA give each AZ its own private route table pointing at a NAT gateway in the same AZ so one AZ failure does not black-hole the others. Longest prefix wins; VGW routes can propagate.",,,2,P1,new,,overlaps aws-route-tables-pattern: write it from a different angle/scenario (D2 concept and D1 pattern have the same must_teach (local route implic),B4.5 P1 新卡
aws-service-quotas-and-throttling,concept,D2,2.2,Service Quotas,Service quotas and throttling,Quotas are per Region per account: raise them in the DR Region too,"Service quotas (EC2 On-Demand vCPUs, EIPs, Lambda concurrency 1,000, ALBs per Region) apply per account per Region; a standby Region inherits defaults, so request the same increases there before you need them (Service Quotas console, quota request templates in Organizations, Trusted Advisor limit checks). API throttling is separate: back off with jitter; reserved concurrency protects a critical function.",,,2,P1,partial,aws-lambda-concurrency-reserved-provisioned,"live card covers Lambda concurrency; Service Quotas service, per-Region scope and DR pre-raise missing | absorbs aws-standby-region-quotas: Same D2 task, same lesson (quotas are per Region per account, pre-raise them in",B3 修补 partial 卡（补角度/补 usage/改难度）
aws-storage-durability-availability,concept,D2,2.2,S3,"Storage options and characteristics (durability, replication)","Durability vs availability: 11 nines, per-class availability, One Zone trade","Durability is survival, availability is readability now; all S3 classes are 11 nines durable, availability varies 99.5-99.99%; One Zone-IA gives up AZ resilience for price.",,,1,P1,exists,aws-s3-durability-availability,extend with EBS/EFS/instance-store durability in the durability pattern card,—
aws-workload-visibility-three-pillars,concept,D2,2.2,X-Ray,Workload visibility (X-Ray),Visibility = metrics + logs + traces: which tool answers which question,"Metrics (CloudWatch, agent for memory/disk) answer how much; logs (CloudWatch Logs, Insights) answer what happened; traces (X-Ray segments, service map) answer where the latency is across microservices. Application Signals/ServiceLens join them. Trap: CloudTrail is an API audit log, not workload visibility.",,,1,P1,partial,aws-cloudwatch-agent-custom-metrics,metrics side exists; tracing/X-Ray and the three-pillar framing missing | also covered in part by live aws-cloudwatch-logs-metric-filters-and-insights,B3 修补 partial 卡（补角度/补 usage/改难度）
aws-dr-active-active-multi-site,pattern,D2,2.2,DynamoDB,active-active failover,"Active-active (multi-site): both Regions serve, near-zero RPO/RTO","Both Regions take live traffic via Route 53 latency/weighted records with health checks or Global Accelerator; data uses multi-writer stores (DynamoDB global tables, S3 bi-directional replication) or single-writer with fast promotion (Aurora Global with write forwarding); failover is routing, not rebuilding; highest cost and needs conflict handling and per-Region quotas.",,,3,P1,partial,aws-dynamodb-global-tables,"Teaches the data layer of active-active: DynamoDB global tables, multi-active writes, Streams-driven replication, last-writer-wins and versioning attribute. Spec's full pattern still needs the traffic layer (Route 53 latency/failover routing, health checks), the RPO/RTO framing versus warm standby, and cost/consistency trade-off (strong consistency mode). Also backs aws-two-region-active-writes-mcq-25.",B3 修补 partial 卡（补角度/补 usage/改难度）
aws-dr-backup-and-restore,pattern,D2,2.2,AWS Backup,backup and restore,"Backup and restore: RPO/RTO in hours, cheapest DR","Copy backups (AWS Backup cross-Region copy, snapshot copy, S3 CRR) to the DR Region and keep CloudFormation templates to rebuild; RPO = backup interval (hours), RTO = restore + provision time (hours); lowest cost, nothing running in DR. Trap: backups kept only in the primary Region are not DR.",,,1,P1,new,,,B4.6 P1 新卡
aws-dr-pilot-light,pattern,D2,2.2,RDS,pilot light,"Pilot light: data live in DR, compute switched off until failover","Core data tier replicates continuously to the DR Region (cross-Region read replica, Aurora Global, global tables, CRR) while app servers exist only as AMIs/launch templates/ASGs at zero capacity; on failover promote the database and scale the ASG; RPO minutes, RTO tens of minutes; cheaper than warm standby because no app compute runs.",,,2,P0,new,,,B2.5 P0 新卡
aws-dr-warm-standby,pattern,D2,2.2,Route 53,warm standby,Warm standby: full but scaled-down stack always running in DR,"A complete copy of the workload runs at reduced capacity in the DR Region so it can take traffic immediately and scale up afterwards; Route 53 failover or Global Accelerator shifts traffic; RPO seconds to minutes, RTO minutes; costs more than pilot light because the app tier is running. Distinguishing test: is the application tier already serving requests? yes = warm standby, no = pilot light.",,,2,P0,new,,,B2.5 P0 新卡
aws-durability-by-storage-service,pattern,D2,2.2,EBS,durability,Durability numbers per service and why durability is not backup,"S3 and EFS 99.999999999%; EBS 99.8-99.9% annual failure rate (io2/io2 Block Express 99.999%); EFS One Zone and S3 One Zone-IA lose the AZ-loss guarantee; instance store has none; RDS/Aurora inherit from storage (Aurora 6 copies/3 AZ). Durability protects against media loss, not against deletes or corruption, so backups/versioning are still required.",,,1,P1,partial,aws-s3-durability-availability,S3 numbers live; non-S3 numbers and durability-vs-backup distinction missing,B3 修补 partial 卡（补角度/补 usage/改难度）
aws-rds-proxy-pattern,pattern,D2,2.2,RDS,Amazon RDS Proxy,"RDS Proxy specifics: engines, auth, endpoints, pinning","Supports RDS MySQL/PostgreSQL/MariaDB/SQL Server and Aurora; sits in your VPC; clients authenticate with IAM or database credentials stored in Secrets Manager (required); Aurora gets a read-only endpoint; session pinning (e.g. prepared statements, session variables) disables multiplexing; not available cross-Region and adds a small cost per vCPU of the database.",,,2,P1,partial,aws-rds-proxy,"concept live; engine list, Secrets Manager requirement, pinning and read-only endpoint missing",B3 修补 partial 卡（补角度/补 usage/改难度）
aws-sync-vs-async-replication,pattern,D2,2.2,RDS,replication,Synchronous vs asynchronous replication and what it does to RPO,"Synchronous (RDS Multi-AZ standby, Aurora storage writes, EFS, S3 within a Region) gives RPO ~0 but needs low latency so it stays inside a Region; asynchronous (read replicas, cross-Region replicas, S3 CRR, DynamoDB global tables, Aurora Global ~1 s lag) spans Regions with seconds-to-minutes RPO. Replication propagates deletes and corruption, so it complements but never replaces backups.",,,2,P1,partial,aws-s3-cross-region-replication,CRR mechanics live; the sync/async taxonomy across services missing,B3 修补 partial 卡（补角度/补 usage/改难度）
aws-amazon-mq-service,service,D2,D2,Amazon MQ,Amazon MQ,Amazon MQ: managed ActiveMQ/RabbitMQ for apps that cannot change protocols,"Use when an existing app speaks JMS, AMQP, MQTT, OpenWire or STOMP and must migrate without code changes; deploy active/standby across AZs (ActiveMQ on EFS-backed storage) or a RabbitMQ cluster. Runs in your VPC, does not scale like SQS, and needs broker sizing. New applications should use SQS/SNS.",,,1,P1,new,,,B4.4 P1 新卡
aws-api-gateway-service,service,D2,D2,API Gateway,Amazon API Gateway,API Gateway: REST vs HTTP vs WebSocket and when an ALB is enough,"HTTP API for cheap Lambda/HTTP proxy with JWT; REST API for usage plans, caching, WAF, private endpoints, request validation; WebSocket for two-way; ALB when none of that is needed.",,,2,P1,exists,aws-api-gateway-rest-vs-http-vs-websocket,,—
aws-appflow-service,service,D2,D2,AppFlow,Amazon AppFlow,AppFlow: no-code SaaS-to-AWS data flows,"Managed integration that moves data between SaaS apps (Salesforce, ServiceNow, Slack, SAP) and S3/Redshift/EventBridge on a schedule, event or on demand, with field mapping and filtering, encrypted, PrivateLink for supported sources. Not for app-to-app messaging (EventBridge), database migration (DMS) or file transfer (DataSync).",,,1,P2,new,,,B5.1 P2 长尾
aws-cli-service,service,D2,D2,AWS CLI,AWS CLI,"AWS CLI: scripted access, profiles, role assumption, credential order","Command-line client for every API; credentials resolve from flags, env vars, ~/.aws/credentials, then instance/container role; named profiles and source_profile/role_arn assume roles; --dry-run for EC2, --query/--output for filtering, S3 high-level sync commands. Use for automation and scripting; not a substitute for CloudFormation for repeatable environments.",,,1,P2,new,,"spec note: Fold both into aws-security-best-practices-concept as 'humans sign in via Identity Center/console, automation via CLI pr",B5.1 P2 长尾
aws-cloudformation-service,service,D2,D2,CloudFormation,AWS CloudFormation,"CloudFormation: declarative stacks, drift detection, StackSets",Template -> stack; change sets preview; drift detection; StackSets deploy to many accounts/Regions; CDK synthesises to it; Beanstalk sits above it.,,,1,P1,exists,aws-cloudformation-vs-cdk-vs-elastic-beanstalk,"add DeletionPolicy/UpdateReplacePolicy, rollback on failure and nested stacks for the integrity angle",—
aws-cloudwatch-service,service,D2,D2,CloudWatch,Amazon CloudWatch,"CloudWatch: metrics, alarms, logs, and when EventBridge is the answer","Alarms watch metric thresholds over periods; EventBridge rules react to discrete events; composite alarms, dashboards, anomaly detection and Synthetics extend it.",,,2,P1,exists,aws-cloudwatch-alarm-vs-eventbridge-rule,"add composite alarms, anomaly detection, Synthetics canaries",—
aws-comprehend-service,service,D2,D2,Comprehend,Amazon Comprehend,"Comprehend: NLP API for sentiment, entities, PII, custom classification","Extracts sentiment, entities, key phrases, language and PII from text, with custom classifiers/entity recognizers trained from labelled data; Comprehend Medical for clinical text. Choose for text analytics without ML expertise; not for speech (Transcribe), translation (Translate) or document OCR (Textract).",,,1,P2,new,,spec note: Fold all eight into aws-managed-ai-services-map (P2 concept) and keep aws-review-sentiment-no-ml-team-mcq-44 as the one,B5.1 P2 长尾
aws-ecr-service,service,D2,D2,ECR,Amazon ECR,"ECR: private container registry with scanning, lifecycle and replication","Managed OCI registry used by ECS, EKS, Lambda container images: IAM-authenticated pushes/pulls, image scanning (basic or Inspector enhanced), lifecycle policies to expire old tags, cross-Region/cross-account replication for DR, pull-through cache for Docker Hub/public images, ECR Public for open images. Not a build service (CodeBuild, out of scope) and not for non-container artifacts.",,,1,P2,new,,,B5.1 P2 长尾
aws-ecs-anywhere-service,service,D2,D2,ECS Anywhere,Amazon ECS Anywhere,ECS Anywhere: run ECS tasks on your own on-premises servers,Registers external servers/VMs (via SSM agent + ECS agent) as capacity in an ECS cluster so one control plane schedules tasks on-prem and in AWS; use for data-residency or latency-bound workloads that must stay on-prem but want ECS tooling. Needs outbound connectivity to AWS; no load balancer integration for external tasks; not for Kubernetes (EKS Anywhere).,,,1,P2,new,,,B5.1 P2 长尾
aws-ecs-service,service,D2,D2,ECS,Amazon ECS,"ECS: AWS-native orchestrator on Fargate or EC2, task roles for permissions","Fargate for serverless tasks, EC2 launch type for GPUs/custom AMIs/reserved capacity; task role for app permissions, task execution role for pulling images and logs.",,,2,P1,exists,aws-ecs-fargate-vs-ec2-launch,,—
aws-eks-anywhere-service,service,D2,D2,EKS Anywhere,Amazon EKS Anywhere,EKS Anywhere: self-managed Kubernetes clusters on your hardware,"Customer-operated Kubernetes on vSphere, bare metal, Nutanix or Snow built from EKS Distro with AWS tooling and optional support; you run the control plane on-prem, optionally connect to the EKS console for visibility. Choose for disconnected/on-prem Kubernetes with AWS-consistent tooling; not for hybrid where AWS should run the control plane (EKS + Outposts) or for ECS workloads (ECS Anywhere).",,,1,P2,new,,,B5.1 P2 长尾
aws-eks-distro-service,service,D2,D2,EKS Distro,Amazon EKS Distro,EKS Distro: the open-source Kubernetes distribution EKS itself runs,"AWS-maintained, security-patched Kubernetes builds (same versions and dependencies as EKS) you can install anywhere yourself; no control plane, no support, no console. Choose to keep on-prem clusters version-consistent with EKS; EKS Anywhere packages it with lifecycle tooling.",,,1,P2,new,,spec note: Fold into aws-eks-anywhere-service as one clause.,B5.1 P2 长尾
aws-eks-service,service,D2,D2,EKS,Amazon EKS,"EKS: managed Kubernetes control plane, your choice of data plane","AWS runs the HA control plane across AZs; workers are managed node groups, self-managed nodes or Fargate profiles; add-ons (VPC CNI, EBS/EFS CSI), IRSA/Pod Identity for IAM per pod, Karpenter/Cluster Autoscaler for scaling. Choose for Kubernetes skills, Helm, portability; not when the team just wants to run containers (ECS Fargate is simpler and cheaper).",,,1,P1,partial,aws-eks-vs-ecs,"decision rule live; EKS building blocks (node groups, Fargate profiles, IRSA, add-ons) missing",B3 修补 partial 卡（补角度/补 usage/改难度）
aws-elastic-beanstalk-service,service,D2,D2,Elastic Beanstalk,AWS Elastic Beanstalk,"Elastic Beanstalk: upload code, get EC2/ASG/ELB/RDS provisioned","PaaS for web apps and worker tiers on supported platforms (Java, .NET, Node, Python, Docker...): you upload code, Beanstalk creates ASG, ELB, CloudWatch, optional RDS; you keep full access to the resources; no extra charge. Choose when a team wants to deploy without learning infrastructure; not for multi-service container fleets (ECS/EKS) or when the resource set must be custom (CloudFormation).",,,1,P1,partial,aws-elastic-beanstalk-deployment-policies,deployment policies live; what/when/when-not missing (the CFN-vs-CDK-vs-Beanstalk card also touches it),B3 修补 partial 卡（补角度/补 usage/改难度）
aws-elb-service,service,D2,D2,ELB,Elastic Load Balancing (ELB),"ELB: ALB (L7), NLB (L4, static IP), GWLB (appliances)",ALB for HTTP routing/WAF/Cognito; NLB for TCP/UDP at scale with static IPs per AZ; Gateway Load Balancer for third-party firewall/IDS appliances via GENEVE.,,,1,P1,partial,aws-alb-vs-nlb,"live card aws-alb-vs-nlb is primarily mapped to aws-load-balancing-concepts; this angle still needs its own card | overlaps aws-load-balancing-concepts: write it from a different angle/scenario (Service card must_teach is one sentence (ALB L7, NLB L4 static IP, GWL)",B3 修补 partial 卡（补角度/补 usage/改难度）
aws-eventbridge-service,service,D2,D2,EventBridge,Amazon EventBridge,"EventBridge: bus, rules, targets, Scheduler, Pipes, and when not","Serverless event bus: default bus gets AWS service events, custom and partner (SaaS) buses take your events; rules match on content and route to 20+ targets with retries and DLQ; Scheduler runs cron/rate at scale; Pipes connects a source (SQS, Kinesis, DynamoDB Streams) to a target with filter/enrich. Not for high-volume streaming (Kinesis), strict ordering with buffering (SQS FIFO), or simple push fan-out where SNS is cheaper.",,,1,P1,partial,aws-eventbridge-archive-replay,only archive/replay is live; core model and when-not missing,B3 修补 partial 卡（补角度/补 usage/改难度）
aws-fargate-service,service,D2,D2,Fargate,AWS Fargate,Fargate: serverless compute for ECS/EKS tasks and its hard limits,"Per-task vCPU/memory (0.25 vCPU/0.5 GB up to 16 vCPU/120 GB), ephemeral storage 20 GiB default up to 200 GiB, Linux and Windows, billed per second while the task runs, isolated kernel per task, Fargate Spot for interruptible tasks. Not for GPUs, privileged/daemon containers, custom kernels, or steady dense fleets where EC2 launch type is cheaper.",,,1,P1,partial,aws-ecs-fargate-vs-ec2-launch,choice card live; Fargate sizing limits and exclusions missing,B3 修补 partial 卡（补角度/补 usage/改难度）
aws-health-dashboard-service,service,D2,D2,AWS Health,AWS Health Dashboard,"AWS Health Dashboard: your account's AWS events, automatable via EventBridge","Account-specific view of AWS service issues, scheduled changes (EC2 host retirements, maintenance) and notifications, plus the public service status; Organizations aggregates all accounts; AWS Health events flow to EventBridge so a retirement notice can trigger automation. Use to answer 'is it AWS or me' and to plan around scheduled maintenance; not a monitoring tool for your own resources (CloudWatch).",,,1,P2,new,,,B5.1 P2 长尾
aws-lambda-service,service,D2,D2,Lambda,AWS Lambda,"Lambda: execution model, triggers, and when it is the wrong compute","Event-driven functions billed per ms and GB-second; triggers are synchronous (API Gateway, ALB, function URL), asynchronous (S3, SNS, EventBridge) or polled via event source mappings (SQS, Kinesis, DynamoDB Streams); scales per concurrent event up to the account concurrency limit; limits 15 min, 10 GB memory, 6 MB sync payload, 10 GB container image. Wrong when a job is long, needs GPUs, persistent connections, or steady high throughput where Fargate/EC2 is cheaper.",,,1,P1,partial,aws-lambda-limits-timeout-payload,limits live; trigger model and when-not summary missing | also covered in part by live aws-lambda-vpc-access | also covered in part by live aws-lambda-retries-and-destinations,B3 修补 partial 卡（补角度/补 usage/改难度）
aws-license-manager-service,service,D2,D2,License Manager,AWS License Manager,"License Manager: track and enforce BYOL licences, especially on Dedicated Hosts","Define licence rules (per vCPU, core, socket, instance), attach them to AMIs/launches, track usage across accounts and on-prem via SSM inventory, hard-block launches that would exceed entitlements, and manage host resource groups for Dedicated Hosts. Choose when a question mixes BYOL Windows/SQL/Oracle with compliance; it does not reduce cost by itself.",,,1,P2,new,,,B5.1 P2 长尾
aws-managed-grafana-service,service,D2,D2,Managed Grafana,Amazon Managed Grafana,"Managed Grafana: dashboards over CloudWatch, Prometheus, X-Ray without running Grafana","Fully managed Grafana workspaces with IAM Identity Center/SAML sign-in, data sources for CloudWatch, Managed Prometheus, X-Ray, OpenSearch, Timestream, Athena and third parties, alerting and team-based access. Choose when a team already uses Grafana or needs one pane across AWS and non-AWS sources; CloudWatch dashboards suffice for AWS-only metrics.",,,1,P2,new,,,B5.2 P2 长尾
aws-managed-prometheus-service,service,D2,D2,Managed Prometheus,Amazon Managed Service for Prometheus,Managed Prometheus: Prometheus-compatible metrics for EKS/ECS at scale,"Serverless Prometheus storage and PromQL query endpoint; workloads remote-write from Prometheus servers or the AWS Distro for OpenTelemetry collector; alert manager rules; pairs with Managed Grafana. Choose for container metrics teams already scrape with Prometheus; not for logs or traces, and CloudWatch Container Insights is the simpler AWS-native alternative.",,,1,P2,new,,,B5.2 P2 长尾
aws-management-console-service,service,D2,D2,Management Console,AWS Management Console,"Management Console: browser access, root vs IAM vs Identity Center sign-in","Web UI for every service; sign in as root (only for account-level tasks), IAM user with MFA, or through IAM Identity Center portal/SSO with temporary role sessions; console actions are recorded in CloudTrail like API calls; use CloudFormation/CLI for anything repeatable. Trap: console-only changes cause drift from IaC.",,,1,P2,new,,,B5.2 P2 长尾
aws-polly-service,service,D2,D2,Polly,Amazon Polly,Polly: text-to-speech with neural voices and SSML,"Turns text into lifelike speech (standard, neural, generative voices, many languages), SSML for pronunciation and pauses, lexicons, speech marks for lip-sync; output streamed or saved to S3. Choose for voice output in apps/IVR; the reverse direction (speech to text) is Transcribe, chatbots are Lex.",,,1,P2,new,,,B5.1 P2 长尾
aws-rds-service,service,D2,D2,RDS,Amazon RDS,"RDS: managed relational engines, what you give up and when it is wrong","Managed MySQL, PostgreSQL, MariaDB, Oracle, SQL Server, Db2 with automated backups, patching, Multi-AZ, read replicas, storage autoscaling up to 64 TiB, encryption, IAM auth; no OS/shell access, engine-level features only. Not for NoSQL/key-value scale (DynamoDB), engines or extensions RDS lacks (EC2), or when Aurora's 6-copy storage and faster failover justify its price.",,,1,P1,partial,aws-rds-multi-az-cluster-vs-instance,Multi-AZ variants live; what RDS is / limits / when-not missing,B3 修补 partial 卡（补角度/补 usage/改难度）
aws-route53-service,service,D2,D2,Route 53,Amazon Route 53,Route 53: routing policies and health-check-driven answers,"Simple, weighted, latency, failover, geolocation, geoproximity, multivalue, IP-based; health checks gate answers; alias records point at AWS resources at the apex.",,,2,P1,exists,aws-route53-routing-policies,,—
aws-service-catalog-service,service,D2,D2,Service Catalog,AWS Service Catalog,Service Catalog: approved CloudFormation products for self-service with guardrails,"Admins publish portfolios of products (CloudFormation templates or Terraform) with launch constraints (a launch role does the provisioning so users need little IAM), template constraints and tag enforcement; users pick from a catalogue and get compliant stacks. Choose for governed self-service across accounts; Control Tower governs accounts, plain CloudFormation governs nothing.",,,1,P2,new,,,B5.2 P2 长尾
aws-sns-service,service,D2,D2,SNS,Amazon SNS,SNS: push fan-out topic with filtering,"Publish once, deliver to SQS, Lambda, HTTP, email, SMS, mobile push, Firehose; subscription filter policies; FIFO topics pair with FIFO queues; no message persistence for offline subscribers.",,,2,P1,exists,aws-sns-fanout-filtering,"add target list, FIFO topics and delivery-retry caveat",—
aws-sqs-service,service,D2,D2,SQS,Amazon SQS,SQS: standard vs FIFO queue as a buffer between producers and consumers,"Standard: unlimited throughput, at-least-once, best-effort order. FIFO: 300 msg/s (3,000 batched, higher with high-throughput mode), exactly-once via dedup ID, ordered per group ID.",,,2,P1,exists,aws-sqs-fifo-vs-standard,,—
aws-step-functions-service,service,D2,D2,Step Functions,AWS Step Functions,"Step Functions: Standard (1 year, exactly-once, callbacks) vs Express (5 min, high volume)","Standard for long, auditable, callback-driven workflows billed per transition; Express for high-rate short workflows billed by duration.",,,2,P1,exists,aws-step-functions-standard-vs-express,,—
aws-well-architected-tool-service,service,D2,D2,Well-Architected Tool,AWS Well-Architected Tool,Well-Architected Tool: review a workload against the six pillars,"Six pillars; the Tool runs a questionnaire per workload, records high/medium risks and improvement plans, supports lenses and custom lenses.",,,1,P2,exists,aws-well-architected-pillars,,—
aws-x-ray-service,service,D2,D2,X-Ray,AWS X-Ray,"X-Ray: distributed tracing across Lambda, API Gateway, ECS, EC2",SDK or auto-instrumentation records segments/subsegments per request; daemon/agent ships them; service map shows latency and error rates per hop; sampling controls cost; annotations enable filtering. Use to find which microservice or downstream call is slow or failing. Not a log store (CloudWatch Logs) or an API audit trail (CloudTrail).,,,1,P1,new,,,B4.4 P1 新卡
aws-ebs-iops-database-mcq-01,mcq,D3,3.1,Amazon EBS,Determining storage services and configurations that meet performance demands,"Database needs 50,000 sustained IOPS with sub-ms latency: which EBS type","io2 Block Express when IOPS exceed gp3's 16,000 ceiling; gp3 for everything below; st1/sc1 are throughput HDD not IOPS.",most-performant,"gp3 (violates IOPS ceiling 16,000); st1 (right service wrong volume type, throughput not IOPS); EFS Max I/O (wrong service, file not block); instance store (violates persistence constraint)",2,P0,partial,aws-ebs-volume-types,Q/A exists; MCQ form needed,B3 修补 partial 卡（补角度/补 usage/改难度）
aws-hpc-storage-scale-mcq-04,mcq,D3,3.1,Amazon FSx,Determining storage services that can scale to accommodate future needs,ML training reads a growing S3 dataset at hundreds of GB/s from many instances,"FSx for Lustre linked to the S3 bucket (lazy load, sub-ms, scales throughput with capacity); EFS too slow for HPC; EBS not shared; S3 direct too slow for POSIX training.",most-performant,EFS Max I/O (wrong service for HPC throughput); EBS io2 per instance (violates shared dataset); FSx for Windows (wrong protocol); S3 Transfer Acceleration (wrong feature),2,P1,partial,aws-fsx-windows-vs-lustre-vs-ontap,Q/A exists; MCQ form needed,B3 修补 partial 卡（补角度/补 usage/改难度）
aws-s3-hot-prefix-scaling-mcq-03,mcq,D3,3.1,Amazon S3,Determining storage services that can scale to accommodate future needs,Pipeline gets 503 Slow Down on one S3 prefix as volume grows 10x: what scales,"Spread keys across many prefixes (per-prefix 3,500 PUT/5,500 GET), use multipart for large objects; no need to add buckets or Transfer Acceleration.",choose-two,"Add more buckets (unnecessary, prefixes scale within a bucket); Transfer Acceleration (right service, wrong feature: latency not request rate); Request a quota increase (S3 has no prefix quota); Switch to EFS (wrong service)",3,P1,partial,aws-s3-performance-prefixes-multipart,Q/A exists; MCQ form needed,B3 修补 partial 卡（补角度/补 usage/改难度）
aws-shared-posix-across-azs-mcq-18,mcq,D3,3.1,EFS,"Recommending compute, storage, networking, database technologies",Linux fleet across three AZs needs one shared POSIX file system that grows on demand,"Amazon EFS (Regional, Elastic throughput) mounted by every instance via mount targets in each AZ.",most-available,"violates constraint: EBS Multi-Attach is single-AZ and needs a cluster file system; violates constraint: S3 is object storage, not POSIX; wrong service: FSx for Windows is SMB for Windows workloads",1,P0,new,,overlaps aws-shared-storage-linux-fleet-mcq-02: write it from a different angle/scenario (Same Linux-fleet-three-AZs-shared-POSIX stem (also the live aws-efs-pe) | moved: Shared POSIX file-system selection is 3.1; the same stem already exists there wi,B2.4 P0 新卡
aws-shared-storage-linux-fleet-mcq-02,mcq,D3,3.1,Amazon EFS,Determining storage services and configurations that meet performance demands,Hundreds of Linux instances in 3 AZs need one shared POSIX file system with spiky load,EFS Regional with Elastic throughput and General Purpose mode; Max I/O only for massive parallel with latency tolerance; FSx Lustre for HPC scratch; EBS cannot be shared across AZs.,least-ops,"EBS Multi-Attach (violates multi-AZ); FSx for Windows (wrong protocol SMB); EFS Provisioned throughput (right service, wrong mode for unknown load); S3 via Mountpoint (wrong semantics for POSIX locks)",2,P0,partial,aws-efs-performance-and-throughput-modes,Q/A exists; MCQ form needed,B3 修补 partial 卡（补角度/补 usage/改难度）
aws-windows-smb-shared-storage-ha-mcq-43,mcq,D3,3.1,FSx,Using purpose-built AWS services for workloads (HA),Windows app needs SMB shares joined to Active Directory across two AZs,"Amazon FSx for Windows File Server in Multi-AZ deployment: native SMB, AD integration, automatic failover between AZs.",most-available,violates constraint: EFS is NFS for Linux; violates constraint: EBS is single-instance single-AZ; wrong service: S3 File Gateway presents SMB but is a cache in front of S3 and not multi-AZ HA,1,P1,new,,moved: FSx for Windows selection by protocol is the 3.1 storage-selection decision wher | spec note: Either drop (the live FSx card covers it) or make the trade-off FSx Windows Multi-AZ vs Single-AZ vs File Gateway with a,B4.3 P1 新卡
aws-efs-service-card,service,D3,3.1,Amazon EFS,service card: Amazon EFS,EFS: elastic shared NFS across AZs,"Use: thousands of Linux clients, Regional or One Zone, Elastic/Provisioned/Bursting throughput, GP vs Max I/O, IA/Archive classes, access points, encryption. Not for: Windows/SMB (FSx Windows), single-instance low-latency block (EBS), HPC scratch (FSx Lustre).",,,1,P1,exists,aws-efs-performance-and-throughput-modes,,—
aws-hybrid-storage-decision-tree,concept,D3,3.1,AWS Storage Gateway,Hybrid storage solutions to meet business requirements,Hybrid storage: which service keeps on-prem apps working while data lives in AWS,"Decision rule: keep on-prem access with cloud backing = Storage Gateway (File for NFS/SMB->S3, Volume cached/stored for iSCSI, Tape for backup software); one-time or scheduled bulk move = DataSync; NetApp features both sides = FSx for ONTAP; AWS services on site = Outposts. Trap: DataSync is a mover, not a persistent mount.",,,2,P1,partial,aws-storage-gateway-modes,live card aws-storage-gateway-modes is primarily mapped to aws-svc-storage-gateway; this angle still needs its own card | overlaps aws-data-transfer-services-choice: write it from a different angle/scenario (D3 has two concepts and D4 a third (aws-d4-hybrid-storage-options) all),B3 修补 partial 卡（补角度/补 usage/改难度）
aws-storage-services-use-case-matrix,concept,D3,3.1,Amazon S3,"Storage services with appropriate use cases (S3, EFS, EBS)",S3 vs EFS vs EBS vs FSx: match the storage service to the access pattern,"Rule: HTTP/unlimited/durable static or data-lake = S3; many Linux hosts share POSIX files across AZs = EFS; one instance, low-latency block (boot, DB) = EBS; SMB/AD = FSx Windows; HPC/ML scratch = FSx Lustre; NetApp/multi-protocol = FSx ONTAP. Trap: EBS is single-AZ and single-instance (except io1/io2 Multi-Attach).",,,1,P0,partial,aws-fsx-windows-vs-lustre-vs-ontap,Existing card covers the FSx branch only; S3/EFS/EBS side needs one card,B3 修补 partial 卡（补角度/补 usage/改难度）
aws-storage-types-object-file-block,concept,D3,3.1,-,"Storage types with associated characteristics (object, file, block)",Object vs file vs block: the characteristics that decide the service,"Block = raw volumes, lowest latency, one host, formatted by OS (EBS, instance store). File = hierarchical, shared over NFS/SMB, POSIX locks (EFS, FSx). Object = flat key space over HTTP, whole-object writes, no in-place edit, unlimited scale (S3). Trap: object storage cannot be mounted as a boot volume or used for random in-place writes.",,,1,P1,partial,aws-ebs-vs-efs-vs-instance-store,Existing card lacks the object/S3 column and the in-place-write rule | absorbs aws-block-storage-characteristics: Per-type patterns are the three columns of the concept; their live mappings hold | absorbs aws-file-storage-characteristics: Per-type patterns are the three columns of the concept; their live mappings hold | absorbs aws-object-storage-characteristics: Per-type patterns are the three columns of the concept; their live mappings hold,B3 修补 partial 卡（补角度/补 usage/改难度）
aws-asg-scaling-metric-choice-mcq-07,mcq,D3,3.2,Amazon EC2 Auto Scaling,Identifying metrics and conditions to perform scaling actions,"Keep ALB targets around 1,000 requests each and pre-warm before 9am daily",Target tracking on ALBRequestCountPerTarget plus a scheduled action; step scaling only for breach-size responses; predictive scaling for recurring patterns needs 24 h+ history.,least-ops,"Step scaling on CPU (wrong metric, more ops); Manual desired capacity change (violates least-ops); Scheduled only (misses unexpected load); Scale on NetworkIn (metric not tied to requests)",2,P0,partial,aws-asg-scaling-policies,Q/A exists; MCQ form needed,B3 修补 partial 卡（补角度/补 usage/改难度）
aws-compute-option-batch-vs-lambda-mcq-09,mcq,D3,3.2,AWS Batch,Selecting the appropriate compute options and features (EC2 instance types),"Nightly genomics jobs run 2-6 hours each, thousands per night, interruptible",AWS Batch with a Spot compute environment (or EMR if Spark); Lambda's 15-min limit and Fargate's per-task cost rule them out; EC2 ASG needs a scheduler you build.,least-cost,"Lambda (violates 15-min limit); Fargate tasks (right family, costlier and no Spot queueing); EC2 ASG on-demand (violates least-cost, no job queue); EMR (wrong service unless Spark named)",2,P0,partial,aws-lambda-limits-timeout-payload,Q/A gives the limit; MCQ decision needed,B3 修补 partial 卡（补角度/补 usage/改难度）
aws-container-task-sizing-mcq-12,mcq,D3,3.2,AWS Fargate,Selecting the appropriate resource type and size (amount of Lambda memory),"Predictable per-task CPU/memory without hosts, plus GPU inference containers",Fargate tasks with explicit vCPU/memory for the API; GPU workloads need ECS/EKS on EC2 launch type (or Fargate GPU where unavailable); Lambda 10 GB/15 min unsuitable for GPU.,choose-two,Lambda container images for GPU (violates GPU constraint); Fargate for GPU (Fargate lacks GPU in most Regions); EC2 launch type for API (violates least-ops); Beanstalk (wrong abstraction),3,P1,partial,aws-ecs-fargate-vs-ec2-launch,Q/A exists; MCQ form needed | overlaps aws-spiky-container-api-no-hosts-mcq-12: write it from a different angle/scenario (Both halves of the live aws-ecs-fargate-vs-ec2-launch stem (spiky API ) | spec note: Drop; aws-spiky-container-api-no-hosts-mcq-12 covers the Fargate half and the GPU half is a one-line distractor there.,B3 修补 partial 卡（补角度/补 usage/改难度）
aws-decouple-upload-processing-mcq-05,mcq,D3,3.2,Amazon SQS,Decoupling workloads so that components can scale independently,Web tier accepts image uploads; processing spikes overwhelm the workers,S3 event -> SQS queue -> worker ASG scaling on ApproximateNumberOfMessagesVisible (backlog per instance); SNS alone has no buffer; synchronous Lambda call couples tiers.,most-performant,"Web tier calls processing API directly (violates decoupling); SNS to workers with no queue (no buffering); Scale workers on CPU (wrong metric, not backlog); Kinesis Data Streams (wrong service, stream not work queue)",2,P0,partial,aws-sqs-visibility-timeout-dlq,"D2 Q/A covers SQS mechanics; scaling-on-backlog MCQ needed | overlaps aws-order-queue-between-tiers-mcq-01: write it from a different angle/scenario (Both: web tier overwhelmed, put SQS between tiers, scale workers on qu)",B3 修补 partial 卡（补角度/补 usage/改难度）
aws-fanout-independent-consumers-mcq-06,mcq,D3,3.2,Amazon SNS,Decoupling workloads so that components can scale independently,Order events must feed three teams that scale and fail independently,"SNS topic with one SQS queue per consumer (fan-out), filter policies; each queue buffers for its consumer; EventBridge is the alternative when content routing/SaaS targets matter.",choose-two,"Single SQS queue with three consumers (violates independence, messages consumed once); SNS direct to Lambda with no queue (no buffer/retry isolation); Kinesis with one consumer (wrong service); Step Functions (wrong service for fan-out)",2,P1,partial,aws-sns-fanout-filtering,D2 Q/A exists; MCQ form needed,B3 修补 partial 卡（补角度/补 usage/改难度）
aws-hpc-instance-and-network-mcq-10,mcq,D3,3.2,Amazon EC2,Selecting the appropriate compute options and features (EC2 instance types),Tightly coupled MPI simulation across 64 instances needs lowest inter-node latency,Cluster placement group + EFA-enabled instance types in one AZ (plus FSx Lustre); spread/partition groups add distance; ENA alone lacks OS bypass.,most-performant,"Spread placement group (violates low-latency locality); Partition placement (right service wrong feature, for HDFS); Enhanced networking ENA only (insufficient, no OS bypass); Multi-AZ ASG (violates single-AZ locality)",3,P1,partial,aws-ec2-enhanced-networking-efa,Q/A exists; MCQ form needed,B3 修补 partial 卡（补角度/补 usage/改难度）
aws-lambda-memory-cost-perf-mcq-11,mcq,D3,3.2,AWS Lambda,Selecting the appropriate resource type and size (amount of Lambda memory),CPU-bound Lambda at 128 MB takes 8 s; make it faster without raising cost,"Raise memory (e.g., 1,769 MB = 1 vCPU): duration falls, GB-seconds roughly constant; concurrency settings do not speed a single invocation.",fastest,"Provisioned concurrency (right service wrong feature, fixes cold start not CPU); Reserved concurrency (limits, no speed); Increase timeout (no effect); Move to Fargate (violates least-change)",2,P0,partial,aws-lambda-performance-memory-and-layers,Q/A exists; MCQ form needed,B3 修补 partial 卡（补角度/补 usage/改难度）
aws-queue-backlog-per-instance-mcq-08,mcq,D3,3.2,Amazon CloudWatch,Identifying metrics and conditions to perform scaling actions,Worker fleet scales too late; queue depth grows while CPU stays low,Publish backlog-per-instance custom metric (ApproximateNumberOfMessagesVisible / InService instances) and target-track it; CPU is wrong for I/O-bound consumers; add instance warm-up.,most-performant,"Target tracking on CPU (wrong metric); Scale on ApproximateAgeOfOldestMessage only (lagging indicator, plausible second); Increase visibility timeout (does not add capacity); Larger instances (vertical, not elastic)",3,P1,new,,task note: service = Amazon EC2 Auto Scaling,B4.3 P1 新卡
aws-auto-scaling-service-card,service,D3,3.2,AWS Auto Scaling,service card: AWS Auto Scaling,"AWS Auto Scaling: scaling plans across EC2, ECS, DynamoDB, Aurora",Use: one scaling plan with predictive scaling and target tracking across resources discovered by tag/CloudFormation stack. vs EC2 Auto Scaling (instances only) vs Application Auto Scaling (API for non-EC2). Keyword: 'scale multiple resource types together'.,,,1,P2,new,,overlaps aws-scalability-ec2-asg-vs-aws-auto-scaling: write it from a different angle/scenario (The concept already teaches the EC2 Auto Scaling vs Application Auto S),B5.2 P2 长尾
aws-batch-service-card,service,D3,3.2,AWS Batch,service card: AWS Batch,AWS Batch: managed batch job queues on EC2/Spot/Fargate,"Use: long-running or thousands of batch jobs, job queues and definitions, compute environments (EC2, Spot, Fargate), array jobs, dependencies. Not for: sub-15-min event work (Lambda), Spark (EMR), scheduled cron of one script (EventBridge+Lambda). Keyword: 'batch jobs, no scheduler to manage'.",,,1,P1,new,,,B4.4 P1 新卡
aws-ec2-auto-scaling-service-card,service,D3,3.2,Amazon EC2 Auto Scaling,service card: Amazon EC2 Auto Scaling,"EC2 Auto Scaling: groups, policies, health, and warm-up","Use: min/desired/max, launch templates, multi-AZ balance, target tracking/step/scheduled/predictive, instance warm-up, lifecycle hooks, warm pools, ELB health checks, mixed instances with Spot. Not for: ECS tasks/DynamoDB (Application Auto Scaling).",,,1,P0,partial,aws-asg-scaling-policies,"Policies covered; group anatomy (min/desired/max, launch template, mixed instances) missing",B3 修补 partial 卡（补角度/补 usage/改难度）
aws-emr-service-card,service,D3,3.2,Amazon EMR,service card: Amazon EMR,EMR: managed Spark/Hadoop clusters for big-data processing,"Use: Spark, Hive, Presto, HBase at scale; long or ad hoc clusters; EMR Serverless; Spot task nodes; EMRFS on S3 (decoupled storage). Not for: simple serverless ETL (Glue), SQL-only on S3 (Athena), warehouse (Redshift). Rule: 'existing Hadoop/Spark jobs' -> EMR.",,,1,P1,partial,aws-redshift-vs-athena-vs-emr,EMR is one branch of the existing card; node types/Spot/EMRFS missing,B3 修补 partial 卡（补角度/补 usage/改难度）
aws-compute-services-use-case-map,concept,D3,3.2,AWS Batch,"AWS compute services with appropriate use cases (Batch, EMR, Fargate)","Which compute service: EC2, Lambda, Fargate, Batch, EMR, Elastic Beanstalk",Rule: event-driven <15 min = Lambda; containers without hosts = Fargate; long/queued batch jobs on managed EC2/Spot = Batch; big-data frameworks (Spark/Hadoop) = EMR; full control/licences/GPU = EC2; deploy code and forget infra = Beanstalk. Trap: 40-minute job is not Lambda; Spark job is EMR (or Glue) not Batch.,,,1,P0,partial,aws-lambda-limits-timeout-payload,Existing card gives the 15-min rule; Batch/EMR/Fargate positioning missing,B3 修补 partial 卡（补角度/补 usage/改难度）
aws-container-orchestration-ecs-eks,concept,D3,3.2,Amazon ECS,"The orchestration of containers (ECS, EKS)",ECS vs EKS and the launch-type/capacity choices behind each,"ECS = AWS-native, simplest; EKS = upstream Kubernetes for portability/skills. Both run on EC2 or Fargate. Task/pod scaling via Application Auto Scaling on CPU/memory/ALB request count. Trap: 'Kubernetes' keyword -> EKS; 'no host management' -> Fargate; GPU/daemonsets/privileged -> EC2 launch type.",,,1,P1,partial,aws-eks-vs-ecs,live card aws-eks-vs-ecs is primarily mapped to aws-container-orchestration-choice; this angle still needs its own card,B3 修补 partial 卡（补角度/补 usage/改难度）
aws-distributed-computing-global-infra-edge,concept,D3,3.2,-,Distributed computing concepts supported by AWS global infrastructure and edge services,"Regions, AZs, Local Zones, Wavelength, edge locations: layering compute for latency","Teach the layers: Region (data residency, service catalogue), AZ (fault isolation, single-digit-ms links), Local Zone (metro latency, subset of services), Wavelength (5G carrier edge), Outposts (on-prem), edge locations (CloudFront/Global Accelerator, no EC2). Rule: place compute nearest to the users or the data that dominates latency.",,,1,P1,partial,aws-ec2-placement-groups,Placement groups are one intra-AZ lever; the global layering is missing,B3 修补 partial 卡（补角度/补 usage/改难度）
aws-queuing-messaging-concepts-scaling,concept,D3,3.2,Amazon SQS,Queuing and messaging concepts (publish/subscribe),"Queues vs pub/sub as scaling tools: buffer, fan-out, and consumer scaling","Queue (SQS) = pull, buffers bursts so producers and consumers scale independently; ApproximateNumberOfMessagesVisible per instance is the scaling metric. Pub/sub (SNS) = push to many subscribers, no buffering, no replay. Event bus (EventBridge) = rule-based routing. Rule: 'absorb spikes' -> queue; 'notify many' -> topic; 'route by content' -> bus.",,,2,P1,partial,aws-sqs-sns-eventbridge-choice,"Existing card is the D2 pick-the-service view; D3 angle (buffering, backlog-per-instance scaling) missing",B3 修补 partial 卡（补角度/补 usage/改难度）
aws-scalability-ec2-asg-vs-aws-auto-scaling,concept,D3,3.2,Amazon EC2 Auto Scaling,"Scalability capabilities with appropriate use cases (EC2 Auto Scaling, AWS Auto Scaling)",EC2 Auto Scaling vs AWS Auto Scaling vs Application Auto Scaling: what scales what,"EC2 Auto Scaling = groups of instances (min/desired/max, policies, health). Application Auto Scaling = ECS services, DynamoDB, Aurora replicas, Lambda provisioned concurrency, Spot Fleet. AWS Auto Scaling = one console/scaling plan across those with predictive scaling. Trap: DynamoDB and ECS are not scaled by an ASG.",,,1,P1,partial,aws-asg-lifecycle-hooks-and-warm-pools,Existing card covers hooks/warm pools; the three-service split is missing,B3 修补 partial 卡（补角度/补 usage/改难度）
aws-serverless-patterns-lambda-fargate,concept,D3,3.2,AWS Lambda,"Serverless technologies and patterns (Lambda, Fargate)","Serverless patterns: when Lambda, when Fargate, and the async/queue-fronted shapes","Lambda for short, event-driven, bursty units; Fargate for long-running or container-shaped services; both scale to zero ops. Patterns: API GW+Lambda, S3 event+Lambda, SQS buffered Lambda (batching, concurrency), Step Functions for multi-step. Trap: Lambda limits 15 min/10 GB memory/6 MB sync payload push jobs to Fargate/Batch.",,,2,P0,partial,aws-lambda-cold-start-init,Existing cards teach cold start and limits; the Lambda-vs-Fargate pattern decision is missing,B3 修补 partial 卡（补角度/补 usage/改难度）
aws-ec2-instance-type-selection,pattern,D3,3.2,Amazon EC2,EC2 instance types,"Choosing EC2 instance type: family, size, generation, Graviton, burstable credits","Family letters (M/T/C/R/X/I/D/P/G/Hpc), sizes double vCPU/memory, newer generation cheaper per unit, Graviton (arm64) ~20-40% better price-performance, T-family CPU credits (unlimited mode), network baseline vs burst. Rule: sustained CPU -> C; memory -> R; spiky small -> T.",,,1,P0,exists,aws-ec2-instance-families,,—
aws-lambda-memory-sizing,pattern,D3,3.2,AWS Lambda,amount of Lambda memory,Lambda memory as the single performance dial,"128 MB-10,240 MB; CPU scales linearly, 1,769 MB = 1 vCPU, up to 6 vCPU; cost = GB-seconds so more memory can be cheaper; ephemeral storage 512 MB-10 GB separate; Power Tuning tool. Trap: CPU-bound function at 128 MB is slow and not cheaper.",,,2,P0,exists,aws-lambda-performance-memory-and-layers,,—
aws-pub-sub-pattern,pattern,D3,3.2,Amazon SNS,publish/subscribe,Publish/subscribe fan-out: SNS to SQS/Lambda with filtering,"One publish -> many subscribers (SQS, Lambda, HTTP, email, Firehose); message filtering by attribute; SNS+SQS fan-out gives each consumer its own buffer and retry; FIFO topics for ordering. Trap: SNS alone has no buffering; pair with SQS for durable independent scaling.",,,2,P1,partial,aws-sns-fanout-filtering,"D2 card teaches fan-out; D3 angle of per-consumer scaling missing | absorbs aws-pubsub-fanout-pattern: Identical (SNS to one SQS per consumer, filter policies, FIFO topics). Both map",B3 修补 partial 卡（补角度/补 usage/改难度）
aws-aurora-reporting-reads-mcq-13,mcq,D3,3.3,Amazon Aurora,Configuring read replicas to meet business requirements,Reporting queries slow the Aurora writer; reads spike unpredictably,Use reader endpoint with Aurora Replica autoscaling (target CPU or connections); custom endpoint for large-instance reports; writer instance upsizing is vertical and costly.,most-performant,"Point reports at cluster endpoint (wrong endpoint, hits writer); Scale up writer (vertical, not read scaling); RDS Proxy (wrong feature, pooling not read offload); Multi-AZ standby (serves no reads)",2,P0,partial,aws-aurora-reader-endpoint-and-autoscaling,Q/A exists; MCQ form needed,B3 修补 partial 卡（补角度/补 usage/改难度）
aws-cache-integration-stale-reads-mcq-21,mcq,D3,3.3,Amazon ElastiCache,Integrating caching to meet business requirements,Catalogue prices must never be stale more than 60 s; reads are 95% of load,ElastiCache with TTL 60 s (lazy loading + TTL) or write-through on price updates; DAX only if DynamoDB; strongly consistent reads defeat the cache.,most-performant,"DAX (wrong service unless DynamoDB backing); Write-through with no TTL (churn, cold node); Read replicas only (helps but not microsecond); CloudFront caching API responses (plausible second for public GETs, but per-user data)",2,P0,partial,aws-elasticache-lazy-loading-vs-write-through,Q/A exists; MCQ form needed,B3 修补 partial 卡（补角度/补 usage/改难度）
aws-db-connection-storm-mcq-15,mcq,D3,3.3,Amazon RDS Proxy,Designing database architectures,Thousands of Lambda invocations exhaust RDS connections,"RDS Proxy pools and multiplexes connections, IAM auth, queues surplus; raising max_connections or instance size is a stopgap; DynamoDB migration is out of scope.",least-change,"Increase max_connections parameter (stopgap, memory-bound); Larger instance class (cost, not root cause); Rewrite for DynamoDB (violates least-change); Reserved concurrency on Lambda (limits throughput, plausible second)",2,P0,partial,aws-rds-proxy,Q/A exists; MCQ form needed,B3 修补 partial 卡（补角度/补 usage/改难度）
aws-db-type-graph-timeseries-mcq-20,mcq,D3,3.3,Amazon Neptune,"Determining an appropriate database type (Aurora, DynamoDB)",Fraud detection traverses account-device relationships; separate IoT time-window queries,Neptune for relationship traversal; Timestream for time-series; DynamoDB works for time-series only with careful key design; Aurora joins degrade at deep traversal.,choose-two,"Aurora with recursive SQL (degrades at depth); DynamoDB adjacency lists (plausible but not purpose-built); Redshift (OLAP, wrong latency); OpenSearch (search, not graph)",2,P1,partial,aws-purpose-built-databases-selection,Q/A exists; MCQ form needed,B3 修补 partial 卡（补角度/补 usage/改难度）
aws-db-type-serverless-keyvalue-mcq-19,mcq,D3,3.3,Amazon DynamoDB,"Determining an appropriate database type (Aurora, DynamoDB)","Session/profile lookups by user id at millions of req/s, no joins, must scale to zero ops","DynamoDB (on-demand, single-digit ms, GSI for secondary lookups); Aurora Serverless v2 for relational shape; ElastiCache is not durable primary; DocumentDB only if MongoDB.",least-ops,"Aurora Serverless v2 (relational overhead, plausible second); ElastiCache Redis (not durable primary); RDS MySQL with replicas (violates least-ops); DocumentDB (wrong keyword)",2,P0,partial,aws-aurora-vs-dynamodb-choice,Q/A exists; MCQ form needed,B3 修补 partial 卡（补角度/补 usage/改难度）
aws-dynamodb-hot-partition-design-mcq-16,mcq,D3,3.3,Amazon DynamoDB,Designing database architectures,DynamoDB throttles despite low total usage; one date-based key dominates,"Redesign partition key for high cardinality (write sharding/suffix), add GSI for the query pattern; on-demand mode does not fix a hot key; DAX helps reads only.",choose-two,"Switch to on-demand (does not isolate a hot key); Add DAX (right service wrong feature, reads only); Raise provisioned WCU (partition limit 1,000 WCU still binds); Use LSI (cannot add to existing table)",3,P0,partial,aws-dynamodb-capacity-and-keys,Q/A covers key choice; MCQ with sharding needed,B3 修补 partial 卡（补角度/补 usage/改难度）
aws-dynamodb-microsecond-reads-mcq-22,mcq,D3,3.3,Amazon DynamoDB Accelerator (DAX),Integrating caching to meet business requirements,DynamoDB game leaderboard reads same hot items; needs microseconds with no code rewrite,"DAX cluster (API-compatible, write-through, eventually consistent reads); ElastiCache requires cache code; RCU increase does not cut latency; DAX does not serve strongly consistent reads.",least-change,"ElastiCache Redis (violates least-change, code needed); Increase RCU (capacity not latency); Global Tables (wrong feature); Use strongly consistent reads (bypasses DAX)",2,P0,partial,aws-dynamodb-dax,Q/A exists; MCQ form needed,B3 修补 partial 卡（补角度/补 usage/改难度）
aws-engine-choice-commodity-web-mcq-18,mcq,D3,3.3,Amazon RDS,Determining an appropriate database engine (MySQL compared with PostgreSQL),Simple e-commerce OLTP on MySQL 8 needs 5x throughput and automatic storage growth,"Aurora MySQL (compatible, up to 5x, storage auto-grows to 128 TiB, 15 replicas); switching to PostgreSQL adds migration work; DynamoDB needs redesign.",least-change,"Aurora PostgreSQL (engine change, violates least-change); RDS MySQL larger instance (does not give auto-grow/replica scale); DynamoDB (wrong type); Redshift (wrong workload, OLAP)",2,P1,partial,aws-aurora-vs-rds,Q/A exists; MCQ form needed,B3 修补 partial 卡（补角度/补 usage/改难度）
aws-engine-choice-oracle-migration-mcq-17,mcq,D3,3.3,Amazon Aurora,Determining an appropriate database engine (MySQL compared with PostgreSQL),Oracle on-prem with PL/SQL and licence cost pressure; minimal downtime move,"SCT assesses and converts to Aurora PostgreSQL (closest feature set), DMS with CDC migrates; MySQL loses more Oracle features; RDS for Oracle keeps licences (fails cost goal).",least-cost,"RDS for Oracle BYOL (violates licence-cost goal); Aurora MySQL (right service, weaker Oracle compatibility); DynamoDB (wrong type); DMS only without SCT (schema not converted)",2,P1,partial,aws-dms-and-sct,"Q/A exists; engine-choice MCQ needed | overlaps aws-d4-db-engine-license-cost-mcq-23: write it from a different angle/scenario (Same stem (Oracle, licence cost, minimal change), same answer (SCT + D)",B3 修补 partial 卡（补角度/补 usage/改难度）
aws-rds-cross-region-reads-mcq-14,mcq,D3,3.3,Amazon RDS,Configuring read replicas to meet business requirements,"RDS PostgreSQL in Sydney; Ireland users need low-latency reads, tolerating seconds of lag",Cross-Region read replica (async) with app routing reads to the replica endpoint; Multi-AZ is same-Region and unreadable; Global Database is Aurora-only; ElastiCache does not replicate DB.,least-change,"Multi-AZ deployment (serves no reads, same Region); Aurora Global Database (requires migration, violates least-change); ElastiCache in Ireland (wrong service, cache miss still crosses ocean); DynamoDB Global Tables (wrong engine)",2,P0,partial,aws-rds-cross-region-read-replica-dr,D2 Q/A is DR-framed; read-latency MCQ needed,B1 黄金五张（MCQ，跑通流程）
aws-aurora-service-card,service,D3,3.3,Amazon Aurora,service card: Amazon Aurora,Aurora: MySQL/PostgreSQL-compatible with shared storage and 15 replicas,"Use: 6 copies over 3 AZs, storage auto-grows to 128 TiB, up to 15 replicas, reader/custom endpoints, Global Database, Serverless v2, cloning, backtrack. Not for: engines other than MySQL/PostgreSQL, or when RDS features suffice at lower cost.",,,1,P0,exists,aws-aurora-vs-rds,,—
aws-dynamodb-service-card,service,D3,3.3,Amazon DynamoDB,service card: Amazon DynamoDB,DynamoDB: serverless key-value store at any scale,"Use: single-digit-ms, on-demand/provisioned, GSI/LSI, DAX, Streams, TTL, Global Tables, transactions (100 items), item 400 KB max. Not for: joins/ad hoc queries, large blobs (use S3 pointers). Keyword: 'serverless, predictable latency at scale'.",,,1,P0,partial,aws-aurora-vs-dynamodb-choice,Decision card exists; own feature-map card missing,B3 修补 partial 卡（补角度/补 usage/改难度）
aws-elasticache-service-card,service,D3,3.3,Amazon ElastiCache,service card: Amazon ElastiCache,ElastiCache: Redis/Valkey vs Memcached in-memory cache,"Use: sub-ms reads, session store, leaderboards, pub/sub (Redis/Valkey), multi-threaded simple cache (Memcached), Serverless option. Not for: durable primary store (MemoryDB), DynamoDB-specific caching (DAX).",,,1,P1,exists,aws-elasticache-redis-vs-memcached,,—
aws-caching-strategies-layers,concept,D3,3.3,Amazon ElastiCache,Caching strategies and services (ElastiCache),"Where to cache: CloudFront, API Gateway, ElastiCache, DAX, and the strategy per layer","Layers: edge (CloudFront static/dynamic), API (API Gateway stage cache), app/db (ElastiCache Redis/Valkey/Memcached), DynamoDB-specific (DAX). Strategies: lazy loading (stale risk), write-through (write cost, cold node), TTL as the compromise. Rule: read-heavy + tolerates seconds of staleness -> cache; strongly consistent reads -> bypass.",,,2,P0,exists,aws-elasticache-lazy-loading-vs-write-through,Existing card covers strategies; the layer map is thin,—
aws-caching-tier-placement,concept,D3,3.3,ElastiCache,Caching strategies,"Where to cache in each tier to scale: edge, API, app, database","Map the cache to the bottleneck: CloudFront for static/edge, API Gateway stage cache for repeated GETs, ElastiCache (Redis/Memcached) for app data and sessions, DAX for DynamoDB reads, read replicas for SQL reads. Cache-aside (lazy) tolerates stale data; write-through never stale but churns; always set a TTL. Trap: caching cannot fix write-heavy load.",,,2,P1,partial,aws-elasticache-lazy-loading-vs-write-through,"D3 card covers lazy vs write-through; D2 angle (tier placement map, cache as scaling lever) missing | overlaps aws-caching-strategies-layers: write it from a different angle/scenario (D2, D3 and D4 all teach the same layer map (CloudFront, API Gateway st) | moved: Its content is the D3 concept; the guide's caching knowledge item is 3.3 and the",B3 修补 partial 卡（补角度/补 usage/改难度）
aws-data-access-patterns-read-vs-write,concept,D3,3.3,-,Data access patterns (read-intensive vs write-intensive),Read-heavy vs write-heavy: which lever each pattern unlocks,"Read-intensive -> read replicas, caches (ElastiCache/DAX), reader endpoints, eventually consistent reads. Write-intensive -> bigger writer instance, Provisioned IOPS, sharding/partition-key spread, DynamoDB on-demand, queue-buffered writes, Aurora (single writer). Trap: read replicas do nothing for write throughput.",,,1,P0,partial,aws-dynamodb-gsi-vs-lsi,Index design is one write-cost example; the general read/write lever table is missing | absorbs aws-read-vs-write-intensive-pattern: Same D3 task; both list replicas/cache/DAX for reads and Provisioned IOPS/bigger,B3 修补 partial 卡（补角度/补 usage/改难度）
aws-database-capacity-planning,concept,D3,3.3,Amazon RDS,"Database capacity planning (capacity units, instance types, Provisioned IOPS)","Sizing a database: RCU/WCU, instance class, and Provisioned IOPS","DynamoDB: 1 RCU = one 4 KB strongly consistent read/s (2 eventually consistent), 1 WCU = one 1 KB write/s. RDS/Aurora: instance class sets CPU/memory/network; storage io1/io2 gives Provisioned IOPS independent of size (gp3 baseline 3,000). Rule: IOPS-bound -> Provisioned IOPS, memory-bound -> R-class, throttled DynamoDB -> capacity or key spread.",,,2,P0,partial,aws-dynamodb-capacity-and-keys,"Existing card lacks RCU/WCU arithmetic and the RDS instance/IOPS side | overlaps aws-dynamodb-capacity-units-pattern: write it from a different angle/scenario (RCU/WCU arithmetic appears in the D3 concept, the D3 pattern, the D4 c)",B3 修补 partial 卡（补角度/补 usage/改难度）
aws-database-replication-read-replicas,concept,D3,3.3,Amazon RDS,Database replication (read replicas),"Read replicas across RDS, Aurora, and DynamoDB: async, count, and promotion","RDS: up to 15 read replicas (5 for some engines), async, own endpoints, cross-Region allowed, promotable. Aurora: up to 15 replicas on the shared volume, one reader endpoint, ms lag, failover targets. DynamoDB: Global Tables = multi-active replication. Trap: Multi-AZ standby serves no reads.",,,1,P0,partial,aws-rds-multi-az-vs-read-replica,"D2 card contrasts with Multi-AZ; the replica limits and Aurora/DynamoDB comparison missing | absorbs aws-read-replicas-pattern: D3 pattern and D3 concept carry the same facts (RDS up to 15, cross-Region, prom",B3 修补 partial 卡（补角度/补 usage/改难度）
aws-database-types-and-services-map,concept,D3,3.3,-,"Database types and services (serverless, relational vs non-relational, in-memory)","The database type map: relational, key-value, document, graph, time-series, in-memory","Map: relational OLTP (RDS/Aurora), key-value (DynamoDB), document (DocumentDB), graph (Neptune), wide-column (Keyspaces), time-series (Timestream), ledger (QLDB), in-memory (ElastiCache/MemoryDB), warehouse (Redshift). Serverless options: Aurora Serverless v2, DynamoDB, Redshift Serverless, Neptune Serverless.",,,1,P1,partial,aws-purpose-built-databases-selection,Existing card is the keyword map; add serverless and in-memory tiers,B3 修补 partial 卡（补角度/补 usage/改难度）
aws-db-connections-and-proxies,concept,D3,3.3,Amazon RDS Proxy,Database connections and proxies,Connection pooling with RDS Proxy: when it is the answer and when it is not,"RDS Proxy pools connections for RDS/Aurora (MySQL, PostgreSQL, SQL Server, MariaDB), absorbs Lambda connection storms, IAM auth, faster failover. Not for DynamoDB, not for Redshift; for Aurora reads use reader endpoint/read-only proxy endpoint. Trap: raising max_connections is the wrong fix.",,,2,P1,partial,aws-rds-proxy,"live card aws-rds-proxy is primarily mapped to aws-proxy-concepts-rds-proxy; this angle still needs its own card | overlaps aws-rds-proxy-pattern: write it from a different angle/scenario (Four non-MCQ cards teach RDS Proxy (D2 concept = live, D2 pattern, D3 )",B3 修补 partial 卡（补角度/补 usage/改难度）
aws-db-engines-hetero-vs-homo-migration,concept,D3,3.3,AWS DMS,Database engines with appropriate use cases (heterogeneous vs homogeneous migrations),Choosing the engine and the migration path: homogeneous vs heterogeneous,"Homogeneous (same engine) = native tools, snapshot restore, or DMS full load+CDC; heterogeneous (engine change) = SCT converts schema first, then DMS. Engine picks: MySQL/PostgreSQL commodity OLTP; Oracle/SQL Server for licence lock-in (BYOL/licence included); Aurora when on MySQL/PostgreSQL and needing 5x/3x throughput.",,,2,P1,partial,aws-dms-and-sct,"Existing card covers the heterogeneous path; homogeneous path and engine-choice rule missing | absorbs aws-heterogeneous-migration-pattern: The concept already contains both halves; aws-heterogeneous-migration-pattern, a | absorbs aws-homogeneous-migration-pattern: Its content (snapshot restore, replica promotion, dump, DMS CDC, no SCT) is one | absorbs aws-mysql-vs-postgresql-pattern: P2; engine-pick rule is two sentences and the migration concept already has 'MyS",B3 修补 partial 卡（补角度/补 usage/改难度）
aws-global-infra-az-region-for-databases,concept,D3,3.3,-,"AWS global infrastructure (Availability Zones, Regions)","AZs and Regions from a database-performance angle: latency, replication, placement","Same-AZ = lowest latency; cross-AZ synchronous replication (Multi-AZ, Aurora 3-AZ volume) adds ms; cross-Region is asynchronous only (read replicas, Global Database ~1 s lag, Global Tables). Rule: reads near users = cross-Region replicas; writes = one primary Region unless DynamoDB Global Tables.",,,1,P1,partial,aws-multi-az-vs-multi-region,"Existing D2 card is resilience-framed; the latency/replication angle is missing | overlaps aws-sync-vs-async-replication: write it from a different angle/scenario (Both teach same-AZ lowest latency, cross-AZ synchronous (Multi-AZ, Aur)",B3 修补 partial 卡（补角度/补 usage/改难度）
aws-availability-zones-pattern,pattern,D3,3.3,-,Availability Zones,Availability Zones: what they guarantee and what they cost you,"AZ = one or more data centres, isolated power/network, <2 ms links; Multi-AZ = synchronous replication and failover; cross-AZ data transfer is charged and adds latency; AZ IDs vs AZ names differ per account. Rule: spread for resilience, co-locate chatty tiers for latency/cost.",,,1,P1,partial,aws-multi-az-vs-multi-region,"Resilience angle exists; latency/cost angle missing | merged duplicate spec from D1 | absorbs aws-availability-zone-pattern: Two patterns with near-identical uids and content (isolated data centres, single",B3 修补 partial 卡（补角度/补 usage/改难度）
aws-db-instance-types-pattern,pattern,D3,3.3,Amazon RDS,instance types (database),"RDS/Aurora instance classes: db.m, db.r, db.t, and when to scale up vs out","db.t burstable for dev, db.m general, db.r/x memory-optimised for cache-heavy OLTP, Graviton (g) variants cheaper; scaling up = brief downtime (Multi-AZ failover first); scale out = replicas for reads only. Rule: memory-bound -> db.r; predictable steady -> reserved db.m.",,,1,P1,new,,,B4.6 P1 新卡
aws-dynamodb-capacity-units-pattern,pattern,D3,3.3,Amazon DynamoDB,capacity units,DynamoDB RCU/WCU arithmetic and throttling,"1 RCU = 1 strongly consistent 4 KB read/s or 2 eventually consistent; 1 WCU = 1 KB write/s; transactional doubles; partition limit 3,000 RCU/1,000 WCU; on-demand doubles previous peak instantly; adaptive capacity. Trap: item size rounds up per 4 KB/1 KB.",,,2,P0,partial,aws-dynamodb-capacity-and-keys,Mode choice exists; the arithmetic is missing,B3 修补 partial 卡（补角度/补 usage/改难度）
aws-in-memory-database-pattern,pattern,D3,3.3,Amazon ElastiCache,in-memory,In-memory data stores: ElastiCache vs MemoryDB vs DAX,ElastiCache = cache beside a DB (may lose data); MemoryDB = durable Redis-compatible primary store with Multi-AZ transaction log; DAX = DynamoDB-only write-through cache. Rule: microsecond reads of DynamoDB -> DAX; durable Redis primary -> MemoryDB; generic cache/session -> ElastiCache.,,,2,P1,partial,aws-dynamodb-dax,DAX vs ElastiCache exists; MemoryDB tier missing,B3 修补 partial 卡（补角度/补 usage/改难度）
aws-provisioned-iops-pattern,pattern,D3,3.3,Amazon RDS,Provisioned IOPS,Provisioned IOPS (io1/io2) for databases vs gp3,"gp3 baseline 3,000 IOPS/125 MiB/s, up to 16,000/1,000; io1/io2 up to 64,000 (256,000 io2 Block Express), IOPS independent of size, sub-ms latency; RDS storage autoscaling. Rule: sustained >16,000 IOPS or latency-critical -> io2; else gp3.",,,2,P1,partial,aws-ebs-volume-types,EBS side exists; RDS storage-type framing missing,B3 修补 partial 卡（补角度/补 usage/改难度）
aws-relational-vs-non-relational-pattern,pattern,D3,3.3,Amazon DynamoDB,relational compared with non-relational,"Relational vs non-relational: decide by joins, schema, and scale","Relational: joins, ACID across tables, ad hoc SQL, vertical scaling + replicas. Non-relational: known access patterns, flexible schema, horizontal scale, single-digit ms. Trap: 'needs complex joins/reporting' -> relational even if 'serverless' is mentioned.",,,1,P0,exists,aws-aurora-vs-dynamodb-choice,,—
aws-serverless-database-pattern,pattern,D3,3.3,Amazon Aurora,serverless (databases),"Serverless databases: Aurora Serverless v2, DynamoDB, Redshift/Neptune Serverless","Aurora Serverless v2: ACUs 0.5-256, scales in place, Multi-AZ, same engine features; DynamoDB on-demand; Redshift Serverless RPU; Neptune Serverless. Rule: unpredictable/idle-heavy relational -> Aurora Serverless v2; key-value -> DynamoDB.",,,1,P1,partial,aws-aurora-serverless-v2,D4 card is cost-framed; cross-service serverless map missing,B3 修补 partial 卡（补角度/补 usage/改难度）
aws-cross-zone-imbalance-mcq-30,mcq,D3,3.4,Elastic Load Balancing,Selecting the appropriate load balancing strategy,"NLB targets 2 in AZ-a, 8 in AZ-b; AZ-a overloaded; sticky sessions requested","Enable cross-zone load balancing on the NLB (off by default, ALB always on); balance ASG across AZs; sticky sessions worsen imbalance, use ElastiCache for state.",least-change,Enable sticky sessions (worsens hotspot); Rebuild as ALB (violates least-change for TCP); Add Global Accelerator (wrong layer); Increase target instance size (vertical),2,P1,partial,aws-elb-cross-zone-and-sticky-sessions,Q/A exists; MCQ form needed,B3 修补 partial 卡（补角度/补 usage/改难度）
aws-edge-compute-placement-mcq-27,mcq,D3,3.4,Amazon CloudFront,Determining the appropriate placement of resources to meet business requirements,Header rewrite at millions rps vs DynamoDB lookup at the edge: which edge compute,"CloudFront Functions for the header rewrite (sub-ms, viewer events only); Lambda@Edge for the DynamoDB call (network access, origin events); ALB rules cannot run at the edge.",choose-two,Lambda@Edge for header rewrite (works but costlier/slower); CloudFront Functions for DynamoDB (no network access); ALB listener rules (not at edge); API Gateway (wrong placement),3,P1,partial,aws-cloudfront-lambda-edge-vs-functions,Q/A exists; MCQ form needed,B3 修补 partial 卡（补角度/补 usage/改难度）
aws-global-low-latency-topology-mcq-23,mcq,D3,3.4,Amazon Route 53,"Creating a network topology for various architectures (global, hybrid, multi-tier)","Users on three continents hit one Region's ALB; dynamic HTTP app, cut latency",Deploy stacks in 3 Regions with Route 53 latency-based routing; CloudFront for cacheable/dynamic acceleration on top; Global Accelerator alternative when static IP matters.,most-performant,"Geolocation routing (by location not latency); CloudFront only in front of one Region (helps static, backend still far); Global Accelerator to single Region (backbone helps but no Regional compute); Weighted routing (wrong purpose)",3,P0,partial,aws-route53-routing-policies,D2 Q/A covers policies; composite MCQ needed,B3 修补 partial 卡（补角度/补 usage/改难度）
aws-hybrid-hub-topology-mcq-24,mcq,D3,3.4,AWS Transit Gateway,"Creating a network topology for various architectures (global, hybrid, multi-tier)","20 VPCs and a data centre over Direct Connect must all interconnect, least management",Transit Gateway with DX gateway attachment (and VPN backup); peering mesh is O(n^2) and non-transitive; VGW per VPC multiplies connections.,least-ops,"Full-mesh VPC peering (190 peerings, non-transitive); VGW in every VPC (violates least-ops); PrivateLink between VPCs (service-level, not network); Site-to-Site VPN per VPC (bandwidth cap, ops)",2,P0,partial,aws-vpc-peering-vs-transit-gateway,Q/A exists; MCQ form needed,B3 修补 partial 卡（补角度/补 usage/改难度）
aws-lb-strategy-microservices-mcq-29,mcq,D3,3.4,Elastic Load Balancing,Selecting the appropriate load balancing strategy,"Path routing to ECS services, a legacy UDP service, and inline firewalls: which LBs",ALB with path rules and IP/ECS targets; NLB for UDP; Gateway Load Balancer for inline appliances via GENEVE.,choose-three,NLB for path routing (L4 cannot route by path); ALB for UDP (HTTP only); Classic LB (superseded); Route 53 weighted for appliances (not inline),3,P1,partial,aws-alb-vs-nlb,Q/A exists; MCQ needed | spec note: Either confirm choose-three support or split into ALB-vs-NLB (path/UDP) and a GWLB single; replace the Classic LB distra,B3 修补 partial 卡（补角度/补 usage/改难度）
aws-metro-latency-placement-mcq-28,mcq,D3,3.4,AWS Local Zones,Determining the appropriate placement of resources to meet business requirements,"Single-digit-ms EC2 for a distant city, and data that must stay on hospital site",Local Zone subnet for the city (extension of parent Region); Outposts for on-site; Wavelength only for 5G carrier traffic; CloudFront cannot host EC2.,choose-two,"Wavelength (5G only, wrong client type); CloudFront (no compute for editing); New Region (may not exist / violates data-on-site); Placement group (intra-AZ, wrong scale)",2,P1,partial,aws-outposts-local-zones-wavelength,Q/A exists; MCQ form needed,B3 修补 partial 卡（补角度/补 usage/改难度）
aws-nlb-scale-static-ip-mcq-26,mcq,D3,3.4,Elastic Load Balancing,Determining network configurations that can scale to accommodate future needs,TCP financial feed to millions of connections; clients allow-list IPs; sudden spikes,"NLB (static IP per AZ or EIP, millions of rps, no pre-warming); ALB IPs change; GA in front for global static IPs; cross-zone off by default on NLB.",most-performant,"ALB (violates static IP, HTTP only); Classic LB (superseded); CloudFront (HTTP only); Elastic IP on one EC2 (no scaling)",2,P0,partial,aws-alb-vs-nlb,Q/A exists; MCQ form needed,B3 修补 partial 卡（补角度/补 usage/改难度）
aws-tcp-static-ip-load-balancer-mcq-19,mcq,D3,3.4,ELB,"Recommending compute, storage, networking, database technologies","Custom TCP protocol, millions of connections, partners allow-list fixed IPs","Network Load Balancer with one Elastic IP per AZ: layer 4, static IPs, extreme throughput.",most-performant,violates constraint: ALB is HTTP only and its IPs change; wrong service: CloudFront is an HTTP CDN; plausible extra: Global Accelerator in front of an ALB gives static IPs but still cannot carry a non-HTTP protocol to an ALB,1,P0,new,,"overlaps aws-nlb-scale-static-ip-mcq-26: write it from a different angle/scenario (Same scenario (custom TCP, millions of connections, partners allow-lis) | moved: Load-balancer selection by protocol/static IP is the 3.4 skill; the D3 twin is a",B2.4 P0 新卡
aws-vpc-cidr-growth-mcq-25,mcq,D3,3.4,Amazon VPC,Determining network configurations that can scale to accommodate future needs,VPC /24 subnets exhausted as EKS pods scale; more IPs without re-creating the VPC,Add a secondary CIDR (or IPv6) and new subnets; subnet CIDR cannot be edited; 5 reserved IPs per subnet; plan with IPAM.,least-change,Resize existing subnets (not allowed); New VPC and migrate (violates least-change); NAT to reuse IPs (wrong concept); Shrink security groups (irrelevant),2,P1,new,,,B4.3 P1 新卡
aws-cloudfront-service-card,service,D3,3.4,Amazon CloudFront,service card: Amazon CloudFront,"CloudFront: global CDN, when it helps and what it cannot do","Use: cache static/dynamic HTTP at 600+ edges, origins S3/ALB/any HTTP, OAC, TTL/cache policies, signed URLs, Functions/Lambda@Edge, Origin Shield, price classes. Not for: non-HTTP (Global Accelerator), origin compute. Trap: not a load balancer.",,,1,P0,partial,aws-cloudfront-caching-ttl-and-invalidation,Caching card exists; overview with origins/when-not missing | also covered in part by live aws-cloudfront-origin-failover,B3 修补 partial 卡（补角度/补 usage/改难度）
aws-global-accelerator-service-card,service,D3,3.4,AWS Global Accelerator,service card: AWS Global Accelerator,Global Accelerator: static anycast IPs on the AWS backbone,"Use: 2 static IPs, TCP/UDP, endpoints ALB/NLB/EC2/EIP across Regions, traffic dials, health-based failover in ~30 s, no caching. Not for: cacheable HTTP content (CloudFront). Keyword: 'static IP, gaming/VoIP, fast Regional failover'.",,,1,P1,partial,aws-global-accelerator-vs-cloudfront,live card aws-global-accelerator-vs-cloudfront is primarily mapped to aws-edge-networking-cloudfront-vs-ga; this angle still needs its own card,B3 修补 partial 卡（补角度/补 usage/改难度）
aws-edge-networking-cloudfront-vs-ga,concept,D3,3.4,Amazon CloudFront,"Edge networking services with appropriate use cases (CloudFront, Global Accelerator)",CloudFront vs Global Accelerator: cache HTTP at the edge or accelerate any TCP/UDP,"CloudFront: HTTP(S) cache, dynamic acceleration, edge compute, signed URLs; Global Accelerator: 2 static anycast IPs, TCP/UDP, health-based failover in seconds, no caching. Rule: cacheable content or HTTP -> CloudFront; non-HTTP, static IP allow-list, fast Regional failover -> GA; both can combine.",,,1,P0,exists,aws-global-accelerator-vs-cloudfront,OK,—
aws-load-balancing-concepts,concept,D3,3.4,Elastic Load Balancing,Load balancing concepts (ALB),ALB vs NLB vs GWLB and the target/routing concepts behind them,"ALB L7 (host/path/header rules, targets: instance/IP/Lambda, WAF, auth); NLB L4 (static IP/EIP, millions rps, TLS passthrough, PrivateLink); GWLB (inline appliances, GENEVE). Concepts: target groups, health checks, cross-zone, sticky sessions, connection draining. Rule: HTTP routing -> ALB; fixed IP or non-HTTP -> NLB; firewalls -> GWLB.",,,1,P0,exists,aws-alb-vs-nlb,Existing card lacks GWLB and target types; acceptable,—
aws-network-connection-options,concept,D3,3.4,AWS Direct Connect,"Network connection options (VPN, Direct Connect, PrivateLink)",VPN vs Direct Connect vs PrivateLink vs peering/TGW: pick the connection,"Site-to-Site VPN: internet IPsec, 1.25 Gbps/tunnel, days. Direct Connect: private fibre, 1-400 Gbps, consistent latency, weeks. PrivateLink: one service exposed to many VPCs via NLB, no CIDR overlap issue. Peering/TGW: VPC-to-VPC. Rule: 'consistent throughput' -> DX; 'quick/encrypted' -> VPN; 'expose service, not network' -> PrivateLink.",,,2,P0,partial,aws-site-to-site-vpn-vs-direct-connect,PrivateLink and peering/TGW branches live in separate cards; single decision card missing,B3 修补 partial 卡（补角度/补 usage/改难度）
aws-network-design-subnets-routing-ip,concept,D3,3.4,Amazon VPC,"How to design network architecture (subnet tiers, routing, IP addressing)","Designing a VPC: tiered subnets, route tables, and CIDR sizing","Public/private/data subnet tiers per AZ; route table per tier (0.0.0.0/0 -> IGW public, -> NAT private, none for data); VPC CIDR /16 to /28, 5 reserved IPs per subnet; non-overlapping CIDRs for peering/TGW/VPN; secondary CIDRs and IPv6 for growth. Trap: too-small subnets block scaling.",,,2,P0,partial,aws-vpc-private-subnet-nat,"D1 card explains NAT routing only; tiering, CIDR sizing, reserved IPs missing | absorbs aws-ip-addressing-pattern: CIDR /16-/28, 5 reserved IPs, secondary CIDRs, non-overlap are written in aws-vp",B3 修补 partial 卡（补角度/补 usage/改难度）
aws-global-topology-pattern,pattern,D3,3.4,Amazon Route 53,network topology: global,Global topology: Route 53 + CloudFront/Global Accelerator + multi-Region stacks,Pattern: Route 53 latency/geolocation routing -> Regional ALBs; CloudFront for HTTP; Global Accelerator for static IP/TCP; data via Global Database/Global Tables/CRR. Rule: 'lowest latency worldwide' -> latency routing or GA; 'serve by law/country' -> geolocation.,,,2,P1,partial,aws-route53-routing-policies,D2 card covers routing policies; the composite global pattern missing,B3 修补 partial 卡（补角度/补 usage/改难度）
aws-hybrid-topology-pattern,pattern,D3,3.4,AWS Transit Gateway,network topology: hybrid,Hybrid topology: DX/VPN into a Transit Gateway hub with Route 53 Resolver,"Pattern: Direct Connect gateway or VPN attaches to TGW, TGW routes to VPC spokes, VPN as DX backup, Resolver inbound/outbound endpoints for DNS, PrivateLink for service access from on-prem. Rule: many VPCs + on-prem -> TGW hub, not per-VPC VGWs.",,,2,P1,partial,aws-vpc-peering-vs-transit-gateway,TGW hub exists; DX/VPN attachment and DNS pieces missing | also covered in part by live aws-route53-resolver-hybrid-dns,B3 修补 partial 卡（补角度/补 usage/改难度）
aws-multi-tier-topology-pattern,pattern,D3,3.4,Elastic Load Balancing,network topology: multi-tier,Multi-tier topology: ALB -> app ASG -> data tier across AZs,"Pattern: internet-facing ALB in public subnets, app ASG in private subnets, RDS Multi-AZ/ElastiCache in isolated subnets, internal ALB/NLB between tiers, security groups referencing each other, NAT for egress or VPC endpoints. Rule: every tier in >=2 AZs.",,,1,P0,partial,aws-security-group-referencing,D1 card covers SG chaining; the tier diagram is missing,B3 修补 partial 卡（补角度/补 usage/改难度）
aws-bi-dashboard-choice-mcq-36,mcq,D3,3.5,Amazon Quick,Implementing visualization strategies,Interactive dashboards over Athena/Redshift with no servers and in-memory speed,"Amazon Quick with SPICE datasets, per-user pricing; OpenSearch Dashboards is for logs; Grafana is for metrics; Athena has no dashboards.",least-ops,OpenSearch Dashboards (log/search oriented); Managed Grafana (metrics/observability); Athena console (no dashboards); EC2-hosted Tableau (violates least-ops),1,P1,new,,"spec note: Keep at d1 but rewrite the qualifier as 'which service' and drop the ops framing, or fold into aws-analytics-visualizati",B4.3 P1 新卡
aws-csv-to-parquet-cost-mcq-41,mcq,D3,3.5,AWS Glue,Transforming data between formats (.csv to .parquet),Athena bills grow on CSV logs; cut scan cost with least ongoing management,Glue ETL job (or crawler + Glue job) converting to partitioned Parquet with compression; Athena CTAS for one-off; EMR is heavier; S3 Select is per-object only.,least-cost,"EMR Spark cluster (ops/cost); S3 Select (per object, not analytics); Redshift load (wrong direction); Keep CSV and add Athena workgroup limits (caps, does not cut scan)",2,P1,partial,aws-s3-select-and-athena,Parquet benefit noted; conversion MCQ needed,B3 修补 partial 卡（补角度/补 usage/改难度）
aws-data-lake-permissions-mcq-31,mcq,D3,3.5,AWS Lake Formation,Building and securing data lakes,Multiple teams query one S3 lake via Athena; analysts must see only some columns,Lake Formation column-level permissions on Glue Catalog tables enforced by Athena/Redshift Spectrum/EMR; bucket policies and IAM are object-level only; separate buckets duplicate data.,most-secure,"S3 bucket policies per team (object-level, no columns); IAM policies on Athena (no column grain); Duplicate filtered datasets (ops/consistency); Macie (detects PII, does not authorise)",2,P1,new,,,B4.3 P1 新卡
aws-data-processing-spark-choice-mcq-37,mcq,D3,3.5,Amazon EMR,Selecting appropriate compute options for data processing (EMR),"Existing PySpark jobs, 4-hour nightly run, must cut cost and ops","EMR (Serverless or transient cluster with Spot task nodes, EMRFS on S3); Glue for serverless Spark when no custom cluster config needed; Lambda too short; Batch not Spark-native.",least-cost,"Glue ETL (plausible second, serverless Spark but per-DPU pricing); Lambda (15-min limit); AWS Batch (no Spark runtime); Long-running EMR on-demand (violates least-cost)",2,P1,partial,aws-redshift-vs-athena-vs-emr,Q/A exists; MCQ form needed,B3 修补 partial 卡（补角度/补 usage/改难度）
aws-data-processing-sql-only-mcq-38,mcq,D3,3.5,Amazon Athena,Selecting appropriate compute options for data processing (EMR),Occasional SQL over TBs in S3 vs nightly PB-scale joins: pick the engines,Athena for ad hoc S3 SQL; Redshift (Serverless or RA3 + Spectrum) for the warehouse joins; EMR is overkill for SQL-only; RDS cannot hold PB.,choose-two,EMR Presto cluster (ops overhead); RDS PostgreSQL (scale limit); OpenSearch (search not joins); Glue (ETL not query),2,P1,partial,aws-redshift-vs-athena-vs-emr,Q/A exists; MCQ form needed,B3 修补 partial 卡（补角度/补 usage/改难度）
aws-firehose-buffer-config-mcq-40,mcq,D3,3.5,Amazon Data Firehose,Selecting appropriate configurations for ingestion,"Logs must appear in S3 within 2 minutes as Parquet, no consumer code","Firehose with buffer interval 60-120 s, record format conversion to Parquet via Glue schema, dynamic partitioning; Lambda transform optional.",least-ops,Kinesis Data Streams + Lambda writer (violates no-code); Firehose default 300 s buffer (misses 2-min); Glue hourly job (misses latency); DataSync (wrong source type),2,P1,partial,aws-kinesis-data-streams-vs-firehose,Buffering numbers implied; MCQ needed,B3 修补 partial 卡（补角度/补 usage/改难度）
aws-ingestion-shard-config-mcq-39,mcq,D3,3.5,Amazon Kinesis,Selecting appropriate configurations for ingestion,5 MB/s IoT stream throttles producers although total is within capacity,"Provisioned stream needs >=5 shards (1 MB/1,000 rec per shard); throttling with headroom means a hot partition key -> spread keys or on-demand mode; enhanced fan-out is for consumers.",choose-two,Enable enhanced fan-out (consumer-side); Increase retention (no effect); Switch to Firehose (loses custom consumers); Add consumers (wrong side),3,P0,partial,aws-kinesis-shards-and-partition-keys,Q/A exists; MCQ form needed,B3 修补 partial 卡（补角度/补 usage/改难度）
aws-partner-sftp-into-s3-mcq-22,mcq,D3,3.5,Transfer Family,Using purpose-built AWS services for workloads,Partners must keep uploading via SFTP straight into S3; least ops,AWS Transfer Family SFTP endpoint backed by S3 with per-user IAM roles or a custom identity provider.,least-ops,"violates qualifier: an SFTP server on EC2 syncing to S3 must be patched and made HA; wrong service: DataSync moves your own data sets, it is not a partner-facing endpoint; violates constraint: presigned URLs require partners to change their SFTP clients",1,P1,new,,overlaps aws-transfer-partner-sftp-mcq-35: write it from a different angle/scenario (Same answer (Transfer Family SFTP into S3) with the same three distrac) | moved: Transfer Family vs DataSync is the 3.5 skill and its live card lives there; the,B4.3 P1 新卡
aws-streaming-kafka-compat-mcq-33,mcq,D3,3.5,Amazon MSK,Designing data streaming architectures,"On-prem Kafka clients move to AWS with no code change, fluctuating throughput","MSK Serverless (Kafka API, no broker sizing); Kinesis needs client rewrite; Firehose not a broker.",least-change,"Kinesis Data Streams (violates no-code-change); Firehose (not Kafka, no consumers); Amazon MQ (wrong protocol, ActiveMQ/RabbitMQ); Self-managed Kafka on EC2 (violates least-ops)",2,P2,new,,,B5.1 P2 长尾
aws-streaming-replay-multi-consumer-mcq-32,mcq,D3,3.5,Amazon Kinesis,Designing data streaming architectures,"Clickstream: real-time detection, 7-day replay, and no-code S3 archive","Kinesis Data Streams (retention 7 d, multiple consumers, enhanced fan-out) with Firehose as one consumer delivering to S3; SQS cannot replay; Firehose alone cannot replay.",choose-two,"Firehose only (no replay/no custom consumer); SQS (single consumer, no replay); MSK (works but more ops, plausible second); DynamoDB Streams (wrong source)",3,P0,partial,aws-kinesis-data-streams-vs-firehose,Q/A exists; MCQ form needed,B3 修补 partial 卡（补角度/补 usage/改难度）
aws-transfer-partner-sftp-mcq-35,mcq,D3,3.5,AWS Transfer Family,Designing data transfer solutions,Partners push CSVs over SFTP daily; files must land in S3 and trigger processing,"Transfer Family SFTP endpoint backed by S3 (managed, IAM/Directory auth), S3 event -> Lambda/Glue; DataSync is for your own sources, not partner logins.",least-ops,DataSync agent at partners (violates ownership/least-ops); EC2 SFTP server (violates least-ops); Storage Gateway File share (wrong direction/protocol); Kinesis (wrong ingestion shape),2,P1,partial,aws-datasync-vs-transfer-family,Q/A exists; MCQ form needed,B3 修补 partial 卡（补角度/补 usage/改难度）
aws-transfer-petabyte-deadline-mcq-34,mcq,D3,3.5,AWS Snow Family,Designing data transfer solutions,"500 TB from a site with 500 Mbps link, due in 3 weeks, then nightly deltas","Network time ~100+ days -> Snowball Edge Storage Optimized devices (210 TB each, order 3) for bulk, then DataSync for the nightly deltas; Transfer Acceleration cannot beat bandwidth.",choose-two,"DataSync for the bulk (misses deadline); S3 Transfer Acceleration (link-bound); Direct Connect (weeks to provision, plausible second); Storage Gateway (not a migration tool)",3,P0,partial,aws-snow-family-selection,Q/A exists; MCQ form needed,B3 修补 partial 卡（补角度/补 usage/改难度）
aws-athena-service-card,service,D3,3.5,Amazon Athena,service card: Amazon Athena,"Athena: serverless SQL over S3, when to use and when not","Use: ad hoc SQL on S3 data via Glue Catalog, pay per TB scanned, federated queries. Cut cost with Parquet/ORC, partitions, compression. Not for: OLTP, sub-second dashboards at high concurrency (Redshift), full-text search (OpenSearch).",,,1,P1,exists,aws-s3-select-and-athena,,—
aws-glue-service-card,service,D3,3.5,AWS Glue,service card: AWS Glue,"Glue: serverless ETL, crawlers, and the Data Catalog","Use: crawl S3/JDBC, catalog tables shared by Athena/EMR/Redshift Spectrum, Spark ETL jobs on schedule/trigger, DataBrew, Glue Streaming. Not for: BI dashboards, long-running custom clusters (EMR), sub-second transforms (Lambda/Firehose).",,,1,P1,exists,aws-glue-etl-and-catalog,,—
aws-kinesis-service-card,service,D3,3.5,Amazon Kinesis,service card: Amazon Kinesis,"Kinesis Data Streams: shards, retention, consumers","Use: real-time ingest, 1 MB/1000 rec per shard in, 2 MB/s out (enhanced fan-out 2 MB/s per consumer), retention 24 h to 365 d, on-demand or provisioned, consumers Lambda/KCL/Firehose/Managed Flink. Not for: work queues (SQS), zero-code S3 loading (Firehose).",,,1,P0,exists,aws-kinesis-data-streams-vs-firehose,,—
aws-lake-formation-service-card,service,D3,3.5,AWS Lake Formation,service card: AWS Lake Formation,Lake Formation: build and govern an S3 data lake,"Use: register S3 locations, blueprints to ingest, central fine-grained (table/column/row) permissions enforced by Athena/Redshift Spectrum/EMR/Glue, cross-account sharing. Not for: the query engine itself, ETL code (Glue). Keyword: 'central data lake permissions'.",,,1,P1,new,,,B4.4 P1 新卡
aws-quick-service-card,service,D3,3.5,Amazon Quick,service card: Amazon Quick,Amazon Quick (QuickSight): serverless BI dashboards,"Use: dashboards over Athena/Redshift/RDS/S3, SPICE in-memory engine for speed, per-user pricing, embedded analytics, ML insights. Not for: querying raw data (Athena), log dashboards (OpenSearch). Keyword: 'business users need visualisations without servers'.",,,1,P1,new,,,B4.5 P1 新卡
aws-analytics-visualization-services,concept,D3,3.5,Amazon Athena,"Data analytics and visualization services (Athena, Lake Formation, Quick)","Athena, Lake Formation, Quick, Redshift, OpenSearch, EMR: who does what",Athena = serverless SQL on S3 via Glue Catalog; Lake Formation = permissions/governance for the lake; Quick = BI dashboards (SPICE); Redshift = warehouse; OpenSearch = search/log analytics; EMR = Spark/Hadoop. Rule: 'ad hoc SQL on S3' -> Athena; 'dashboards' -> Quick; 'fine-grained lake access' -> Lake Formation.,,,1,P1,partial,aws-redshift-vs-athena-vs-emr,Existing card lacks Lake Formation and Quick,B3 修补 partial 卡（补角度/补 usage/改难度）
aws-data-ingestion-patterns-frequency,concept,D3,3.5,Amazon Kinesis,Data ingestion patterns (frequency),"Batch, micro-batch, and streaming ingestion: choose by frequency and latency","Batch (hourly/daily files: DataSync, Transfer Family, Glue jobs), micro-batch/near-real-time (Firehose buffers 60 s-900 s or 1-128 MB), real-time (Kinesis Data Streams/MSK, sub-second). Rule: seconds of latency acceptable and no consumer code -> Firehose; sub-second or replay/multiple consumers -> Data Streams; nightly -> DataSync/Glue.",,,1,P1,new,,"absorbs aws-ingestion-frequency-pattern: Same D3 task, same batch/micro-batch/streaming table with the same service mappi",B4.5 P1 新卡
aws-data-sizes-speeds-transfer-math,concept,D3,3.5,-,Sizes and speeds needed to meet business requirements,"Transfer-time math: bandwidth, dataset size, and when to ship instead of send","Time = size / (bandwidth x utilisation): 100 TB at 1 Gbps ~ 12 days, 1 PB > Snowball Edge (210 TB each) or Snowmobile-class. Levers: Direct Connect, DataSync parallel agents, S3 Transfer Acceleration, multipart. Rule: if network time misses the deadline, Snow; if repeated, DX/DataSync.",,,2,P1,partial,aws-snow-family-selection,Snow card holds the 100 TB/12-day figure; the general formula and levers missing | overlaps aws-d4-pat-online-vs-offline-transfer-decision: write it from a different angle/scenario (Same transfer-time formula and same 'ship if it misses the deadline' r),B3 修补 partial 卡（补角度/补 usage/改难度）
aws-data-transfer-services-choice,concept,D3,3.5,AWS DataSync,"Data transfer services with appropriate use cases (DataSync, Storage Gateway)","DataSync vs Storage Gateway vs Transfer Family vs Snow: move, mount, receive, or ship",DataSync = scheduled bulk copy NFS/SMB/HDFS/S3 (10 Gbps per agent); Storage Gateway = ongoing hybrid access; Transfer Family = SFTP/FTPS/FTP endpoint into S3/EFS; Snow = offline when network time exceeds deadline. Trap: Storage Gateway is not a migration tool; DataSync is not an ongoing file share.,,,1,P1,partial,aws-datasync-vs-transfer-family,Existing card lacks the Storage Gateway/Snow branches,B3 修补 partial 卡（补角度/补 usage/改难度）
aws-data-transformation-services,concept,D3,3.5,AWS Glue,Data transformation services with appropriate use cases (Glue),Glue ETL vs Glue DataBrew vs EMR vs Lambda vs Firehose transforms,"Glue ETL (serverless Spark, Catalog, crawlers, schedule), DataBrew (no-code prep), EMR (custom cluster, long-running, any framework), Lambda (small records, <15 min), Firehose (inline record transform/format conversion to Parquet). Rule: serverless ETL between formats -> Glue; streaming inline -> Firehose; Spark you tune -> EMR.",,,1,P1,partial,aws-glue-etl-and-catalog,live card aws-glue-etl-and-catalog is primarily mapped to aws-glue-service-card; this angle still needs its own card,B3 修补 partial 卡（补角度/补 usage/改难度）
aws-secure-ingestion-access-points,concept,D3,3.5,-,Secure access to ingestion access points,"Securing ingestion endpoints: VPC endpoints, IAM, KMS, and Lake Formation",Rules: Kinesis/Firehose/S3 via interface or gateway VPC endpoints so ingestion never crosses the internet; producers use IAM roles (not keys); KMS server-side encryption on streams and buckets; Transfer Family with VPC-hosted endpoints and security groups; Lake Formation for column/row access. Trap: bucket policy alone is not an ingestion perimeter.,,,2,P1,new,,,B4.5 P1 新卡
aws-streaming-services-use-cases,concept,D3,3.5,Amazon Kinesis,Streaming data services with appropriate use cases (Kinesis),Kinesis Data Streams vs Firehose vs MSK vs Kinesis Video Streams vs SQS,"Data Streams: shards, replay 24 h-365 d, multiple consumers, sub-second. Firehose: delivery to S3/Redshift/OpenSearch, buffering, no replay. MSK: Kafka API compatibility. Video Streams: camera feeds. SQS: work queue, not a stream. Rule: 'replay/multiple consumers' -> Streams; 'load into S3 with no code' -> Firehose; 'Kafka' -> MSK.",,,1,P0,partial,aws-kinesis-data-streams-vs-firehose,live card aws-kinesis-data-streams-vs-firehose is primarily mapped to aws-kinesis-service-card; this angle still needs its own card,B3 修补 partial 卡（补角度/补 usage/改难度）
aws-csv-to-parquet-pattern,pattern,D3,3.5,AWS Glue,transform .csv to .parquet,CSV to Parquet: why and with which service,"Parquet = columnar, compressed, cuts Athena scan cost/time 30-90%; convert via Glue ETL job, Firehose record format conversion (JSON->Parquet/ORC), EMR Spark, Athena CTAS. Rule: 'reduce Athena cost' -> Parquet + partitioning; 'streaming' -> Firehose conversion.",,,1,P1,partial,aws-s3-select-and-athena,Parquet benefit mentioned; conversion paths missing | absorbs aws-d4-pat-columnar-time-series-cost: The Athena $5/TB + Parquet + partitioning half is the D3 pattern; only the Times,B3 修补 partial 卡（补角度/补 usage/改难度）
aws-migration-strategies-7rs,pattern,D3,3.5,AWS Migration Hub,migration strategy vocabulary used in scenario stems (rehost … refactor),The 7 Rs: which strategy a stem implies and what it rules out,"Rehost = lift-and-shift (MGN), replatform = small managed swaps (RDS), refactor = re-architect; retire/retain/relocate/repurchase are the non-migration answers. Stems that say ""minimal changes"" imply rehost/replatform.",,,1,P2,exists,aws-migration-strategies-7rs,in scope as scenario vocabulary; no dedicated blueprint unit,—
aws-amplify-service-card,service,D3,D3,AWS Amplify,service card: AWS Amplify,Amplify: build and host web/mobile front ends fast,"Use: hosting with CI/CD from git, auth (Cognito), data (AppSync/DynamoDB), storage (S3) via CLI/libraries. Not for: back-end batch, existing container apps. Keyword: 'front-end team, minimal backend ops'.",,,1,P2,new,,,B5.2 P2 长尾
aws-data-exchange-service-card,service,D3,D3,AWS Data Exchange,service card: AWS Data Exchange,AWS Data Exchange: subscribe to third-party datasets delivered into S3,"Use: find/subscribe to licensed third-party data (files, APIs, Redshift shares) and auto-deliver revisions to S3. Not for: moving your own data (DataSync), sharing internal data (Lake Formation/RAM). Keyword: 'third-party data provider'.",,,1,P2,new,,,B5.2 P2 长尾
aws-data-firehose-service-card,service,D3,D3,Amazon Data Firehose,service card: Amazon Data Firehose,"Firehose: zero-code delivery stream to S3, Redshift, OpenSearch, Splunk","Use: near-real-time load with buffering (60-900 s / 1-128 MB), optional Lambda transform, built-in JSON-to-Parquet conversion, dynamic partitioning. Not for: replay, multiple independent consumers, sub-second latency (Data Streams). Trap: Firehose cannot read from a custom consumer app.",,,1,P0,partial,aws-kinesis-data-streams-vs-firehose,Existing card contrasts; buffering numbers and format conversion need own card,B3 修补 partial 卡（补角度/补 usage/改难度）
aws-device-farm-service-card,service,D3,D3,AWS Device Farm,service card: AWS Device Farm,Device Farm: test apps on real devices and browsers in AWS,"Use: automated/manual testing on physical phones/tablets and desktop browsers, remote access. Not for: hosting, load testing. Keyword: 'test on real devices'.",,,1,P2,new,,spec note: Keep Artifact (has an MCQ) and License Manager (Dedicated Host BYOL link); fold the rest into a single 'named-only servi,B5.2 P2 长尾
aws-documentdb-service-card,service,D3,D3,Amazon DocumentDB,service card: Amazon DocumentDB,DocumentDB: MongoDB-compatible document database,"Use: MongoDB API/drivers, JSON documents, up to 15 replicas, global clusters. Not for: key-value at massive scale (DynamoDB), relational joins. Keyword: 'MongoDB-compatible managed'.",,,1,P2,partial,aws-purpose-built-databases-selection,One line in the keyword map; own card needed | spec note: Fold the three into aws-database-types-and-services-map; keep aws-db-type-graph-timeseries-mcq-20 as the Neptune MCQ.,B3 修补 partial 卡（补角度/补 usage/改难度）
aws-elastic-transcoder-service-card,service,D3,D3,Amazon Elastic Transcoder,service card: Amazon Elastic Transcoder,Elastic Transcoder: legacy media transcoding pipelines,"Use: convert media in S3 to device formats via pipelines/presets; superseded by MediaConvert for new work. Not for: live streaming, image processing.",,,1,P2,new,,"spec note: Drop, or one clause in aws-kinesis-video-streams-service-card if a media card is kept.",B5.2 P2 长尾
aws-keyspaces-service-card,service,D3,D3,Amazon Keyspaces,service card: Amazon Keyspaces,Keyspaces: serverless Apache Cassandra-compatible,"Use: CQL/Cassandra drivers, on-demand/provisioned, no cluster ops. Not for: new designs without Cassandra (DynamoDB). Keyword: 'Cassandra-compatible'.",,,1,P2,partial,aws-purpose-built-databases-selection,One line in the keyword map,B3 修补 partial 卡（补角度/补 usage/改难度）
aws-kinesis-video-streams-service-card,service,D3,D3,Amazon Kinesis Video Streams,service card: Amazon Kinesis Video Streams,Kinesis Video Streams: ingest and process video from devices,"Use: camera/IoT video ingest, playback, WebRTC, integration with Rekognition Video/SageMaker. Not for: record streams (Data Streams), VOD transcoding.",,,1,P2,new,,spec note: Fold into aws-streaming-services-use-cases.,B5.2 P2 长尾
aws-lex-service-card,service,D3,D3,Amazon Lex,service card: Amazon Lex,Lex: conversational chatbots with speech and text,"Use: chat/voice bots (same tech as Alexa), intents/slots, integrates with Lambda and Connect. Not for: transcription (Transcribe), translation (Translate). Keyword: 'chatbot'.",,,1,P2,new,,,B5.2 P2 长尾
aws-msk-service-card,service,D3,D3,Amazon Managed Streaming for Apache Kafka (Amazon MSK),service card: Amazon MSK,MSK: managed Kafka when the app already speaks Kafka,"Use: Kafka API compatibility, existing Kafka producers/consumers, MSK Serverless, MSK Connect. vs Kinesis: Kinesis is AWS-native with shards and simpler ops; MSK for Kafka ecosystem/long retention/partition control. Not for: simple queueing (SQS).",,,1,P2,new,,,B5.2 P2 长尾
aws-neptune-service-card,service,D3,D3,Amazon Neptune,service card: Amazon Neptune,Neptune: graph database for highly connected data,"Use: Gremlin/openCypher/SPARQL, fraud rings, social graphs, recommendations, knowledge graphs; Neptune Serverless. Not for: tabular reporting, key-value. Keyword: 'relationships/traversal'.",,,1,P2,partial,aws-purpose-built-databases-selection,One line in the keyword map,B3 修补 partial 卡（补角度/补 usage/改难度）
aws-opensearch-service-card,service,D3,D3,Amazon OpenSearch Service,service card: Amazon OpenSearch Service,OpenSearch: full-text search and log analytics,"Use: search, log/clickstream analytics, OpenSearch Dashboards, fed by Firehose/CloudWatch/DynamoDB streams; Serverless option; UltraWarm/cold tiers. Not for: system of record, relational queries. Alternative: CloudWatch Logs Insights for simple log queries.",,,1,P1,exists,aws-opensearch-use-cases,,—
aws-redshift-service-card,service,D3,D3,Amazon Redshift,service card: Amazon Redshift,"Redshift: petabyte data warehouse, Spectrum, and Serverless","Use: complex joins/aggregations over structured data, columnar, RA3 nodes, Spectrum queries S3 without loading, Redshift Serverless, concurrency scaling, Multi-AZ. Not for: OLTP, ad hoc one-off S3 queries (Athena), unstructured search.",,,1,P1,exists,aws-redshift-vs-athena-vs-emr,,—
aws-rekognition-service-card,service,D3,D3,Amazon Rekognition,service card: Amazon Rekognition,Rekognition: image and video analysis,"Use: object/face/text detection, content moderation, celebrity recognition, video streaming analysis. Not for: document text extraction (Textract), audio (Transcribe). Keyword: 'detect inappropriate images'.",,,1,P2,new,,,B5.2 P2 长尾
aws-sagemaker-service-card,service,D3,D3,Amazon SageMaker AI,service card: Amazon SageMaker AI,"SageMaker: build, train, deploy ML models","Use: notebooks, managed training, endpoints, Ground Truth labelling, built-in algorithms. Not for: pre-trained API tasks (Rekognition/Comprehend). Keyword: 'custom model training'.",,,1,P2,new,,,B5.2 P2 长尾
aws-serverless-app-repository-service-card,service,D3,D3,AWS Serverless Application Repository,service card: AWS Serverless Application Repository,Serverless Application Repository: publish and deploy SAM apps,"Use: share reusable serverless applications (SAM templates) publicly or within an org, one-click deploy. Not for: container images (ECR), IaC modules generally (CloudFormation registry). Keyword: 'reuse a published serverless app'.",,,1,P2,new,,,B5.2 P2 长尾
aws-textract-service-card,service,D3,D3,Amazon Textract,service card: Amazon Textract,"Textract: extract text, forms, tables from documents","Use: OCR plus key-value/table extraction from scans/PDFs. Not for: image scenes (Rekognition), NLP sentiment (Comprehend). Keyword: 'invoices/forms to data'.",,,1,P2,new,,,B5.2 P2 长尾
aws-transcribe-service-card,service,D3,D3,Amazon Transcribe,service card: Amazon Transcribe,Transcribe: speech to text,"Use: audio/video to text, real-time or batch, speaker identification, medical variant. Not for: text to speech (Polly), translation (Translate).",,,1,P2,new,,,B5.2 P2 长尾
aws-translate-service-card,service,D3,D3,Amazon Translate,service card: Amazon Translate,Translate: neural machine translation,"Use: text translation between languages, batch or real-time, custom terminology. Not for: speech (Transcribe/Polly), sentiment (Comprehend).",,,1,P2,new,,,B5.2 P2 长尾
aws-vmware-cloud-on-aws-service-card,service,D3,D3,VMware Cloud on AWS,service card: VMware Cloud on AWS,VMware Cloud on AWS: lift vSphere workloads without re-platforming,"Use: run VMware SDDC on dedicated EC2 bare metal, relocate (the 'relocate' R), keep vCenter tooling, hybrid extension. Not for: workloads that can simply rehost with MGN, or need AWS-native scaling. Keyword: 'keep VMware tooling'.",,,1,P2,new,,,B5.2 P2 长尾
aws-wavelength-service-card,service,D3,D3,AWS Wavelength,service card: AWS Wavelength,Wavelength: AWS compute inside 5G carrier networks,"Use: single-digit-ms latency for mobile 5G apps (AR/VR, gaming, vehicles); Wavelength Zone is a subnet of your VPC; limited services. vs Local Zones (metro, any client) vs Outposts (on-prem). Not for: general web apps.",,,1,P2,partial,aws-outposts-local-zones-wavelength,live card aws-outposts-local-zones-wavelength is primarily mapped to aws-svc-outposts; this angle still needs its own card | overlaps aws-distributed-computing-global-infra-edge: write it from a different angle/scenario (Wavelength is already one layer in the D3 layering concept and one thi),B3 修补 partial 卡（补角度/补 usage/改难度）
aws-d4-backup-archival-selection-mcq-07,mcq,D4,4.1,Amazon S3 Glacier,Selecting the appropriate backup and/or archival solution,"7-year immutable archive, restores rare, 24 h acceptable",S3 Glacier Deep Archive with Object Lock compliance mode; AWS Backup vaults are for restorable recovery points not raw archives.,least-cost,Glacier Flexible violates least-cost when 48 h is fine; AWS Backup with cold tier is right family wrong feature for file archives; EBS snapshots wrong service; S3 Standard-IA with bucket policy violates immutability constraint.,2,P1,new,,,B4.3 P1 新卡
aws-d4-batch-vs-individual-uploads-mcq-10,mcq,D4,4.1,Amazon S3,Designing appropriate storage strategies (batch uploads vs individual uploads),"Millions of 2 KB IoT records per hour into S3, cheapest",Buffer through Kinesis Data Firehose (or aggregate in the producer) to write larger objects; request charges and the 128 KB IA floor punish per-record PUTs.,least-cost,Direct PUT per record violates least-cost (request fees); Intelligent-Tiering does not help objects <128 KB; DynamoDB wrong service for archival cost; S3 Transfer Acceleration right service wrong feature (speed not cost).,2,P1,new,,,B4.3 P1 新卡
aws-d4-data-migration-service-mcq-08,mcq,D4,4.1,AWS DataSync,Selecting the appropriate service for data migration to storage services,500 TB NFS to S3 in 3 weeks over 1 Gbps: which service,"Formula shows ~58 days over the link, so Snowball Edge devices; DataSync only if the link were 10 Gbps+.",fastest,"DataSync violates the deadline (bandwidth math); Transfer Family wrong service (partner protocol endpoint); Storage Gateway wrong feature (hybrid access, not bulk move); S3 Transfer Acceleration right service wrong feature (needs client bandwidth anyway).",2,P1,new,,"overlaps aws-transfer-petabyte-deadline-mcq-34: write it from a different angle/scenario (500 TB, ~3 weeks, sub-Gbps link, answer Snowball Edge, DataSync misses)",B4.3 P1 新卡
aws-d4-db-type-timeseries-columnar-mcq-26,mcq,D4,4.1,Amazon Athena,"Determining cost-effective AWS database types (time series, columnar)","Monthly reporting over 50 TB of logs in S3, minimal cost","Convert to partitioned Parquet with Glue and query with Athena; a Redshift cluster idles 29 days a month; Timestream is for ingest-time series, not historic S3 logs.",least-cost,Redshift provisioned violates least-cost (idle cluster); Athena on raw JSON violates least-cost (full scans); RDS PostgreSQL wrong service for 50 TB analytics; Timestream wrong type for archived logs.,2,P1,new,,"overlaps aws-csv-to-parquet-cost-mcq-41: write it from a different angle/scenario (Both: Athena scanning raw logs is expensive, convert to partitioned Pa) | moved: The correct answer is Glue + Parquet + Athena over S3, which is not a database s",B4.3 P1 新卡
aws-d4-lowest-cost-transfer-into-aws-mcq-09,mcq,D4,4.1,Amazon S3,Determining the lowest cost method of transferring data for a workload to AWS storage,"Nightly 2 TB from data centre to S3, cheapest path",Ingress is free; DataSync over the existing internet link (or existing DX) is cheapest at that volume; Snowball daily fees and DX port fees do not pay back for 2 TB/night unless a DX already exists.,least-cost,New Direct Connect violates least-cost (port hours for modest volume); Snowball violates least-cost/ops for nightly recurring; Transfer Family violates least-cost (~$216/month endpoint); S3 Transfer Acceleration adds per-GB fee for a fixed site with adequate bandwidth.,2,P1,new,,,B4.3 P1 新卡
aws-d4-s3-lifecycle-management-mcq-05,mcq,D4,4.1,Amazon S3,Managing S3 object lifecycles,"Logs hot 30 days, audit 7 years, cheapest valid rule",Standard -> Standard-IA at 30 -> Deep Archive at 120+ -> expire at 7 years; reject options that transition before minimum durations.,least-cost,Deep Archive at day 45 after IA at day 30 violates chained-minimum constraint (needs 30 days in IA); Glacier Flexible violates least-cost vs Deep Archive when 48 h restore is acceptable; Intelligent-Tiering adds monitoring fee for a known pattern; manual script violates least-ops.,2,P0,new,,,B2.4 P0 新卡
aws-d4-s3-lifecycle-versioning-cleanup-mcq-06,mcq,D4,4.1,Amazon S3,Selecting the correct data lifecycle for storage,Versioned bucket bill keeps growing: choose two actions,NoncurrentVersionExpiration (or transition) plus AbortIncompleteMultipartUpload; delete markers with no versions are cleaned by ExpiredObjectDeleteMarker.,choose-two,Disabling versioning violates recoverability constraint and does not remove old versions; Intelligent-Tiering right service wrong feature (does not delete); S3 Batch delete of current objects violates data-retention; Requester Pays unrelated cost lever.,3,P1,new,,,B4.3 P1 新卡
aws-d4-storage-auto-scaling-need-mcq-11,mcq,D4,4.1,Amazon RDS,Determining when storage auto scaling is required,RDS runs out of disk unpredictably; least-ops fix,Enable RDS Storage Autoscaling with a max threshold; over-provisioning violates least-cost and manual resizing violates least-ops.,least-ops,"Provisioning 5x storage upfront violates least-cost; CloudWatch alarm + manual modify violates least-ops; migrating to Aurora is more change than asked; adding a read replica wrong feature (reads, not disk).",1,P1,new,,"spec note: Fold into aws-d4-pat-storage-auto-scaling as its example, or reframe as gp3 IOPS scaling vs storage autoscaling vs Auror",B4.3 P1 新卡
aws-d4-storage-service-cheapest-mcq-01,mcq,D4,4.1,Amazon S3,Selecting the most cost-effective storage service for a workload,"Cheapest store for write-once, read-over-HTTP media files",S3 Standard beats EFS/EBS/FSx when the app only writes whole files and serves them; add lifecycle to IA for older media.,least-cost,"EFS violates least-cost (~3x per GB) though functionally fine; EBS is wrong service (single instance, provisioned); FSx for Windows right family wrong feature (SMB not needed); Glacier Instant violates the frequent-access constraint.",2,P0,new,,,B2.4 P0 新卡
aws-d4-storage-service-cheapest-mcq-02,mcq,D4,4.1,Amazon EFS,Selecting the most cost-effective storage service for a workload,Shared POSIX access across AZs plus cold data: choose two,EFS with lifecycle to IA satisfies shared Linux access; S3 is the wrong fit for in-place file edits; the second correct pick is EFS One Zone or EFS Elastic throughput depending on the stem constraints.,choose-two,"EBS Multi-Attach violates cross-AZ constraint; FSx for Lustre is right family wrong feature (HPC, provisioned); S3 File Gateway superseded by native EFS; keeping EFS Standard only violates least-cost.",3,P1,new,,"spec note: Fix the stem so the two answers are determined: EFS with lifecycle to IA, plus One Zone for re-creatable data (or Elasti",B4.3 P1 新卡
aws-d4-storage-size-rightsizing-mcq-12,mcq,D4,4.1,Amazon EBS,Determining the correct storage size for a workload,"App needs 6,000 IOPS on 200 GiB: cheapest EBS configuration","gp3 200 GiB with 6,000 provisioned IOPS; gp2 would need a 2 TiB volume to reach 6,000 IOPS (3 IOPS/GiB) and io2 is overpriced for this level.",least-cost,"gp2 2 TiB violates least-cost (sizing for IOPS); io2 200 GiB with 6,000 IOPS violates least-cost (higher per-IOPS price); st1 violates IOPS constraint (max 500); instance store violates durability constraint.",2,P1,new,,,B4.3 P1 新卡
aws-d4-storage-tier-selection-mcq-03,mcq,D4,4.1,Amazon S3,Selecting the appropriate storage tier,Data read once a month with ms access: which class,"Standard-IA for monthly reads; One Zone-IA if re-creatable; the trap is Glacier Instant Retrieval (cheaper storage, but quarterly access assumption and 90-day min).",least-cost,S3 Standard violates least-cost; Glacier Flexible violates ms-retrieval constraint; One Zone-IA violates durability-to-AZ-loss constraint if stem says irreplaceable; Intelligent-Tiering adds monitoring fee when pattern is known.,2,P0,new,,,B2.4 P0 新卡
aws-d4-storage-tier-unknown-pattern-mcq-04,mcq,D4,4.1,Amazon S3,Selecting the appropriate storage tier,"Unknown or changing access pattern, no ops effort",Intelligent-Tiering is the only class that adapts automatically with no retrieval fees; lifecycle rules need a known age pattern.,least-ops,Standard-IA violates retrieval-fee risk with unknown reads; lifecycle to Glacier violates unknown-pattern constraint; Standard violates least-cost; Glacier IR wrong tier for possibly hot data.,1,P1,new,,spec note: Drop the MCQ; keep aws-d4-pat-s3-intelligent-tiering (P0) and give it the 128 KB / monitoring-fee trap as the tested poi,B4.3 P1 新卡
aws-d4-backup-strategies-cost,concept,D4,4.1,AWS Backup,Backup strategies,Backup strategies and what each one costs,"Snapshots (EBS, RDS, Aurora) are incremental and billed per changed GB; AWS Backup centralizes schedule + retention + cross-Region/account copy and can move recovery points to a cold tier (min 90-day retention, cold tier only after 8 days warm, ~1/5 price). S3 versioning + replication is a backup for objects; Object Lock/vault lock make it immutable. The cost rule: retention length x change rate drives spend, so set lifecycle-to-cold and expiry rather than keeping every recovery point forever.",,,2,P1,exists,aws-ebs-snapshot-cross-region-copy-and-dlm,"Live card covers EBS snapshot + DLM + cross-Region copy; missing AWS Backup cold tier economics (8-day warm minimum, 90-day cold minimum) and RDS/S3 backup angles - consider a second card or extend.",—
aws-d4-block-storage-hdd-ssd-options,concept,D4,4.1,Amazon EBS,Block storage options (HDD vs SSD volume types),"EBS volume types by cost: gp3, io2, st1, sc1","SSD: gp3 (~$0.08/GB, 3,000 IOPS + 125 MiB/s baseline included, ~20% cheaper than gp2), io2 Block Express for sustained >16,000 IOPS or sub-ms latency (pay per provisioned IOPS). HDD: st1 (~$0.045/GB, throughput-optimized, big sequential reads like logs/EMR) and sc1 (~$0.015/GB, cold, infrequently scanned). HDD volumes cannot be boot volumes and cap at 500/250 IOPS; if the workload is random-I/O, HDD is the wrong cheap answer.",,,2,P1,exists,aws-ebs-volume-types,"Live card covers gp3/io2/st1 selection; sc1 and the 'HDD cannot be a boot volume' trap are only implied. | absorbs aws-d4-pat-ebs-hdd-volumes-st1-sc1: P2; the concept already lists st1/sc1 prices, 500/250 IOPS cap and the no-boot-v",—
aws-d4-cost-features-storage-tags-billing,concept,D4,4.1,AWS Cost Management,Cost management service features (storage angle),Cost allocation tags and consolidated billing applied to storage spend,"Tag buckets/volumes/file systems with activated cost allocation tags so Cost Explorer and CUR split storage spend per team; consolidated billing pools S3 usage across accounts so the whole organization reaches lower per-GB tiers, and S3 Storage Lens plus CUR line items (storage class, request type) show which class is driving the bill. Tags are not retroactive and must be activated in the payer account.",,,1,P1,new,,"overlaps aws-d4-pat-cost-allocation-tags: write it from a different angle/scenario (Four per-task 'cost management features' concept cards (storage, compu)",B4.5 P1 新卡
aws-d4-cost-tools-storage-angle,concept,D4,4.1,AWS Cost Management,Cost management tools (storage angle),Which cost tool answers a storage cost question,"Cost Explorer filtered by service=S3 and usage type (TimedStorage-*, Requests-Tier1) shows which class and operation cost the most; Budgets fires on forecasted S3 or EBS spend; CUR is the only place with per-object-class hourly line items for a warehouse; S3 Storage Lens (not a cost tool) shows object counts and incomplete multipart bytes. Pick Cost Explorer for a chart, Budgets for an alert, CUR for raw rows.",,,1,P1,exists,aws-cost-explorer-budgets-cur,Live card is the generic Cost Explorer vs Budgets vs CUR split; verify the Cost Explorer forecast horizon it states (18 months) against current docs (12 months) before reuse. | overlaps aws-svc-cost-explorer: write it from a different angle/scenario (Four 'cost tools by domain' concepts each restate Cost Explorer for ch),—
aws-d4-data-lifecycles,concept,D4,4.1,Amazon S3,Data lifecycles,"Data lifecycle: transition, expiration and minimum-duration rules","A lifecycle is transition (to a cheaper class) + expiration (delete) + cleanup (noncurrent versions, delete markers, incomplete multipart uploads). Minimum storage durations: Standard-IA/One Zone-IA 30 days, Glacier IR 90, Glacier Flexible 90, Deep Archive 180 - deleting or transitioning earlier is still billed for the minimum. Transitions to IA classes also require 30 days in Standard first when chained in one rule, and objects under 128 KB are not transitioned to IA classes.",,,2,P1,exists,aws-s3-lifecycle-rules-minimums,Live card is exactly the chained-minimum trap; the 128 KB IA floor and noncurrent-version actions could be added in one sentence.,—
aws-d4-hybrid-storage-options,concept,D4,4.1,AWS Storage Gateway,"Hybrid storage options (DataSync, Transfer Family, Storage Gateway)","Hybrid storage: which service for cache, sync, or protocol endpoint","Storage Gateway = keep an on-prem NFS/SMB/iSCSI/VTL interface with S3 behind it (ongoing hybrid access, local cache); DataSync = scheduled or one-off bulk copy on-prem <-> S3/EFS/FSx at ~$0.0125/GB with an agent; Transfer Family = managed SFTP/FTPS/FTP/AS2 endpoint for external partners (~$0.30/hr per protocol, so never for an internal one-time migration). Rule: continuous local access -> Gateway; move/sync data -> DataSync; partners with their own SFTP clients -> Transfer Family.",,,2,P1,new,,overlaps aws-data-transfer-services-choice: write it from a different angle/scenario (Same four-way decision; its per-GB and per-hour prices are already in ),B4.5 P1 新卡
aws-d4-s3-access-options-who-pays,concept,D4,4.1,Amazon S3,Access options (Requester Pays),S3 access options and who pays for reads,"Storage is always billed to the bucket owner; request and transfer-out charges move to the caller only with Requester Pays (authenticated callers, x-amz-request-payer header). Public/presigned access bills the owner; CloudFront in front turns per-GB internet egress into CloudFront pricing with free S3-to-CloudFront transfer; cross-account VPC endpoint access still bills the owner for requests.",,,2,P1,partial,aws-s3-requester-pays-and-data-transfer,"Live card covers Requester Pays mechanics only; the concept card must contrast the four access paths (owner-pays public, presigned, CloudFront, Requester Pays) as one decision table. | absorbs aws-d4-pat-s3-requester-pays: P2 and status exists; the concept is the four-path decision table that contains",B3 修补 partial 卡（补角度/补 usage/改难度）
aws-d4-storage-access-patterns,concept,D4,4.1,Amazon S3,Storage access patterns,Match the access pattern to the storage class and its hidden fees,"Frequent, unpredictable, or small-object (<128 KB) access -> S3 Standard or Intelligent-Tiering; infrequent but millisecond retrieval -> Standard-IA (or One Zone-IA when data is re-creatable and 99.5% availability is fine); rarely read, minutes-to-hours OK -> Glacier classes. IA classes charge per-GB retrieval ($0.01/GB) and per-request premiums, so data read monthly costs more in IA than in Standard; that break-even (roughly one full read per month) is the exam trap.",,,2,P0,partial,aws-s3-durability-availability,Live card (mapped to another domain) explains One Zone-IA availability trade; the retrieval-fee break-even and 128 KB floor are not taught anywhere.,B3 修补 partial 卡（补角度/补 usage/改难度）
aws-d4-storage-services-use-cases,concept,D4,4.1,Amazon S3,AWS storage services with appropriate use cases,Cheapest storage service per access pattern: S3 vs EBS vs EFS vs FSx,"Decision order for cost: object data read over HTTP -> S3 (cheapest per GB, no compute attached); single-instance block with random writes -> EBS; POSIX shared across instances/AZs -> EFS (pay per GB used, no provisioning); Windows SMB/AD, Lustre HPC, ONTAP/ZFS features -> FSx. Trap: EFS per-GB is ~3x S3 and ~3x EBS gp3, so it wins only when shared multi-instance access is a hard requirement.",,,2,P0,new,,"overlaps aws-storage-services-use-case-matrix: write it from a different angle/scenario (S3 vs EFS vs EBS vs FSx by access pattern is written twice (D3 P0, D4 )",B2.5 P0 新卡
aws-d4-storage-tiering-cold-object,concept,D4,4.1,Amazon S3,Storage tiering (cold tiering for object storage),S3 storage class ladder and when to automate it,"Ladder: Standard -> Standard-IA (30-day min, $0.0125/GB) -> Glacier Instant Retrieval (90-day min, ms access) -> Glacier Flexible (90-day, minutes-hours, free bulk) -> Deep Archive (180-day, 12-48 h, ~$0.00099/GB). Use lifecycle rules when the age-based pattern is known; use Intelligent-Tiering when it is unknown, accepting a per-object monitoring fee ($0.0025/1,000) in exchange for no retrieval fees.",,,1,P1,exists,aws-s3-storage-classes,Live card covers the ladder plus lifecycle vs Intelligent-Tiering choice; Glacier Instant Retrieval is not named.,—
aws-d4-storage-types-object-file-block,concept,D4,4.1,Amazon S3,"Storage types with associated characteristics (object, file, block)",Object vs file vs block: characteristics that drive price,"Block (EBS): attached to one instance, random read/write at byte level, billed for provisioned GB whether used or not. File (EFS/FSx): shared POSIX/SMB namespace, billed per GB used (EFS) or provisioned (FSx). Object (S3): whole-object PUT/GET over HTTP, no in-place edits, unlimited size, cheapest per GB with request fees. The cost pattern: whenever an app only ever writes whole files and reads them back, moving from EBS/EFS to S3 is the largest saving.",,,1,P1,new,,overlaps aws-storage-types-object-file-block: write it from a different angle/scenario (Third copy of object/file/block; its only new line is 'whole-file writ),B4.5 P1 新卡
aws-d4-pat-backup-vs-archive-selection,pattern,D4,4.1,AWS Backup,Backup and archival solution selection,Backup (restorable) vs archive (retained): pick the cheaper fit,"Backup = frequent recovery points with short retention -> AWS Backup / snapshots with lifecycle to cold storage; archive = rarely accessed, long retention -> S3 Glacier Deep Archive with Object Lock / Vault Lock. Tape retirement -> Tape Gateway to Glacier. Trap: keeping full daily snapshots for 7 years instead of moving to Deep Archive.",,,2,P1,partial,aws-backup-service,Live card (another domain) covers AWS Backup features; the backup-vs-archive cost decision is new.,B3 修补 partial 卡（补角度/补 usage/改难度）
aws-d4-pat-consolidated-billing,pattern,D4,4.1,AWS Organizations,Multi-account billing (consolidated billing),"Consolidated billing: one payer, pooled tiers and shared discounts","Organizations provides one bill, pooled usage for volume tiers (S3, data transfer), and RI/Savings Plans discount sharing across member accounts (can be disabled per account); consolidated billing is free and does not itself restrict spend (use Budgets actions/SCPs).",,,1,P1,partial,aws-organizations-scp,Live card (another domain) covers SCPs; consolidated billing benefits are not taught anywhere.,B3 修补 partial 卡（补角度/补 usage/改难度）
aws-d4-pat-cost-allocation-tags,pattern,D4,4.1,AWS Cost Management,Cost allocation tags,Cost allocation tags: activation and limits,User-defined tags become billing dimensions only after activation in the Billing console of the payer account; AWS-generated tags (aws:createdBy) are activated separately; activation takes up to 24 h and is not retroactive. Use Tag Policies/SCPs to enforce tagging; untagged spend shows as a 'no tag' bucket.,,,1,P1,new,,,B4.6 P1 新卡
aws-d4-pat-ebs-ssd-gp3-vs-gp2-io2,pattern,D4,4.1,Amazon EBS,"SSD volume types (gp3, gp2, io1/io2)",gp2 to gp3 migration and io2 only when needed,"gp3 is ~20% cheaper than gp2 with 3,000 IOPS/125 MiB/s baseline decoupled from size; migrate online via Elastic Volumes. io2 Block Express for >16,000 IOPS or 99.999% durability; provisioned IOPS are the cost. Delete unattached volumes; archive old snapshots (90-day min).",,,2,P1,exists,aws-ebs-gp3-vs-gp2-and-snapshot-archive,Good.,—
aws-d4-pat-efs-ia-archive-lifecycle,pattern,D4,4.1,Amazon EFS,EFS storage classes and lifecycle,EFS Standard vs IA vs Archive and One Zone,Lifecycle policies move files to IA (after 30 days default) and Archive (90 days) at ~1/10 the price with per-GB access fees; One Zone file systems cost ~47% less but lose AZ resilience; Elastic throughput avoids paying for provisioned MiB/s. Trap: frequently re-read files in IA cost more than Standard.,,,1,P1,exists,aws-efs-ia-and-lifecycle,Good.,—
aws-d4-pat-online-vs-offline-transfer-decision,pattern,D4,4.1,AWS DataSync,Data migration service selection (online vs offline),Transfer-time formula: DataSync/DX vs Snow,"Days = TB x 8 / (Gbps x 0.8 x 86,400/1,000). If the estimate exceeds about a week or the link is shared/unreliable, ship Snowball Edge (210 TB per device); otherwise DataSync over internet/DX. Ingress into S3 is free either way; DX pays port hours, DataSync pays per GB, Snowball pays per job + days.",,,2,P1,partial,aws-snow-family-selection,Live card (Snow service unit) has the formula worked once; the generic decision card with cost per path is new.,B3 修补 partial 卡（补角度/补 usage/改难度）
aws-d4-pat-s3-batch-vs-individual-uploads,pattern,D4,4.1,Amazon S3,Batch uploads vs individual uploads,Request pricing: aggregate small objects,"PUT/COPY/POST/LIST cost ~$0.005 per 1,000 and GET ~$0.0004 per 1,000, so millions of tiny objects cost more in requests than storage; batch/aggregate (Kinesis Data Firehose buffering, tar/parquet files, multipart for large objects) and use S3 Batch Operations for bulk actions. Small objects also miss IA/Glacier savings (128 KB floor, 40 KB overhead).",,,2,P1,partial,aws-s3-performance-prefixes-multipart,Live card (another domain) covers multipart for performance; request-cost aggregation is new.,B3 修补 partial 卡（补角度/补 usage/改难度）
aws-d4-pat-s3-intelligent-tiering,pattern,D4,4.1,Amazon S3,Cold tiering: S3 Intelligent-Tiering,Intelligent-Tiering: automatic tiering without retrieval fees,"Moves objects Frequent -> Infrequent (30 days unaccessed) -> Archive Instant (90 days) automatically, with optional opt-in Archive (90+) and Deep Archive (180+) tiers; charges $0.0025 per 1,000 objects monitored, no retrieval fees, no minimum duration; objects <128 KB stay in Frequent at Frequent price. Use for unknown or changing access; not for tiny objects.",,,1,P0,new,,,B2.5 P0 新卡
aws-d4-pat-storage-auto-scaling,pattern,D4,4.1,Amazon RDS,Storage auto scaling,When storage scales itself and when you must size it,S3 and EFS have no size to plan; RDS Storage Autoscaling grows storage when free space <10% for 5 min up to a max threshold (no shrink); EBS Elastic Volumes grow online but never shrink and gp3 IOPS/throughput scale independently; DynamoDB storage is unlimited. Rule: enable RDS autoscaling with a ceiling instead of over-provisioning; snapshot-and-recreate to shrink.,,,1,P1,new,,,B4.6 P1 新卡
aws-d4-availability-by-workload-class-mcq-18,mcq,D4,4.2,Amazon EC2,Determining the required availability for different classes of workloads,Dev/test environment used 09:00-18:00 weekdays: cheapest design,"Single-AZ, On-Demand or Spot, stopped outside hours by a scheduler (Instance Scheduler/EventBridge), RDS stopped or Aurora Serverless v2; production keeps Multi-AZ with commitments.",least-cost,Multi-AZ with RIs for dev violates least-cost (paying for availability not needed); 3-year RIs for a 45-hour week violate utilization; leaving it running violates least-cost; Spot for the production tier violates the availability class.,2,P1,new,,,B4.4 P1 新卡
aws-d4-compute-mixed-workload-choose-two-mcq-14,mcq,D4,4.2,Amazon EC2,Determining cost-effective AWS compute services with appropriate use cases,Steady web tier plus fault-tolerant nightly batch: choose two,Compute Savings Plan (or RIs) for the steady tier and Spot Instances (or Fargate Spot) for the batch; the two plausible sets differ on whether Spot is allowed for the web tier.,choose-two,Spot for the web tier violates availability constraint; On-Demand for the batch violates least-cost; Dedicated Hosts wrong feature (licensing); 3-year EC2 Instance SP on the batch violates flexibility (batch could move families).,3,P0,new,,"spec note: Pin the answers (Compute Savings Plan for the steady tier, Spot for the batch), mark partial with existing_uid aws-ec2-p",B2.4 P0 新卡
aws-d4-compute-service-choice-mcq-13,mcq,D4,4.2,AWS Lambda,Determining cost-effective AWS compute services with appropriate use cases,"Image-resize job, ~2,000 runs/day, 3 s each: cheapest compute",Lambda: sporadic short invocations cost cents; an EC2 instance or Fargate service idle 99% of the day violates least-cost.,least-cost,Always-on t3 EC2 violates least-cost (idle hours); Fargate service with 1 task violates least-cost (idle); EC2 Spot violates least-ops and still idles; AWS Batch right family wrong feature for 3-second jobs.,2,P0,new,,,B1 黄金五张（MCQ，跑通流程）
aws-d4-graviton-or-burstable-choice-mcq-21,mcq,D4,4.2,Amazon EC2,Selecting the appropriate instance family for a workload,Low-traffic Linux web servers with rare bursts: cheapest family,T4g (Graviton burstable) in standard mode; sustained load would need M7g; unlimited mode can surcharge.,least-cost,M-family violates least-cost for idle-heavy load; T3 unlimited under sustained load adds surcharge; C-family wrong ratio; Dedicated Instances violate least-cost with no licensing need.,2,P1,new,,,B4.4 P1 新卡
aws-d4-instance-family-selection-mcq-19,mcq,D4,4.2,Amazon EC2,Selecting the appropriate instance family for a workload,"In-memory analytics needs 512 GiB RAM, modest CPU","R (or X for the largest ratios) memory-optimized; a C or M instance with that RAM costs more per GiB, and a T cannot sustain the load.",least-cost,"M family violates least-cost per GiB; C family wrong ratio; T family violates sustained-load constraint; I family right family wrong feature (local NVMe, not RAM).",1,P1,new,,"spec note: Make it an overlay on aws-ec2-instance-families (partial) at d1, or replace with the R-vs-X-vs-u-class trade-off at very",B4.4 P1 新卡
aws-d4-instance-size-rightsizing-mcq-20,mcq,D4,4.2,AWS Compute Optimizer,Selecting the appropriate instance size for a workload,Fleet averages 8% CPU before a 3-year commitment,Use Compute Optimizer recommendations to downsize (and consider Graviton) before purchasing Savings Plans; buying commitments on the current size locks in waste.,least-cost,Buying Savings Plans first violates least-cost (locks oversized capacity); Trusted Advisor alone gives coarse idle checks not sizes; Spot ignores the sizing problem; larger instances with fewer nodes violates the utilization evidence.,2,P1,new,,,B4.4 P1 新卡
aws-d4-load-balancing-strategy-cost-mcq-15,mcq,D4,4.2,Elastic Load Balancing,Determining an appropriate load balancing strategy (ALB vs NLB vs GWLB),"Twelve HTTP microservices, one domain, fewest load balancers",One ALB with host/path-based routing to twelve target groups; NLB cannot route by path and GWLB is for appliances.,least-cost,One NLB violates the L7 routing requirement; twelve ALBs violate least-cost (hourly fee each); GWLB wrong service (inline appliances); Route 53 weighted records to instances violates health-check and TLS termination needs.,2,P1,new,,,B4.3 P1 新卡
aws-d4-scaling-method-hibernation-mcq-16,mcq,D4,4.2,Amazon EC2,"Determining appropriate scaling methods and strategies (horizontal vs vertical, hibernation)","Long in-memory warm-up, idle nights, must resume in seconds","Hibernate at night (no instance charge, RAM preserved) rather than stopping (loses RAM) or keeping running; horizontal scaling does not fix per-instance warm-up.",least-cost,Stop/start violates the fast-resume constraint (RAM lost); keep running violates least-cost; warm pool in Running state violates least-cost; vertical scale-down still bills hours and does not preserve state.,2,P1,new,,,B4.3 P1 新卡
aws-d4-scheduled-vs-predictive-scaling-mcq-17,mcq,D4,4.2,Amazon EC2 Auto Scaling,Determining appropriate scaling methods and strategies for elastic workloads,Load spikes every weekday 09:00 with slow instance boot,Predictive scaling (or scheduled scaling when the pattern is fixed) launches capacity before the spike so the group can run leaner otherwise; target tracking alone reacts too late.,least-cost,Target tracking only violates the boot-time constraint; running peak capacity 24x7 violates least-cost; vertical scaling violates elasticity; step scaling on CPU is superseded by predictive for a known daily pattern.,2,P1,new,,"overlaps aws-asg-predictable-daily-spike-mcq-05: write it from a different angle/scenario (Same 9 am spike, same answer (scheduled/predictive before target track)",B4.4 P1 新卡
aws-d4-compute-utilization-optimization,concept,D4,4.2,AWS Fargate,"Optimization of compute utilization (containers, serverless, microservices)","Raising utilization: containers, serverless, and when each is cheapest","Cost follows idle capacity. Containers on EC2 bin-pack many services on fewer hosts (cheapest at steady high utilization, you patch hosts); Fargate charges per task-second with no idle host (cheapest for spiky or small services); Lambda charges per request + GB-s (cheapest when invocations are sporadic and short, <15 min). Break-even rule of thumb: sustained >~60-70% utilization favours EC2/ECS-on-EC2 with a Savings Plan; bursty favours Fargate/Lambda.",,,2,P0,new,,,B2.5 P0 新卡
aws-d4-cost-features-compute-tags-sharing,concept,D4,4.2,AWS Cost Management,Cost management service features (compute angle),Tags and multi-account billing for compute: RI and SP sharing,"In an organization, RI and Savings Plans discounts are shared across all member accounts by default (payer can turn sharing off per account), which is why buying commitments centrally in the management account covers everyone. Cost allocation tags on EC2/ASG/Lambda let Cost Explorer show utilization per team; AWS-generated aws:createdBy tags help attribute untagged spend. Trap: sharing applies within one organization and one Region for zonal RIs.",,,2,P1,new,,,B4.5 P1 新卡
aws-d4-cost-tools-compute-angle,concept,D4,4.2,AWS Cost Management,Cost management tools (compute angle),Cost tools for compute: RI/SP recommendations and rightsizing,"Cost Explorer hosts Savings Plans/RI purchase recommendations (based on 7/30/60 days of On-Demand usage) and EC2 rightsizing recommendations; Budgets supports RI/SP utilization and coverage budgets (alert when a commitment sits under 80% used); Compute Optimizer gives per-instance family/size recommendations; CUR amortizes upfront RI/SP cost per hour for showback. Trusted Advisor cost checks (idle instances, low utilization) need Business/Enterprise support.",,,2,P1,new,,,B4.5 P1 新卡
aws-d4-distributed-compute-edge,concept,D4,4.2,Amazon CloudFront,Distributed compute strategies (edge processing),Edge processing as a cost lever,"Move small, request-shaped logic to the edge so origin compute and transfer shrink: CloudFront Functions (sub-ms, $0.10/M, header rewrites/redirects), Lambda@Edge (heavier logic, per-request + GB-s), and Snowball Edge / Outposts for processing where data is created so only results cross the WAN. Rule: if the work needs no origin data and runs per request, edge is cheaper than a fleet behind a load balancer; if it needs the database, it is not.",,,2,P2,new,,"overlaps aws-d4-pat-edge-functions-cost: write it from a different angle/scenario (Both P2, both 'CloudFront Functions $0.10/M sub-ms vs Lambda@Edge heav)",B5.3 P2 长尾
aws-d4-global-infra-region-pricing,concept,D4,4.2,Amazon EC2,"AWS global infrastructure (AZs, Regions)",Regions and AZs as cost variables,"Prices differ per Region (us-east-1 is typically cheapest; some Regions 20-50% more), inter-AZ traffic costs $0.01/GB each way, and inter-Region ~$0.02/GB, so keep chatty tiers in one AZ only when availability allows, and pick the Region by price plus data-residency and latency. Spot prices and capacity vary per AZ and instance pool, so diversifying AZs lowers Spot interruption and cost. Local Zones/Wavelength/Outposts cost more than the parent Region.",,,1,P2,partial,aws-multi-az-vs-multi-region,"Live card (another domain) covers resilience; the pricing dimension (Region price differences, per-AZ Spot pools) is new.",B3 修补 partial 卡（补角度/补 usage/改难度）
aws-d4-hybrid-compute-outposts-cost,concept,D4,4.2,AWS Outposts,Hybrid compute options (AWS Outposts),Outposts: when hybrid compute is the answer despite cost,"Outposts is a 3-year commitment for a rack or server priced upfront/monthly, so it is never the least-cost option; choose it only when data residency or single-digit-ms latency to on-prem systems makes the Region impossible. Cheaper alternatives to test first: Local Zones (metro latency), Wavelength (5G), Snowball Edge compute for disconnected sites, or a VPN/DX to the Region.",,,1,P2,partial,aws-outposts-local-zones-wavelength,Live card (Outposts service card) chooses by location; the cost/commitment framing is missing. | spec note: Drop; add 'Local Zones/Wavelength as cheaper alternatives to test first' as one line in aws-svc-outposts.,B3 修补 partial 卡（补角度/补 usage/改难度）
aws-d4-instance-types-families-sizes,concept,D4,4.2,Amazon EC2,"Instance types, families, and sizes","Instance family letters, generations and sizes as a cost decision","Family letter = resource ratio (C compute, R/X memory, M balanced, T burstable, I/D storage, G/P accelerated); the newest generation is usually cheaper per unit of performance; size doubles vCPU/RAM and price linearly, so two smaller instances cost the same as one larger and add resilience. Cost traps: paying for an R when the app is CPU-bound, running T instances in unlimited mode under sustained load (surcharge), and choosing an older generation because the AMI is old.",,,1,P1,partial,aws-ec2-instance-families,live card aws-ec2-instance-families is primarily mapped to aws-ec2-instance-type-selection; this angle still needs its own card,B3 修补 partial 卡（补角度/补 usage/改难度）
aws-d4-load-balancing-concepts-cost,concept,D4,4.2,Elastic Load Balancing,Load balancing concepts (ALB),Load balancer pricing and how to run fewer of them,"ALB/NLB bill per hour (~$0.0225) plus capacity units (LCU/NLCU) for new connections, active connections, processed bytes and rule evaluations; one ALB with host- and path-based rules can front many services instead of one per service. NLB is slightly cheaper per hour and needed for static IP/non-HTTP; GWLB adds a per-GB charge for inline appliances. Cross-zone load balancing is free on ALB and charged per GB on NLB when enabled.",,,2,P1,partial,aws-alb-vs-nlb,Live card (another domain) picks ALB vs NLB by protocol; pricing units and consolidation are new. | moved: The exam guide places 'appropriate load balancing strategy (ALB vs NLB vs GWLB)',B3 修补 partial 卡（补角度/补 usage/改难度）
aws-d4-purchasing-options,concept,D4,4.2,Amazon EC2,"AWS purchasing options (Spot, Reserved, Savings Plans)",On-Demand vs Reserved vs Savings Plans vs Spot decision rule,"Steady 24x7 baseline -> Savings Plans (flexible) or RIs (capacity reservation when zonal); interruptible/stateless -> Spot (up to 90% off, 2-minute notice); unpredictable or short-lived -> On-Demand; licence-bound -> Dedicated Hosts. Mix them: commit for the floor, Spot for burst, On-Demand for the rest. The trap options are Spot for a database or a single stateful server, and a 3-year RI for a workload that may change family or Region.",,,2,P1,exists,aws-ec2-purchase-options,Solid; could add the 'Savings Plans do not reserve capacity' line. | absorbs aws-d4-pat-tenancy-dedicated-hosts: P2 and status exists; the purchasing concept already has 'licence-bound → Dedica,—
aws-d4-scaling-strategies-cost,concept,D4,4.2,Amazon EC2 Auto Scaling,"Scaling strategies (auto scaling, hibernation)",Scaling strategies as cost controls,"Horizontal auto scaling with target tracking keeps capacity near demand; scheduled scaling removes capacity at known quiet times; predictive scaling pre-warms before daily peaks; min=0 or a stop schedule for non-prod removes idle hours entirely. Hibernation keeps RAM state on the encrypted EBS root and stops instance-hour billing (EBS still billed), giving fast resume without a warm pool. Warm pools in Stopped state cost only EBS. Vertical scaling needs a stop/start and cannot follow load automatically.",,,2,P1,partial,aws-asg-scaling-policies,"Live card (another domain) teaches target tracking/step/scheduled from an availability angle; the cost angle (min=0, stop schedules, hibernation, warm pool Stopped state) is new. | overlaps aws-d4-pat-scheduled-predictive-scaling-cost: write it from a different angle/scenario (The concept is the union of this pattern and aws-d4-pat-ec2-hibernatio)",B3 修补 partial 卡（补角度/补 usage/改难度）
aws-d4-pat-burstable-t-family-credits,pattern,D4,4.2,Amazon EC2,Burstable instances and CPU credits,"T family: cheap when idle, surcharge when sustained","T instances earn credits below baseline (e.g., t3.medium 20%) and spend them to burst; unlimited mode (default for T3) bills extra vCPU-hours when credits run out, so a sustained-load T3 can cost more than an M-class. Standard mode throttles instead. Rule: T for spiky/dev, M/C for sustained.",,,2,P1,partial,aws-ec2-instance-families,Live card describes credits; the unlimited-mode surcharge trap is new.,B3 修补 partial 卡（补角度/补 usage/改难度）
aws-d4-pat-ec2-hibernation,pattern,D4,4.2,Amazon EC2,EC2 hibernation,"Hibernation: stop billing, keep RAM state","Hibernate saves RAM to the encrypted EBS root and stops the instance: no instance-hour charge, EBS charged, resume in seconds with processes intact. Must be enabled at launch, root volume encrypted and large enough for RAM, RAM under 150 GB, max 60 days hibernated; supported On-Demand and Spot. Use for pre-warmed workers or long-init apps instead of a warm pool or keeping instances running.",,,2,P1,new,,,B4.6 P1 新卡
aws-d4-pat-edge-functions-cost,pattern,D4,4.2,Amazon CloudFront,"Edge processing (CloudFront Functions, Lambda@Edge)",CloudFront Functions vs Lambda@Edge by cost,"CloudFront Functions: viewer request/response only, sub-ms, $0.10 per million, no network/body access - use for redirects, header manipulation, URL rewrites, cache-key normalization. Lambda@Edge: all four events, up to 30 s at origin events, ~$0.60 per million + GB-s, can call origins/services. Pick the cheapest that can do the job; both remove work from the origin fleet.",,,2,P2,partial,aws-cloudfront-lambda-edge-vs-functions,Live card (another domain) chooses by capability; the price ratio is new.,B3 修补 partial 卡（补角度/补 usage/改难度）
aws-d4-pat-fargate-spot-capacity-providers,pattern,D4,4.2,AWS Fargate,Containers: Fargate Spot and capacity providers,Fargate Spot with a base of on-demand,"Capacity provider strategy: base N tasks on FARGATE, weight the rest on FARGATE_SPOT (up to 70% off, 2-minute SIGTERM); Compute Savings Plans cover Fargate on-demand; ECS-on-EC2 with managed scaling packs hosts for steady load. Fargate Spot is not backfilled with on-demand during shortages.",,,2,P1,exists,aws-fargate-spot-and-compute-savings-plans,Good.,—
aws-d4-pat-graviton-price-performance,pattern,D4,4.2,Amazon EC2,Graviton (arm64) price-performance,"Graviton across EC2, RDS, Lambda, Fargate","Graviton instances (m7g/c7g/r7g, RDS db.r7g, Lambda arm64, Fargate arm64) are ~20% cheaper with up to 40% better price-performance for compatible workloads (Linux, arm64 builds, managed engines). The cheapest change without redesign when the stack is open-source or managed; not for Windows or x86-only binaries.",,,1,P1,partial,aws-lambda-pricing-and-graviton,Live card covers Lambda arm64 only; EC2/RDS/Fargate Graviton is new.,B3 修补 partial 卡（补角度/补 usage/改难度）
aws-d4-pat-reserved-instances,pattern,D4,4.2,Amazon EC2,Reserved Instances,Standard vs Convertible vs zonal RIs,"Standard RI up to 72% (fixed family, modifiable AZ/size within family for Linux regional, sellable on RI Marketplace); Convertible up to 54% (exchangeable across family/OS/tenancy); regional RIs give size flexibility, zonal RIs reserve capacity in one AZ; payment all/partial/no upfront. RDS, ElastiCache, OpenSearch, Redshift and DynamoDB have their own reserved offerings. Choose RIs over Savings Plans only for capacity reservation or non-EC2 services.",,,2,P1,partial,aws-savings-plans-vs-reserved-instances,"Live card (Savings Plans service unit) mentions Standard vs Convertible; zonal capacity reservation, Marketplace resale and non-EC2 reservations are new.",B3 修补 partial 卡（补角度/补 usage/改难度）
aws-d4-pat-scheduled-predictive-scaling-cost,pattern,D4,4.2,Amazon EC2 Auto Scaling,"Auto scaling (scheduled, predictive, target tracking) for cost",Which scaling policy removes the most idle capacity,Target tracking follows real load; scheduled actions cut capacity at known off-hours (min 0 for non-prod); predictive scaling forecasts from 14 days of history to launch before daily peaks so you can drop the safety margin; scale-in protection and cooldowns prevent thrash. Instance Scheduler / EventBridge + SSM stop standalone instances.,,,2,P1,partial,aws-asg-scaling-policies,Live card (another domain) covers policy types for availability; the cost framing and non-prod stop schedules are new.,B3 修补 partial 卡（补角度/补 usage/改难度）
aws-d4-pat-serverless-pay-per-use,pattern,D4,4.2,AWS Lambda,Serverless computing (pay per use),Lambda billing and the two free cost cuts,Requests + GB-seconds (1 ms granularity); arm64/Graviton ~20% cheaper per GB-s; tuning memory can lower total cost for CPU-bound code; provisioned concurrency adds an hourly charge. Not cheapest for steady high-volume (>~1M invocations/hour) or >15-minute jobs.,,,1,P1,exists,aws-lambda-pricing-and-graviton,Good.,—
aws-d4-pat-spot-instances,pattern,D4,4.2,Amazon EC2,Spot Instances,Spot: diversify pools and handle the 2-minute notice,"Up to 90% off On-Demand, reclaimed with 2-minute notice; use mixed instances policy across families/AZs with price-capacity-optimized; checkpoint work to S3/SQS; never for stateful single instances. Spot cannot be covered by Savings Plans.",,,2,P1,exists,aws-spot-fleet-and-interruption-handling,Good.,—
aws-d4-db-backup-retention-cost-mcq-22,mcq,D4,4.3,Amazon RDS,Designing appropriate backup and retention policies (snapshot frequency),"RPO 5 minutes, keep 30 days, minimal cost",Automated backups with 30-day retention (PITR from 5-minute logs) inside the free allowance; hourly manual snapshots would bill and add nothing.,least-cost,"Hourly manual snapshots violate least-cost and are not needed for 5-minute RPO; AWS Backup hourly right service wrong feature (cost of stored recovery points); 35-day retention exceeds requirement; Multi-AZ standby is availability, not backup.",2,P1,new,,,B4.4 P1 新卡
aws-d4-db-engine-license-cost-mcq-23,mcq,D4,4.3,Amazon Aurora,Determining an appropriate database engine (MySQL vs PostgreSQL),Oracle licence renewal due; reduce cost with minimal app change,Migrate to Aurora PostgreSQL (or RDS PostgreSQL) with SCT + DMS; PostgreSQL is closest to Oracle features; license-included Oracle only defers the cost.,least-cost,RDS Oracle license-included violates least-cost; RDS Oracle BYOL requires the licence being dropped; Aurora MySQL plausible but more conversion effort than PostgreSQL for PL/SQL; DynamoDB violates least-change.,2,P1,new,,,B4.4 P1 新卡
aws-d4-db-migration-schema-data-mcq-27,mcq,D4,4.3,AWS DMS,Migrating database schemas and data to different locations and/or engines,SQL Server to Aurora MySQL with near-zero downtime,"SCT converts schema, DMS full load + CDC keeps source live until cutover; native backup/restore needs downtime and does not convert.",least-change,"Native backup/restore violates downtime constraint and engine change; DMS alone violates schema conversion need; MGN wrong service (server rehost); Snowball wrong service (offline bulk, no CDC).",2,P1,new,,,B4.4 P1 新卡
aws-d4-db-service-choose-two-mcq-25,mcq,D4,4.3,Amazon Aurora Serverless,Determining cost-effective AWS database services with appropriate use cases,Prod steady Postgres plus intermittent dev copies: choose two,Reserved DB instance (or Aurora provisioned with RI) for prod and Aurora Serverless v2 (or stop schedule) for dev; the plausible wrong set puts Serverless on the steady prod.,choose-two,Aurora Serverless v2 for steady prod violates least-cost; RIs for dev violate utilization; Multi-AZ for dev violates least-cost; DynamoDB violates the relational constraint.,3,P1,new,,,B4.4 P1 新卡
aws-d4-dynamodb-vs-rds-cost-mcq-24,mcq,D4,4.3,Amazon DynamoDB,"Determining cost-effective AWS database services (DynamoDB vs RDS, serverless)","Key-value lookups, traffic near zero most of the day",DynamoDB on-demand: zero idle cost; an RDS instance bills 24x7 and Aurora Serverless v2 still has a min ACU (unless paused).,least-cost,RDS db.t3.micro violates least-cost (idle hours) even though small; Aurora Serverless v2 min 0.5 ACU idle cost unless auto-pause configured; DynamoDB provisioned violates least-cost for spiky near-zero; ElastiCache wrong service (not durable primary).,2,P0,new,,,B2.4 P0 新卡
aws-d4-caching-strategies-cost,concept,D4,4.3,Amazon ElastiCache,Caching strategies,Caching to shrink the database bill,"A cache converts repeated reads into cheap memory hits so the database can be a smaller class or fewer replicas: ElastiCache/MemoryDB for relational, DAX for DynamoDB (cuts RCU consumption), CloudFront and API Gateway caching for HTTP responses. Choose lazy loading to cache only what is read (less memory) and write-through when staleness is unacceptable; set TTLs so the cache does not grow. Cache hit ratio is the metric; a cache in front of a write-heavy DB saves nothing.",,,2,P1,partial,aws-elasticache-lazy-loading-vs-write-through,"Live card (another domain) covers lazy vs write-through semantics; the cost framing (smaller DB class, DAX cutting RCUs, ElastiCache Serverless vs reserved nodes) is new. | overlaps aws-caching-strategies-layers: write it from a different angle/scenario (Same content as the D3 concept with a cost sentence prepended; the sen)",B3 修补 partial 卡（补角度/补 usage/改难度）
aws-d4-cost-features-database-tags,concept,D4,4.3,Amazon RDS,Cost management service features (database angle),"Attributing database spend: tags, reserved sharing, backup lines","Tag DB instances/clusters and tables so Cost Explorer splits instance-hours, storage, backup storage and I/O per application; reserved DB instances and DynamoDB reserved capacity are shared across the organization like EC2 RIs; RDS backup storage above the free 100%-of-provisioned allowance appears as a separate usage type and is the usual surprise line. Aurora I/O usage type shows whether I/O-Optimized would pay.",,,1,P2,new,,,B5.3 P2 长尾
aws-d4-cost-tools-database-angle,concept,D4,4.3,Amazon RDS,Cost management tools (database angle),"Cost tools for databases: RDS recommendations, Compute Optimizer, budgets","Cost Explorer offers RDS reserved-instance recommendations; Compute Optimizer now recommends RDS instance class and storage (gp2->gp3, io1->gp3); Trusted Advisor flags idle RDS instances (no connections for 7 days); Budgets can alert on RDS usage hours; CUR shows Aurora I/O request line items to justify I/O-Optimized. DynamoDB: Cost Explorer plus table-level CloudWatch ConsumedCapacity decide provisioned vs on-demand.",,,1,P2,new,,,B5.3 P2 长尾
aws-d4-data-retention-policies,concept,D4,4.3,Amazon DynamoDB,Data retention policies,Retention policies and what they delete for free,RDS automated backup retention is 0-35 days and backup storage is free up to the provisioned DB size; manual snapshots persist and bill until deleted. DynamoDB TTL deletes expired items at no write cost; PITR bills per GB-month. CloudWatch Logs retention defaults to never expire (set it). S3 expiration rules delete objects and noncurrent versions. Rule: every store needs an explicit retention setting or it bills forever.,,,2,P1,partial,aws-dynamodb-streams-and-ttl,Live card (another domain) covers TTL + streams; the cross-service retention table is new.,B3 修补 partial 卡（补角度/补 usage/改难度）
aws-d4-database-capacity-planning-units,concept,D4,4.3,Amazon DynamoDB,Database capacity planning (capacity units),"Capacity units: RCU/WCU, ACU and how to plan them","1 RCU = one strongly consistent 4 KB read/s (eventually consistent = half); 1 WCU = one 1 KB write/s; transactional doubles both. Provisioned + auto scaling is cheapest for steady traffic (and reserved capacity cuts it further); on-demand costs ~5-7x per request but nothing when idle and never throttles a spike. Aurora Serverless v2 plans in ACUs (2 GiB RAM each, 0.5 steps). Rule: predictable and >~14% average utilization of peak -> provisioned; spiky/unknown/new -> on-demand.",,,2,P1,partial,aws-dynamodb-capacity-and-keys,"Live card (another domain) picks on-demand for unknown traffic; the RCU/WCU arithmetic and the provisioned break-even are new. | overlaps aws-d4-pat-dynamodb-capacity-modes-reserved: write it from a different angle/scenario (Same RCU/WCU, same provisioned-vs-on-demand break-even; the ACU senten)",B3 修补 partial 卡（补角度/补 usage/改难度）
aws-d4-database-connections-proxies,concept,D4,4.3,Amazon RDS Proxy,Database connections and proxies,Connection pooling: when RDS Proxy pays for itself,"RDS Proxy pools and multiplexes connections so hundreds of Lambda/short-lived clients do not force a bigger DB class just for connection memory; it is billed per vCPU-hour of the target DB (min 2 vCPUs), so it pays when the alternative is scaling the instance up. It also shortens failover and supports IAM auth/Secrets Manager. Not needed for a small, long-lived application pool; Aurora Data API is the alternative for HTTP-only serverless access.",,,2,P1,partial,aws-rds-proxy,"Live card (another domain) covers the too-many-connections fix; the pricing and when-not-needed angle is new. | overlaps aws-rds-proxy-pattern: write it from a different angle/scenario (Same as above; keep only 'billed per vCPU-hour of the target DB, min 2)",B3 修补 partial 卡（补角度/补 usage/改难度）
aws-d4-database-engines-migration-types,concept,D4,4.3,AWS DMS,Database engines with appropriate use cases (homogeneous vs heterogeneous migrations),Engine choice and migration type: license cost is the lever,"Homogeneous (Oracle->Oracle, MySQL->MySQL/Aurora MySQL) uses DMS alone or native dump/replication; heterogeneous (Oracle/SQL Server->PostgreSQL/Aurora) needs SCT (free) for schema plus DMS for data with CDC. The cost driver is licensing: RDS license-included Oracle/SQL Server costs several times MySQL/PostgreSQL, and BYOL only helps if the licence already exists. Exam rule: 'reduce licensing cost' = heterogeneous migration to an open-source engine.",,,2,P1,partial,aws-dms-and-sct,Live card (assigned to the DMS service unit) explains SCT+DMS; the licence-cost decision and homogeneous-only path are new. | absorbs aws-d4-pat-homogeneous-vs-heterogeneous-mig: Identical within D4 4.3; the pattern's only extra is DMS Serverless which aws-sv,B3 修补 partial 卡（补角度/补 usage/改难度）
aws-d4-database-replication-read-replicas-cost,concept,D4,4.3,Amazon RDS,Database replication (read replicas),Read replicas as the cheaper alternative to scaling up,"Read replicas add read capacity at the price of another instance (can be a smaller class) rather than a larger primary, and Aurora replicas can auto-scale by CPU/connections; cross-Region replicas add inter-Region transfer and a second storage copy. Multi-AZ standby costs the same as a replica but serves no reads (except Multi-AZ DB cluster readers). Trap: replicas do not help write-heavy workloads or reduce storage cost.",,,2,P1,partial,aws-rds-multi-az-vs-read-replica,"Live card (another domain) contrasts availability vs read scaling; the cost framing (smaller replica class, cross-Region transfer, Aurora replica auto scaling) is new. | overlaps aws-d4-pat-read-replica-vs-scale-up: write it from a different angle/scenario (Concept and pattern in 4.3 have identical must_teach (replica can be s)",B3 修补 partial 卡（补角度/补 usage/改难度）
aws-d4-database-types-relational-vs-nosql-cost,concept,D4,4.3,Amazon DynamoDB,"Database types and services (relational vs non-relational, Aurora, DynamoDB)",Relational vs non-relational: cost profiles,"RDS/Aurora bill instance-hours whether busy or not (plus storage, I/O, backup); DynamoDB bills per request and per GB with zero idle cost, so it wins for sporadic key-value access and loses for heavy relational scans/joins. Aurora storage grows and is billed per GB used (no pre-provisioning) and I/O-Optimized removes I/O charges when they exceed ~25% of spend. Choose by access pattern first, then apply the matching purchasing lever (reserved instance vs reserved capacity vs serverless).",,,2,P1,partial,aws-aurora-vs-dynamodb-choice,"Live card (another domain) decides by access pattern; the idle-cost profile and Aurora storage billing are new. | overlaps aws-d4-pat-relational-vs-nonrelational-cost: write it from a different angle/scenario (Concept and pattern in 4.3 both say RDS bills instance-hours idle, Dyn)",B3 修补 partial 卡（补角度/补 usage/改难度）
aws-d4-pat-aurora-io-optimized-and-licensing,pattern,D4,4.3,Amazon Aurora,"Engine choice cost: Aurora I/O-Optimized, license-included vs BYOL",Aurora Standard vs I/O-Optimized; commercial engine licensing,Aurora Standard bills per I/O request; I/O-Optimized costs ~30% more per instance/storage but no I/O charge - switch when I/O exceeds ~25% of Aurora spend (switch back after 30 days). RDS Oracle/SQL Server license-included costs several times MySQL/PostgreSQL; BYOL Oracle (Dedicated Host for SQL Server) only if licences exist; open-source engines remove the line entirely.,,,2,P1,new,,,B4.6 P1 新卡
aws-d4-pat-dynamodb-capacity-modes-reserved,pattern,D4,4.3,Amazon DynamoDB,Capacity units: DynamoDB on-demand vs provisioned vs reserved,Provisioned + auto scaling + reserved capacity for steady tables,"On-demand for new/spiky (pay per request, no throttle); provisioned with auto scaling (target 70% utilization) when traffic is steady; reserved capacity (1/3 year) on top of provisioned for the floor, up to ~50-75% off; switch modes once per 24 h. Standard-IA class for storage-heavy tables.",,,2,P1,partial,aws-dynamodb-capacity-and-keys,Live card (another domain) picks on-demand first; reserved capacity and the mode-switch limit are new. | absorbs aws-d4-pat-dynamodb-standard-ia-class: P2 and status exists; the capacity-modes pattern ends with 'Standard-IA class fo,B3 修补 partial 卡（补角度/补 usage/改难度）
aws-d4-pat-rds-backup-storage-billing,pattern,D4,4.3,Amazon RDS,Snapshot frequency and backup storage cost,"What RDS backups cost: free allowance, manual snapshots, PITR","Automated backups (daily snapshot + 5-minute logs) are free up to 100% of provisioned storage summed per Region; retention 0-35 days; manual snapshots bill per GB forever until deleted; cross-Region snapshot copies pay transfer + storage; snapshot export to S3 Parquet for cheap analysis. More snapshots do not multiply cost (incremental), longer retention does.",,,2,P1,partial,aws-rds-backups-snapshots-pitr,Live card (another domain) covers PITR mechanics; the billing allowance and export are new.,B3 修补 partial 卡（补角度/补 usage/改难度）
aws-d4-pat-rds-reserved-and-stop-nonprod,pattern,D4,4.3,Amazon RDS,Reserved DB instances and stopping non-prod,"Reserved for prod, stop/schedule for dev","Reserved DB instances discount instance hours (not storage/backup); stop dev instances (storage still billed, auto-restart after 7 days; Multi-AZ SQL Server and read-replica sources cannot be stopped); Aurora Serverless v2 for intermittent dev.",,,1,P1,exists,aws-rds-reserved-and-stop-start,Good.,—
aws-d4-pat-read-replica-vs-scale-up,pattern,D4,4.3,Amazon RDS,Read replicas,Replica instead of a bigger primary; Aurora replica auto scaling,"For read-heavy load add a replica (RDS up to 15, Aurora up to 15 with auto scaling on CPU/connections) rather than scaling the primary; replicas can be a smaller class; promote for DR. Cross-Region replicas pay inter-Region transfer. Writes still need a bigger primary or sharding.",,,2,P1,partial,aws-rds-multi-az-vs-read-replica,Live card (another domain) covers availability vs reads; cost angle new.,B3 修补 partial 卡（补角度/补 usage/改难度）
aws-d4-pat-relational-vs-nonrelational-cost,pattern,D4,4.3,Amazon DynamoDB,Relational vs non-relational (DynamoDB vs RDS),Zero-idle DynamoDB vs instance-hour RDS,"DynamoDB: no idle cost, per-request pricing, storage $0.25/GB, scales to zero; RDS: instance hours 24x7, storage provisioned, backups. For a low-traffic or spiky key-value workload DynamoDB on-demand is cheaper; for complex joins/transactions across many tables RDS/Aurora is cheaper than emulating relations in DynamoDB.",,,2,P1,partial,aws-aurora-vs-dynamodb-choice,Live card (another domain) decides by access pattern; the cost profile is new.,B3 修补 partial 卡（补角度/补 usage/改难度）
aws-d4-bandwidth-vpn-vs-dx-speed-mcq-34,mcq,D4,4.4,AWS Transit Gateway,"Selecting the appropriate bandwidth allocation (single vs multiple VPNs, DX speed)",Need ~4 Gbps hybrid throughput quickly and cheaply,Multiple Site-to-Site VPN connections to a Transit Gateway with ECMP (each tunnel 1.25 Gbps); DX 10 Gbps takes weeks and costs more; a single VPN cannot exceed one tunnel.,least-cost,Single VPN violates the 1.25 Gbps limit; VPN to a virtual private gateway cannot ECMP-aggregate; DX 10 Gbps dedicated violates least-cost and time-to-deploy; DX 500 Mbps hosted violates the bandwidth requirement.,3,P1,new,,,B4.4 P1 新卡
aws-d4-cdn-edge-caching-need-mcq-32,mcq,D4,4.4,Amazon CloudFront,Determining strategic needs for CDNs and edge caching,"Static site on S3 with global viewers, egress bill rising","CloudFront in front of S3 with OAC: origin-to-CloudFront transfer is free, edge caching cuts S3 requests and egress; use a price class to cap edge cost.",least-cost,"S3 Transfer Acceleration right service wrong feature (uploads); Global Accelerator violates least-cost (hourly + premium, no cache); Cross-Region Replication violates least-cost (duplicate storage, still egress); bigger S3 request rate is not a cost lever.",1,P1,new,,,B4.4 P1 新卡
aws-d4-nat-single-vs-per-az-mcq-28,mcq,D4,4.4,Amazon VPC,Configuring appropriate NAT gateway types (single shared vs per AZ),Three-AZ prod app egresses 20 TB/month via one NAT: fix,Deploy one NAT gateway per AZ with per-AZ route tables and add gateway endpoints for S3/DynamoDB; single NAT costs cross-AZ transfer and is a SPOF.,least-cost,Keeping single NAT violates availability and adds $0.01/GB cross-AZ; NAT instances violate least-ops at 20 TB; interface endpoint for S3 violates least-cost vs free gateway endpoint; Transit Gateway egress VPC is more change than asked for one VPC.,2,P0,new,,,B2.4 P0 新卡
aws-d4-network-connection-choice-mcq-29,mcq,D4,4.4,AWS Direct Connect,Configuring appropriate network connections (DX vs VPN vs internet),"100 TB/month steady replication to AWS, cost over 3 years",Direct Connect (hosted 1 Gbps + VPN backup): egress ~$0.02/GB beats $0.09 over VPN/internet by far more than the port fee.,least-cost,Site-to-Site VPN violates least-cost at 100 TB egress and the 1.25 Gbps cap; internet with TLS violates least-cost; Snowball monthly violates least-ops for recurring; DX 10 Gbps dedicated violates least-cost for the volume.,2,P1,new,,,B4.4 P1 新卡
aws-d4-network-review-optimizations-mcq-31,mcq,D4,4.4,Amazon VPC,Reviewing existing workloads for network optimizations,Cost review finds high NatGateway-Bytes and Elastic IP charges: choose two,Add VPC endpoints for the AWS services behind the NAT bytes and release unassociated Elastic IPs / move to private IPs; the plausible wrong set swaps NAT for a NAT instance.,choose-two,Replacing NAT gateway with NAT instance violates least-ops for a production fleet; enabling cross-zone LB unrelated; adding a second NAT in same AZ violates least-cost; CloudFront wrong service for egress from private compute.,3,P1,new,,spec note: Keep but make the second pick the public-IPv4 hourly charge (release unassociated EIPs) explicit and remove the NAT-inst,B4.4 P1 新卡
aws-d4-throttling-strategy-mcq-33,mcq,D4,4.4,Amazon API Gateway,Selecting an appropriate throttling strategy,Free-tier API customers driving Lambda cost; paid tiers must be unaffected,"API Gateway usage plans with API keys per tier (rate, burst, quota); WAF rate rules cannot distinguish tiers and reserved concurrency throttles everyone.",least-cost,Lambda reserved concurrency violates the paid-tier constraint (throttles all); WAF rate-based rule cannot distinguish customers; SQS buffer still bills every invocation; larger Lambda memory unrelated.,2,P1,new,,,B4.4 P1 新卡
aws-d4-transfer-cost-routes-mcq-30,mcq,D4,4.4,Amazon VPC,Configuring appropriate network routes to minimize transfer costs,"EC2 in private subnets reading S3 via NAT, plus app calling a peer VPC by public IP",Gateway endpoint for S3 removes NAT per-GB; switch peer traffic to private IPs over peering (same-AZ free) instead of public IPs billed as regional transfer.,least-cost,Interface endpoint for S3 violates least-cost vs gateway endpoint; NAT per AZ alone does not remove per-GB fee; Transit Gateway adds attachment + per-GB cost; Global Accelerator wrong service for intra-Region traffic.,2,P0,new,,,B2.4 P0 新卡
aws-d4-cost-features-network-tags,concept,D4,4.4,Amazon VPC,Cost management service features (network angle),"Finding network spend: tags on NAT/endpoints, data transfer usage types","NAT gateways, interface endpoints, load balancers and Transit Gateway attachments are taggable resources, but data transfer itself is attributed to the resource that sent it; Cost Explorer usage-type filters (DataTransfer-Regional-Bytes, DataTransfer-Out-Bytes, NatGateway-Bytes) expose the hidden lines. Consolidated billing aggregates data-transfer-out volume across accounts so the organization reaches the cheaper egress tiers sooner.",,,1,P2,new,,,B5.3 P2 长尾
aws-d4-cost-tools-network-angle,concept,D4,4.4,Amazon VPC,Cost management tools (network angle),"Cost tools for network: anomaly detection, Flow Logs, usage types",Cost Explorer grouped by usage type finds NAT processing and inter-AZ bytes; Cost Anomaly Detection alerts on sudden data-transfer spikes; Budgets can set a usage budget in GB on DataTransfer-Out; VPC Flow Logs (with Athena) identify which ENIs generate cross-AZ or NAT traffic; Trusted Advisor flags idle load balancers and unassociated Elastic IPs (each public IPv4 now bills $0.005/hr).,,,1,P2,new,,,B5.3 P2 长尾
aws-d4-nat-gateways-cost-model,concept,D4,4.4,Amazon VPC,NAT gateways (NAT instance vs NAT gateway costs),What a NAT gateway bills and how to cut it,"NAT gateway: ~$0.045/hour plus $0.045 per GB processed, per AZ deployed. The GB charge is the hidden cost; route S3/DynamoDB through free gateway endpoints and other AWS services through interface endpoints when volume is high. A NAT instance costs only its EC2 hours (cheap for tiny dev traffic) but you manage HA, bandwidth caps at the instance size and must disable source/destination checks.",,,2,P1,exists,aws-nat-gateway-cost-vs-vpc-endpoint,Live card covers the per-GB trap and gateway endpoints; NAT instance comparison and per-AZ hourly are only implied. | absorbs aws-d4-pat-nat-instance-vs-nat-gateway: The concept's must_teach already contains the whole NAT-instance comparison (EC2,—
aws-d4-network-connectivity-cost,concept,D4,4.4,AWS Direct Connect,"Network connectivity (private lines, dedicated lines, VPNs)",Internet vs VPN vs Direct Connect: the cost equation,"Internet: free ingress, ~$0.09/GB egress, no fixed fee. Site-to-Site VPN: $0.05/hour per connection (~$36/month) plus internet egress rates, 1.25 Gbps per tunnel. Direct Connect: port-hour fee by speed (dedicated 1/10/100/400 Gbps, hosted 50 Mbps-25 Gbps) plus reduced egress (~$0.02/GB), so it pays back when monthly egress is large or steady throughput matters. Rule: small and bursty -> VPN; multi-TB monthly egress or latency-sensitive -> DX (with VPN as backup).",,,2,P1,partial,aws-site-to-site-vpn-vs-direct-connect,"Live card (another domain) chooses by time-to-deploy and throughput; the pricing model and egress break-even are new. | overlaps aws-d4-pat-dx-vs-vpn-vs-internet-pricing: write it from a different angle/scenario (Identical in 4.4 (internet $0.09/GB, VPN $0.05/hour + egress, DX port )",B3 修补 partial 卡（补角度/补 usage/改难度）
aws-d4-network-routing-topology-peering-cost,concept,D4,4.4,AWS Transit Gateway,"Network routing, topology, and peering (Transit Gateway, VPC peering)",Peering vs Transit Gateway: pay for simplicity only when you need it,"VPC peering has no hourly fee and same-AZ traffic across a peering is free (cross-AZ/Region at standard transfer rates), but it is non-transitive and needs n(n-1)/2 links. Transit Gateway bills ~$0.05 per attachment-hour plus $0.02/GB processed, so for a handful of VPCs it is more expensive; it wins when there are many VPCs, on-prem attachments, or centralized egress/inspection. Route tables on TGW enable a single shared NAT/egress VPC that replaces one NAT per VPC.",,,2,P1,partial,aws-vpc-peering-vs-transit-gateway,"Live card (assigned to the Transit Gateway service unit) explains transitivity; the pricing comparison and centralized egress saving are new. | overlaps aws-d4-pat-vpc-peering-vs-tgw-pricing: write it from a different angle/scenario (Identical in 4.4 (peering no hourly fee, TGW ~$0.05/attachment-hour + )",B3 修补 partial 卡（补角度/补 usage/改难度）
aws-d4-network-services-dns-cost,concept,D4,4.4,Amazon Route 53,Network services with appropriate use cases (DNS),Route 53 and other network services: cost-aware use,"Route 53 bills $0.50 per hosted zone/month, $0.40 per million standard queries, but alias queries to AWS resources (ALB, CloudFront, S3) are free - prefer alias over CNAME; health checks bill per check; Resolver endpoints bill per ENI-hour ($0.125). CloudFront is the cheapest way to serve cached content worldwide; Global Accelerator adds a fixed hourly fee and is for non-HTTP or static IP needs. PrivateLink interface endpoints cost hourly per AZ, so share them centrally via TGW/Route 53 private zones.",,,1,P2,partial,aws-route53-alias-vs-cname,"Covers the zone-apex alias-vs-CNAME use case (alias to ALB/CloudFront/S3, no own TTL) which is the core 'Route 53 with appropriate use cases (DNS)' fact. Missing the D4 cost angle the spec wants: alias queries to AWS resources are free, hosted zone / query / health-check pricing, and the other network services (Global Accelerator, NAT) cost comparison.",B3 修补 partial 卡（补角度/补 usage/改难度）
aws-d4-pat-cloudfront-egress-savings,pattern,D4,4.4,Amazon CloudFront,CDN and edge caching for cost,CloudFront to cut origin egress and requests,Transfer from S3/ELB/EC2 into CloudFront is free; viewers pay CloudFront rates (1 TB/month free tier); price classes exclude expensive edges; Origin Shield and longer TTLs raise cache hit ratio; compression cuts bytes.,,,1,P1,exists,aws-cloudfront-cost-reduction,"Good. | absorbs aws-d4-pat-global-accelerator-cost: P2; 'GA has an hourly fee and no cache, never the cheaper CDN' is one contrastin",—
aws-d4-pat-data-transfer-routes,pattern,D4,4.4,Amazon VPC,"Region to Region, AZ to AZ, private to public transfer",Data transfer price table and the private-IP rule,In from internet free; out to internet $0.09/GB tiered; inter-AZ $0.01/GB each direction; inter-Region ~$0.02/GB; same-AZ over private IP free; using public/Elastic IPs inside a Region bills as regional transfer; public IPv4 addresses $0.005/hour each.,,,2,P1,exists,aws-data-transfer-costs-az-region,Good; add the public IPv4 hourly charge.,—
aws-d4-pat-dx-vs-vpn-vs-internet-pricing,pattern,D4,4.4,AWS Direct Connect,Direct Connect vs VPN vs internet pricing,DX port hours + cheap egress vs VPN hourly vs internet egress,"Internet egress ~$0.09/GB; VPN $0.05/hour per connection + internet egress; DX dedicated port hourly (1/10/100/400 Gbps) or hosted (50 Mbps-25 Gbps via partner) + ~$0.02/GB egress, ingress free everywhere. Break-even is a few TB/month; DX with VPN backup is the standard resilient-and-cheap pattern.",,,2,P1,partial,aws-site-to-site-vpn-vs-direct-connect,Live card (another domain) lacks pricing.,B3 修补 partial 卡（补角度/补 usage/改难度）
aws-d4-pat-nat-single-vs-per-az,pattern,D4,4.4,Amazon VPC,Single shared NAT gateway vs NAT gateway per AZ,Per-AZ NAT: pay hourly to avoid cross-AZ fees and a SPOF,"One NAT in one AZ makes other AZs pay $0.01/GB each way for cross-AZ traffic and loses egress if that AZ fails; one NAT per AZ multiplies the ~$32/month hourly fee but removes cross-AZ charges and the SPOF. Rule: non-prod/low traffic -> single; production Multi-AZ or heavy egress -> per AZ, and each private subnet routes to its own AZ NAT.",,,2,P0,new,,"absorbs aws-route-table-per-az-pattern: Both teach 'one private route table per AZ pointing at the local NAT, single NAT",B2.5 P0 新卡
aws-d4-pat-throttling-strategy,pattern,D4,4.4,Amazon API Gateway,Throttling strategy,Throttle at the edge to cap downstream spend,"API Gateway stage/method throttles and usage plans (per key rate/burst/quota) stop clients from driving Lambda/DB cost; WAF rate-based rules block abusive IPs before they are billed as requests; SQS between API and workers smooths bursts so compute scales for average not peak; Lambda reserved concurrency caps the maximum bill. Choose usage plans for paying customers, WAF for anonymous abuse, queues for cost smoothing.",,,2,P1,partial,aws-api-gateway-caching-and-throttling,"Live card (another domain) covers usage plans; WAF rate rules, queue smoothing and reserved concurrency as a cost cap are new.",B3 修补 partial 卡（补角度/补 usage/改难度）
aws-d4-pat-vpc-endpoints-cost,pattern,D4,4.4,Amazon VPC,VPC endpoints as data-transfer cost savers,Gateway endpoints free; interface endpoints hourly per AZ,"Gateway endpoints (S3, DynamoDB) cost nothing and remove NAT per-GB charges; interface endpoints (PrivateLink) cost ~$0.01/hour per AZ + $0.01/GB, cheaper than NAT ($0.045/GB) at volume but more expensive than NAT at near-zero traffic; centralize interface endpoints in a shared VPC via TGW + private hosted zones to avoid paying per VPC.",,,2,P1,partial,aws-nat-gateway-cost-vs-vpc-endpoint,Live card (NAT concept unit) covers gateway endpoints; interface endpoint pricing and centralization are new.,B3 修补 partial 卡（补角度/补 usage/改难度）
aws-d4-pat-vpc-peering-vs-tgw-pricing,pattern,D4,4.4,AWS Transit Gateway,VPC peering vs Transit Gateway pricing,When peering is the cheaper topology,"Peering: no hourly fee, same-AZ data free, cross-AZ $0.01/GB each way, inter-Region peering at inter-Region rates. TGW: ~$0.05/attachment-hour (~$36/month per VPC) + $0.02/GB. Few VPCs with heavy same-AZ traffic -> peering; many VPCs, hybrid, shared services or inspection -> TGW; TGW also enables one central NAT/egress VPC.",,,2,P1,partial,aws-vpc-peering-vs-transit-gateway,Live card (TGW service unit) is about transitivity; the numbers are new.,B3 修补 partial 卡（补角度/补 usage/改难度）
aws-d4-pat-vpn-bandwidth-ecmp-dx-speed,pattern,D4,4.4,AWS Site-to-Site VPN,"Bandwidth allocation: single vs multiple VPNs, Direct Connect speed",1.25 Gbps per tunnel; ECMP over TGW; DX speed ladder,"A Site-to-Site VPN tunnel caps at 1.25 Gbps; a virtual private gateway cannot aggregate, but Transit Gateway with ECMP spreads flows across multiple VPN connections (each ~$36/month) to multiply bandwidth cheaply. Beyond a few Gbps or for consistent latency use DX: hosted 50 Mbps-25 Gbps (cheapest entry), dedicated 1/10/100/400 Gbps, LAG to bundle ports. Trap: buying a 10 Gbps DX for 500 Mbps of bursty traffic.",,,3,P1,new,,,B4.6 P1 新卡
aws-svc-application-migration-service,service,D4,D4,AWS Application Migration Service,AWS Application Migration Service,MGN: lift-and-shift servers to EC2,"MGN replicates on-prem/other-cloud servers block-level into a low-cost staging area (t3.small replication servers + EBS) and launches cutover instances with minutes of downtime; the service itself is free for 90 days per server, you pay staging resources. Use for rehost at scale. Not for databases with engine change (DMS/SCT), not for file data (DataSync), not for refactoring.",,,1,P2,exists,aws-application-migration-service-mgn,"Good; add 'free for 90 days per server, pay staging' cost line.",—
aws-svc-aurora-serverless,service,D4,D4,Amazon Aurora Serverless,Amazon Aurora Serverless,Aurora Serverless v2: pay per ACU-second,"Aurora Serverless v2 scales an Aurora instance between min and max ACUs (0.5 ACU steps, can now pause to 0) in seconds and bills per ACU-second, so it is cheapest for dev/test, spiky, or multi-tenant workloads; it can be mixed with provisioned instances in one cluster. Not cheaper for a steady 24x7 load (provisioned + reserved wins) and v1 is deprecated. Trap: a min ACU set too low evicts the buffer pool.",,,2,P1,exists,aws-aurora-serverless-v2,Good; refresh for scale-to-zero (auto-pause) support.,—
aws-svc-budgets,service,D4,D4,AWS Budgets,AWS Budgets,"AWS Budgets: what it is, when to use it, when not","Budgets sets thresholds on cost, usage, RI/SP utilization or coverage and alerts (email/SNS/Chatbot) on actual or forecasted values; budget actions can apply an IAM/SCP policy or stop EC2/RDS. Data refreshes up to 3x/day, so it cannot stop a runaway in minutes. Not for analysis (Cost Explorer) or line items (CUR); first two action-enabled budgets free, then $0.10/day each.",,,1,P1,partial,aws-cost-explorer-budgets-cur,"Live card covers Budgets in one sentence; the service card needs budget types, actions and the refresh-latency limit.",B3 修补 partial 卡（补角度/补 usage/改难度）
aws-svc-compute-optimizer,service,D4,D4,AWS Compute Optimizer,AWS Compute Optimizer,Compute Optimizer: ML rightsizing recommendations,"Free service (opt in) that analyses 14 days of CloudWatch metrics (up to 93 days with paid enhanced infrastructure metrics) and recommends EC2 instance types, ASG configs, EBS volume types/IOPS, Lambda memory, ECS Fargate task sizes and RDS classes, with estimated savings and performance risk. Use before buying commitments. Not an alerting tool and blind to memory unless the CloudWatch agent publishes it.",,,1,P1,exists,aws-compute-optimizer-and-rightsizing,Good.,—
aws-svc-cost-and-usage-report,service,D4,D4,AWS Cost and Usage Report,AWS Cost and Usage Report,"CUR: the most granular billing data, delivered to S3","CUR (now Data Exports) delivers hourly/daily/monthly line items with resource IDs, tags, and amortized RI/SP costs to an S3 bucket for Athena, Redshift or QuickSight; it is the source when the exam says 'detailed', 'hourly granularity', 'own warehouse' or 'chargeback with amortization'. Not interactive and not an alerting tool; Cost Explorer for charts, Budgets for alerts.",,,1,P1,partial,aws-cost-explorer-budgets-cur,Live card names CUR; add Athena integration and amortization line items.,B3 修补 partial 卡（补角度/补 usage/改难度）
aws-svc-cost-explorer,service,D4,D4,AWS Cost Explorer,AWS Cost Explorer,"Cost Explorer: interactive analysis, forecasts and recommendations","Cost Explorer visualizes up to 13 months of spend, forecasts future spend, filters by service/account/tag/usage type, and hosts Savings Plans/RI purchase and rightsizing recommendations; hourly granularity is opt-in (paid). Use it to find what to optimize; it cannot enforce or alert (Budgets) and does not export line items (CUR). API calls cost $0.01 each.",,,1,P1,partial,aws-cost-explorer-budgets-cur,"Live card is the tool split; the service card should add recommendations and hourly granularity, and correct the forecast horizon if the 18-month figure is wrong.",B3 修补 partial 卡（补角度/补 usage/改难度）
aws-svc-datasync,service,D4,D4,AWS DataSync,AWS DataSync,DataSync: managed bulk transfer and sync,"Agent-based (or agentless between AWS services) transfer at ~$0.0125/GB with scheduling, bandwidth throttling, filters, checksums, and direct writes into any S3 class, EFS or FSx. Use for one-time migrations and recurring syncs over internet/VPN/DX. Not for partner-facing protocols (Transfer Family), not for continuous on-prem cache access (Storage Gateway), not when the link makes it slower than shipping a Snowball.",,,1,P1,exists,aws-datasync-vs-transfer-family,Good; add the per-GB price and Glacier-class direct write.,—
aws-svc-dms,service,D4,D4,AWS DMS,AWS DMS,DMS: database migration with minimal downtime,"DMS runs a replication instance (or DMS Serverless) that does full load plus change data capture between many engines, on-prem to AWS or AWS to AWS; SCT (free) converts schemas for heterogeneous moves. Billed per replication-instance hour plus storage; DMS Free offers 6 months free when migrating to Aurora/Redshift/DynamoDB/DocumentDB. Not for server migration (MGN) or file data (DataSync).",,,1,P1,exists,aws-dms-and-sct,Good; add DMS Serverless and pricing.,—
aws-svc-ebs,service,D4,D4,Amazon EBS,Amazon EBS,EBS: block storage for one instance,"Network block volumes (gp3 default) attached to one instance in one AZ (io2 Multi-Attach excepted), billed per provisioned GB and IOPS/throughput whether used or not, snapshotted incrementally to S3. Use for boot volumes, databases, anything needing random block I/O. Not for shared access across instances (EFS/FSx), object data (S3), or scratch data where instance store is free.",,,1,P1,exists,aws-ebs-vs-efs-vs-instance-store,Live card contrasts EBS/EFS/instance store; billing-for-provisioned and gp3 default could be added.,—
aws-svc-ec2-when-and-when-not,service,D4,D4,Amazon EC2,Amazon EC2,EC2: when a VM is the right (and cheapest) choice,"EC2 is the general-purpose VM billed per second (Linux, 60 s minimum) by instance type; choose it when you need OS control, long-running steady load (with Savings Plans), GPUs, licences (Dedicated Hosts) or lift-and-shift. When not: sporadic short tasks (Lambda), containers without host management (Fargate), managed database/queue/file services that replace self-hosting. Cost levers in order: rightsize, Graviton, purchasing option, schedule/stop, Spot.",,,1,P0,new,,,B2.4 P0 新卡
aws-svc-fsx-all-types,service,D4,D4,Amazon FSx,Amazon FSx (for all types),FSx flavours and their cost levers,"FSx for Windows (SMB, AD, SSD or cheaper HDD, dedup), FSx for Lustre (HPC/ML, scratch is cheaper than persistent, S3-linked), FSx for NetApp ONTAP (multi-protocol, capacity-pool tier for cold data, compression), FSx for OpenZFS. Billed per provisioned GB and throughput. Use when a specific file protocol or feature is required; not when EFS (Linux NFS, pay-per-use) or S3 suffices.",,,2,P1,exists,aws-fsx-windows-vs-lustre-vs-ontap,"Good; cost levers (HDD option, scratch vs persistent, capacity pool) belong in the pattern card. | absorbs aws-d4-pat-fsx-cost-levers: P2; the service card's gap note says the cost levers belong with it, and it alre",—
aws-svc-outposts,service,D4,D4,AWS Outposts,AWS Outposts,Outposts: AWS hardware in your data centre,"Outposts racks/servers run EC2, EBS, ECS/EKS, RDS, S3 on Outposts locally as an extension of a Region AZ, managed by AWS, ordered on a 3-year term. Use for data residency, sub-ms latency to on-prem equipment, or local processing with occasional connectivity. Not for cost saving or disconnected sites (needs a link to the parent Region; Snowball Edge for offline).",,,1,P2,exists,aws-outposts-local-zones-wavelength,Good; add the 3-year commitment and connectivity requirement.,—
aws-svc-s3-glacier,service,D4,D4,Amazon S3 Glacier,Amazon S3 Glacier,S3 Glacier classes: cold storage economics,"Three classes: Glacier Instant Retrieval (ms access, 90-day min, quarterly access), Glacier Flexible Retrieval (expedited 1-5 min, standard 3-5 h, bulk 5-12 h free; 90-day min), Deep Archive (12 h standard, 48 h bulk, 180-day min, cheapest ~$1/TB-month). Retrieval fees plus 40 KB metadata overhead per object make millions of tiny objects expensive. Not for data needed within seconds unless Instant Retrieval.",,,2,P1,exists,aws-s3-glacier-retrieval-tiers,Good; add Glacier Instant Retrieval (provisioned-capacity note already present).,—
aws-svc-s3-when-and-when-not,service,D4,D4,Amazon S3,Amazon S3,S3: when object storage is right and when it is not,"S3 stores unlimited whole objects with 11 nines durability, billed per GB by class plus requests and egress; it is the cheapest durable store and the default for static content, backups, logs, data lakes. Not for block/boot volumes, POSIX file semantics, in-place partial writes, or sub-ms transactional access. Cost levers: storage class, lifecycle, request batching, CloudFront for egress, endpoints for in-VPC access.",,,1,P0,new,,,B2.4 P0 新卡
aws-svc-savings-plans,service,D4,D4,Savings Plans,Savings Plans,Savings Plans: flexible commitment discounts,"Commit $/hour for 1 or 3 years: Compute SP (up to 66%, any Region/family/OS, EC2 + Fargate + Lambda), EC2 Instance SP (up to 72%, one family in one Region), SageMaker SP. Applied automatically to matching usage after RIs. When not: you need a capacity reservation (zonal RI or ODCR), the workload is Spot-suitable, or spend is unpredictable below the commitment (unused commitment is still billed).",,,2,P1,exists,aws-savings-plans-vs-reserved-instances,Good; note SPs never reserve capacity.,—
aws-svc-snow-family,service,D4,D4,AWS Snow Family,AWS Snow Family,Snow Family: offline transfer and edge compute,"Snowcone (8/14 TB, portable), Snowball Edge Storage Optimized (up to 210 TB) and Compute Optimized (GPU/compute at the edge); priced per job plus daily fees after the included days, with free data ingress into S3. Use when transfer time over the network exceeds ~a week or connectivity is poor; Snowmobile is discontinued. Not for ongoing sync (DataSync) or small datasets.",,,2,P1,exists,aws-snow-family-selection,Good; note Snowmobile retirement and per-job pricing.,—
aws-svc-storage-gateway,service,D4,D4,AWS Storage Gateway,AWS Storage Gateway,Storage Gateway: hybrid access to S3-backed storage,"S3 File Gateway (NFS/SMB shares as objects), Volume Gateway (iSCSI cached or stored, backed by EBS snapshots), Tape Gateway (VTL to S3/Glacier); billed per GB written plus storage, hardware appliance optional. Use for continued on-prem access with cloud-backed capacity or to retire tape. Not for one-off migration (DataSync) or partner SFTP (Transfer Family).",,,2,P1,exists,aws-storage-gateway-modes,Good.,—
aws-svc-transfer-family,service,D4,D4,AWS Transfer Family,AWS Transfer Family,Transfer Family: managed SFTP/FTPS/FTP/AS2 into S3 or EFS,"A fully managed protocol endpoint (identity via service-managed, AD, or custom Lambda IdP) that lands files in S3 or EFS; billed ~$0.30/hour per enabled protocol plus $0.04/GB, so ~$216/month idle. Use when external partners must keep their SFTP clients. Not for one-time internal migration (DataSync), not for high-volume bulk moves (Snow/DataSync).",,,1,P1,partial,aws-datasync-vs-transfer-family,"Live card is a DataSync-vs-Transfer contrast; the Transfer Family service card needs its pricing, identity providers and AS2/EFS targets.",B3 修补 partial 卡（补角度/补 usage/改难度）
aws-svc-transit-gateway,service,D4,D4,AWS Transit Gateway,AWS Transit Gateway,"Transit Gateway: regional hub for VPCs, VPN and DX","A hub that attaches VPCs, VPNs, DX gateways and peered TGWs with route tables for segmentation; billed per attachment-hour plus per GB processed; enables ECMP across VPN tunnels and centralized egress/inspection VPCs. Use for many VPCs or hybrid at scale. Not for two or three VPCs (peering is cheaper) and not transitive across Regions without TGW peering.",,,2,P1,exists,aws-vpc-peering-vs-transit-gateway,Good; add pricing units.,—
aws-svc-trusted-advisor,service,D4,D4,AWS Trusted Advisor,AWS Trusted Advisor,Trusted Advisor: best-practice checks incl. cost,"Checks across cost optimization, performance, security, fault tolerance, service quotas and operational excellence; cost checks (idle EC2/RDS/LB, underutilized EBS, unassociated EIPs, RI/SP optimization) require Business or Enterprise support. Use for account-wide hygiene findings; use Compute Optimizer for instance-level sizing and Cost Explorer for trends.",,,1,P1,exists,aws-trusted-advisor,Good.,—
